{
    "ocid": "ocds-f5kvwu-2018_WPTBC_6508_1",
    "id": 1,
    "date": "2024-11-28",
    "fiscalYear": "2017-2018",
    "mainProcurementCategory": "Works",
    "bidOpeningDate": "29-Mar-2018 03:00 PM",
    "tenderValueAmount": "49,87,000",
    "tender": [
        {
            "id": "2018_WPTBC_6508_1",
            "title": "Erosion protection work near Gormur Village Lakhimpur under Thengal Kachari Autonomous Council",
            "description": "Erosion protection work near Gormur Village Lakhimpur under Thengal Kachari Autonomous Council",
            "datePublished": "24-Mar-2018 09:00 AM",
            "contractType": "Item Rate",
            "procurementMethod": "Open Tender",
            "mainProcuremenCategory": "Works",
            "value": [
                {
                    "amount": "49,87,000",
                    "currency": "INR"
                }
            ],
            "bidOpeing": [
                {
                    "date": "29-Mar-2018 03:00 PM"
                }
            ]
        }
    ]
}