{
    "ocid": "ocds-f5kvwu-2020_ASPIR_17272_1",
    "id": 1,
    "date": "2024-11-28",
    "fiscalYear": "2020-2021",
    "mainProcurementCategory": "Services",
    "bidOpeningDate": "08-Jun-2020 02:30 PM",
    "tenderValueAmount": NaN,
    "tender": [
        {
            "id": "2020_ASPIR_17272_1",
            "title": "Selection of Implementation Agency",
            "description": "Selection of Implementation Agency",
            "datePublished": "20-Mar-2020 05:00 PM",
            "contractType": "Item Rate",
            "procurementMethod": "Limited",
            "mainProcuremenCategory": "Services",
            "value": [
                {
                    "amount": NaN,
                    "currency": "INR"
                }
            ],
            "bidOpeing": [
                {
                    "date": "08-Jun-2020 02:30 PM"
                }
            ]
        }
    ]
}