{
    "ocid": "ocds-f5kvwu-2021_KAAC_22132_1",
    "id": 1,
    "date": "2024-11-28",
    "fiscalYear": "2021-2022",
    "mainProcurementCategory": "Works",
    "bidOpeningDate": "27-Jul-2021 12:00 PM",
    "tenderValueAmount": "81,29,482",
    "tender": [
        {
            "id": "2021_KAAC_22132_1",
            "title": "Imp of road from No 1 Balijan at Bakulia Chariali to No 2 Balijan( Karbi Market) L 1.00 Km under Bakulia Roads Division under SOPD(Municipality)for the year 2020-21",
            "description": "Imp of road from No 1 Balijan at Bakulia Chariali to No 2 Balijan( Karbi Market) L 1.00 Km under Bakulia Roads Division under SOPD(Municipality)for the year 2020-21",
            "datePublished": "06-Jul-2021 02:00 PM",
            "contractType": "Item Rate",
            "procurementMethod": "Open Tender",
            "mainProcuremenCategory": "Works",
            "value": [
                {
                    "amount": "81,29,482",
                    "currency": "INR"
                }
            ],
            "bidOpeing": [
                {
                    "date": "27-Jul-2021 12:00 PM"
                }
            ]
        }
    ]
}