{
    "ocid": "ocds-f5kvwu-2021_TDEP_23090_1",
    "id": 1,
    "date": "2024-11-28",
    "fiscalYear": "2021-2022",
    "mainProcurementCategory": "Services",
    "bidOpeningDate": "23-Nov-2021 04:00 PM",
    "tenderValueAmount": "20,35,500",
    "tender": [
        {
            "id": "2021_TDEP_23090_1",
            "title": "Safeguard Monitoring Consultant (3rd Party Monitoring) at proposed development of terminal at Guwahati Gateway Ghat",
            "description": "Safeguard Monitoring Consultant (3rd Party Monitoring) at proposed development of terminal at Guwahati Gateway Ghat",
            "datePublished": "30-Sep-2021 05:00 PM",
            "contractType": "Lump-sum",
            "procurementMethod": "Open Tender",
            "mainProcuremenCategory": "Services",
            "value": [
                {
                    "amount": "20,35,500",
                    "currency": "INR"
                }
            ],
            "bidOpeing": [
                {
                    "date": "23-Nov-2021 04:00 PM"
                }
            ]
        }
    ]
}