{
    "ocid": "ocds-f5kvwu-2021_WPTBC_23595_4",
    "id": 1,
    "date": "2024-11-28",
    "fiscalYear": "2021-2022",
    "mainProcurementCategory": "Goods",
    "bidOpeningDate": "23-Dec-2021 11:00 AM",
    "tenderValueAmount": NaN,
    "tender": [
        {
            "id": "2021_WPTBC_23595_4",
            "title": "Procurement of Tarpaulin for Distribution among People affected by Flood and other Natural Calamities",
            "description": "Procurement of Tarpaulin for Distribution among People affected by Flood and other Natural Calamities",
            "datePublished": "08-Dec-2021 10:00 AM",
            "contractType": "Supply",
            "procurementMethod": "Open Tender",
            "mainProcuremenCategory": "Goods",
            "value": [
                {
                    "amount": NaN,
                    "currency": "INR"
                }
            ],
            "bidOpeing": [
                {
                    "date": "23-Dec-2021 11:00 AM"
                }
            ]
        }
    ]
}