{
    "ocid": "ocds-f5kvwu-2022_NHM_24528_2",
    "id": 1,
    "date": "2024-11-28",
    "fiscalYear": "2021-2022",
    "mainProcurementCategory": "Works",
    "bidOpeningDate": "17-Mar-2022 03:30 PM",
    "tenderValueAmount": "31,45,843",
    "tender": [
        {
            "id": "2022_NHM_24528_2",
            "title": "Reparning and renovation of 592 nos of SC to upgrade them as HNWC at various place of Assam Gr24, 5 nos SC in Golaghat district",
            "description": "Reparning and renovation of 592 nos of SC to upgrade them as HNWC at various place of Assam Gr24, 5 nos SC in Golaghat district",
            "datePublished": "04-Mar-2022 09:00 AM",
            "contractType": "Item Wise",
            "procurementMethod": "Open Tender",
            "mainProcuremenCategory": "Works",
            "value": [
                {
                    "amount": "31,45,843",
                    "currency": "INR"
                }
            ],
            "bidOpeing": [
                {
                    "date": "17-Mar-2022 03:30 PM"
                }
            ]
        }
    ]
}