{
    "ocid": "ocds-f5kvwu-2022_PWD_27924_78",
    "id": 1,
    "date": "2024-11-28",
    "fiscalYear": "2022-2023",
    "mainProcurementCategory": "Works",
    "bidOpeningDate": "21-Dec-2022 02:00 PM",
    "tenderValueAmount": "1,52,18,000",
    "tender": [
        {
            "id": "2022_PWD_27924_78",
            "title": "Maint/MMPPNA/24",
            "description": "Maint/MMPPNA/24",
            "datePublished": "01-Dec-2022 10:00 AM",
            "contractType": "Item Rate",
            "procurementMethod": "Open Tender",
            "mainProcuremenCategory": "Works",
            "value": [
                {
                    "amount": "1,52,18,000",
                    "currency": "INR"
                }
            ],
            "bidOpeing": [
                {
                    "date": "21-Dec-2022 02:00 PM"
                }
            ]
        }
    ]
}