{
    "ocid": "ocds-f5kvwu-2022_DHTS_27955_1",
    "id": 1,
    "date": "2024-11-28",
    "fiscalYear": "2022-2023",
    "mainProcurementCategory": "Services",
    "bidOpeningDate": "21-Dec-2022 03:00 PM",
    "tenderValueAmount": NaN,
    "tender": [
        {
            "id": "2022_DHTS_27955_1",
            "title": "ENGAGEMENT OF SERVICE PROVIDER for implementation of activities under the scheme SWANIRBHAR NAARI",
            "description": "ENGAGEMENT OF SERVICE PROVIDER for implementation of activities under the scheme SWANIRBHAR NAARI",
            "datePublished": "29-Nov-2022 04:15 PM",
            "contractType": "Item Rate",
            "procurementMethod": "Open Tender",
            "mainProcuremenCategory": "Services",
            "value": [
                {
                    "amount": NaN,
                    "currency": "INR"
                }
            ],
            "bidOpeing": [
                {
                    "date": "21-Dec-2022 03:00 PM"
                }
            ]
        }
    ]
}