{
    "ocid": "ocds-f5kvwu-2022_APDCL_27729_1",
    "id": 1,
    "date": "2024-11-28",
    "fiscalYear": "2022-2023",
    "mainProcurementCategory": "Works",
    "bidOpeningDate": "28-Nov-2022 02:00 PM",
    "tenderValueAmount": NaN,
    "tender": [
        {
            "id": "2022_APDCL_27729_1",
            "title": "Algapur 33 KV Line",
            "description": "Algapur 33 KV Line",
            "datePublished": "11-Nov-2022 05:00 PM",
            "contractType": "Turn-key",
            "procurementMethod": "Open Tender",
            "mainProcuremenCategory": "Works",
            "value": [
                {
                    "amount": NaN,
                    "currency": "INR"
                }
            ],
            "bidOpeing": [
                {
                    "date": "28-Nov-2022 02:00 PM"
                }
            ]
        }
    ]
}