{
    "ocid": "ocds-f5kvwu-2022_APGCL_28397_1",
    "id": 1,
    "date": "2024-11-28",
    "fiscalYear": "2022-2023",
    "mainProcurementCategory": "Works",
    "bidOpeningDate": "11-Jan-2023 03:00 PM",
    "tenderValueAmount": "57,18,683",
    "tender": [
        {
            "id": "2022_APGCL_28397_1",
            "title": "Tunnel repairing",
            "description": "Tunnel repairing",
            "datePublished": "23-Dec-2022 10:00 AM",
            "contractType": "Works",
            "procurementMethod": "Open Tender",
            "mainProcuremenCategory": "Works",
            "value": [
                {
                    "amount": "57,18,683",
                    "currency": "INR"
                }
            ],
            "bidOpeing": [
                {
                    "date": "11-Jan-2023 03:00 PM"
                }
            ]
        }
    ]
}