{
    "ocid": "ocds-f5kvwu-2022_NHM_28061_29",
    "id": 1,
    "date": "2024-11-28",
    "fiscalYear": "2022-2023",
    "mainProcurementCategory": "Works",
    "bidOpeningDate": "05-Jan-2023 03:30 PM",
    "tenderValueAmount": "52,03,000",
    "tender": [
        {
            "id": "2022_NHM_28061_29",
            "title": "Construction of Buildingless Sub Health Centre in BAGORI SC in NAGAON District under PM ABHIM for the FY 2022-23 Turnkey Basis",
            "description": "Construction of Buildingless Sub Health Centre in BAGORI SC in NAGAON District under PM ABHIM for the FY 2022-23 Turnkey Basis",
            "datePublished": "08-Dec-2022 06:00 PM",
            "contractType": "Turn-key",
            "procurementMethod": "Open Tender",
            "mainProcuremenCategory": "Works",
            "value": [
                {
                    "amount": "52,03,000",
                    "currency": "INR"
                }
            ],
            "bidOpeing": [
                {
                    "date": "05-Jan-2023 03:30 PM"
                }
            ]
        }
    ]
}