{
    "ocid": "ocds-f5kvwu-2022_DU_27248_1",
    "id": 1,
    "date": "2024-11-28",
    "fiscalYear": "2022-2023",
    "mainProcurementCategory": "Goods",
    "bidOpeningDate": "25-Oct-2022 10:30 AM",
    "tenderValueAmount": NaN,
    "tender": [
        {
            "id": "2022_DU_27248_1",
            "title": "Supply, Installation and Commissioning of Trace Level SO2 and NOX Analyzer at Centre for Atmospheric Studies, Dibrugarh University",
            "description": "Supply, Installation and Commissioning of Trace Level SO2 and NOX Analyzer at Centre for Atmospheric Studies, Dibrugarh University",
            "datePublished": "30-Sep-2022 04:00 PM",
            "contractType": "Supply",
            "procurementMethod": "Open Tender",
            "mainProcuremenCategory": "Goods",
            "value": [
                {
                    "amount": NaN,
                    "currency": "INR"
                }
            ],
            "bidOpeing": [
                {
                    "date": "25-Oct-2022 10:30 AM"
                }
            ]
        }
    ]
}