{
    "ocid": "ocds-f5kvwu-2022_CD_26742_1",
    "id": 1,
    "date": "2024-11-28",
    "fiscalYear": "2022-2023",
    "mainProcurementCategory": "Services",
    "bidOpeningDate": "30-Aug-2022 12:00 PM",
    "tenderValueAmount": NaN,
    "tender": [
        {
            "id": "2022_CD_26742_1",
            "title": "Expression of Interest for Consultancy Service",
            "description": "Expression of Interest for Consultancy Service",
            "datePublished": "24-Aug-2022 05:30 PM",
            "contractType": "EOI",
            "procurementMethod": "Open Tender",
            "mainProcuremenCategory": "Services",
            "value": [
                {
                    "amount": NaN,
                    "currency": "INR"
                }
            ],
            "bidOpeing": [
                {
                    "date": "30-Aug-2022 12:00 PM"
                }
            ]
        }
    ]
}