{
    "ocid": "ocds-f5kvwu-2022_IWT_27637_11",
    "id": 1,
    "date": "2024-11-28",
    "fiscalYear": "2022-2023",
    "mainProcurementCategory": "Services",
    "bidOpeningDate": "28-Nov-2022 03:00 PM",
    "tenderValueAmount": "2,65,060",
    "tender": [
        {
            "id": "2022_IWT_27637_11",
            "title": "LEASING OUT OF LALACHERRA FERRY SERVICES , SILCHAR",
            "description": "LEASING OUT OF LALACHERRA FERRY SERVICES , SILCHAR",
            "datePublished": "07-Nov-2022 06:00 PM",
            "contractType": "Item Wise",
            "procurementMethod": "Open Tender",
            "mainProcuremenCategory": "Services",
            "value": [
                {
                    "amount": "2,65,060",
                    "currency": "INR"
                }
            ],
            "bidOpeing": [
                {
                    "date": "28-Nov-2022 03:00 PM"
                }
            ]
        }
    ]
}