{
    "ocid": "ocds-f5kvwu-2022_PWBNH_24474_2",
    "id": 1,
    "date": "2024-11-28",
    "fiscalYear": "2021-2022",
    "mainProcurementCategory": "Works",
    "bidOpeningDate": "11-Mar-2022 12:00 PM",
    "tenderValueAmount": "12,00,00,000",
    "tender": [
        {
            "id": "2022_PWBNH_24474_2",
            "title": "Consultancy services for the works Borsongaon Mini Stadium (dist. Bongaigaon)",
            "description": "Consultancy services for the works Borsongaon Mini Stadium (dist. Bongaigaon)",
            "datePublished": "23-Feb-2022 03:00 PM",
            "contractType": "Item Rate",
            "procurementMethod": "Open Tender",
            "mainProcuremenCategory": "Works",
            "value": [
                {
                    "amount": "12,00,00,000",
                    "currency": "INR"
                }
            ],
            "bidOpeing": [
                {
                    "date": "11-Mar-2022 12:00 PM"
                }
            ]
        }
    ]
}