{
    "ocid": "ocds-f5kvwu-2022_PWBNH_28363_1",
    "id": 1,
    "date": "2024-11-28",
    "fiscalYear": "2022-2023",
    "mainProcurementCategory": "Works",
    "bidOpeningDate": "11-Jan-2023 03:00 PM",
    "tenderValueAmount": "2,90,41,361",
    "tender": [
        {
            "id": "2022_PWBNH_28363_1",
            "title": "Construction of 20 (Twenty) new BOPs along the Inter- State Boundary for the F.Y. 2022-23 (Dukurdisha)",
            "description": "Construction of 20 (Twenty) new BOPs along the Inter- State Boundary for the F.Y. 2022-23 (Dukurdisha)",
            "datePublished": "22-Dec-2022 09:00 AM",
            "contractType": "Item Rate",
            "procurementMethod": "Open Tender",
            "mainProcuremenCategory": "Works",
            "value": [
                {
                    "amount": "2,90,41,361",
                    "currency": "INR"
                }
            ],
            "bidOpeing": [
                {
                    "date": "11-Jan-2023 03:00 PM"
                }
            ]
        }
    ]
}