{
    "ocid": "ocds-f5kvwu-2022_PHED_28231_1",
    "id": 1,
    "date": "2024-11-28",
    "fiscalYear": "2022-2023",
    "mainProcurementCategory": "Services",
    "bidOpeningDate": "31-Dec-2022 03:00 PM",
    "tenderValueAmount": "0.0",
    "tender": [
        {
            "id": "2022_PHED_28231_1",
            "title": "Design and development of JJM information management system under JJM Assam",
            "description": "Design and development of JJM information management system under JJM Assam",
            "datePublished": "16-Dec-2022 02:00 PM",
            "contractType": "EOI",
            "procurementMethod": "Open Tender",
            "mainProcuremenCategory": "Services",
            "value": [
                {
                    "amount": "0.0",
                    "currency": "INR"
                }
            ],
            "bidOpeing": [
                {
                    "date": "31-Dec-2022 03:00 PM"
                }
            ]
        }
    ]
}