{
    "ocid": "ocds-f5kvwu-2022_HFWD_27423_2",
    "id": 1,
    "date": "2024-11-28",
    "fiscalYear": "2022-2023",
    "mainProcurementCategory": "Goods",
    "bidOpeningDate": "08-Feb-2023 04:30 PM",
    "tenderValueAmount": "1,30,00,000",
    "tender": [
        {
            "id": "2022_HFWD_27423_2",
            "title": "SUPPLY OF ECD KIT",
            "description": "SUPPLY OF ECD KIT",
            "datePublished": "23-Jan-2023 12:30 PM",
            "contractType": "Buy",
            "procurementMethod": "Open Tender",
            "mainProcuremenCategory": "Goods",
            "value": [
                {
                    "amount": "1,30,00,000",
                    "currency": "INR"
                }
            ],
            "bidOpeing": [
                {
                    "date": "08-Feb-2023 04:30 PM"
                }
            ]
        }
    ]
}