{
    "ocid": "ocds-f5kvwu-2022_HFWD_27506_1",
    "id": 1,
    "date": "2024-11-28",
    "fiscalYear": "2022-2023",
    "mainProcurementCategory": "Goods",
    "bidOpeningDate": "25-Nov-2022 01:00 PM",
    "tenderValueAmount": NaN,
    "tender": [
        {
            "id": "2022_HFWD_27506_1",
            "title": "SUPPLY AND INSTALLATION OF HIGH END ULTRASOUND COLOR DOPPLER SYSTEM IN THE DEPARTMENT OF RADIOLOGY AT JORHAT MEDICAL COLLEGE AND HOSPITAL, JORHAT-ASSAM",
            "description": "SUPPLY AND INSTALLATION OF HIGH END ULTRASOUND COLOR DOPPLER SYSTEM IN THE DEPARTMENT OF RADIOLOGY AT JORHAT MEDICAL COLLEGE AND HOSPITAL, JORHAT-ASSAM",
            "datePublished": "29-Oct-2022 01:15 PM",
            "contractType": "Supply",
            "procurementMethod": "Open Tender",
            "mainProcuremenCategory": "Goods",
            "value": [
                {
                    "amount": NaN,
                    "currency": "INR"
                }
            ],
            "bidOpeing": [
                {
                    "date": "25-Nov-2022 01:00 PM"
                }
            ]
        }
    ]
}