{
    "ocid": "ocds-f5kvwu-2022_NHM_28018_175",
    "id": 1,
    "date": "2024-11-28",
    "fiscalYear": "2022-2023",
    "mainProcurementCategory": "Works",
    "bidOpeningDate": "07-Jan-2023 03:30 PM",
    "tenderValueAmount": "57,99,785",
    "tender": [
        {
            "id": "2022_NHM_28018_175",
            "title": "Establishment of Proposed 6 bedded ward at various SHCs n PHCs of Assam under ECRP II NHM Assam Group 144 5 nos scheme in Karbi Anglong district",
            "description": "Establishment of Proposed 6 bedded ward at various SHCs n PHCs of Assam under ECRP II NHM Assam Group 144 5 nos scheme in Karbi Anglong district",
            "datePublished": "09-Dec-2022 05:00 PM",
            "contractType": "Turn-key",
            "procurementMethod": "Open Tender",
            "mainProcuremenCategory": "Works",
            "value": [
                {
                    "amount": "57,99,785",
                    "currency": "INR"
                }
            ],
            "bidOpeing": [
                {
                    "date": "07-Jan-2023 03:30 PM"
                }
            ]
        }
    ]
}