{
    "ocid": "ocds-f5kvwu-2022_DHTS_26792_1",
    "id": 1,
    "date": "2024-11-28",
    "fiscalYear": "2022-2023",
    "mainProcurementCategory": "Goods",
    "bidOpeningDate": "16-Sep-2022 01:00 PM",
    "tenderValueAmount": "87,50,000",
    "tender": [
        {
            "id": "2022_DHTS_26792_1",
            "title": "Supply of articles against Strengthening of Govt. ESG / Govt. ECC under World Bank Project APART",
            "description": "Supply of articles against Strengthening of Govt. ESG / Govt. ECC under World Bank Project APART",
            "datePublished": "30-Aug-2022 05:00 PM",
            "contractType": "Supply",
            "procurementMethod": "Open Tender",
            "mainProcuremenCategory": "Goods",
            "value": [
                {
                    "amount": "87,50,000",
                    "currency": "INR"
                }
            ],
            "bidOpeing": [
                {
                    "date": "16-Sep-2022 01:00 PM"
                }
            ]
        }
    ]
}