{
    "ocid": "ocds-f5kvwu-2022_PWD_26485_24",
    "id": 1,
    "date": "2024-11-28",
    "fiscalYear": "2022-2023",
    "mainProcurementCategory": "Works",
    "bidOpeningDate": "10-Aug-2022 02:30 PM",
    "tenderValueAmount": "7,82,35,000",
    "tender": [
        {
            "id": "2022_PWD_26485_24",
            "title": "WestGuwahati-5(Five)",
            "description": "WestGuwahati-5(Five)",
            "datePublished": "28-Jul-2022 05:00 PM",
            "contractType": "Item Rate",
            "procurementMethod": "Open Tender",
            "mainProcuremenCategory": "Works",
            "value": [
                {
                    "amount": "7,82,35,000",
                    "currency": "INR"
                }
            ],
            "bidOpeing": [
                {
                    "date": "10-Aug-2022 02:30 PM"
                }
            ]
        }
    ]
}