{
    "ocid": "ocds-f5kvwu-2023_ASPIR_29779_1",
    "id": 1,
    "date": "2024-11-28",
    "fiscalYear": "2022-2023",
    "mainProcurementCategory": "Goods",
    "bidOpeningDate": "25-Apr-2023 02:30 PM",
    "tenderValueAmount": NaN,
    "tender": [
        {
            "id": "2023_ASPIR_29779_1",
            "title": "Engagement of an agency to supply and Iinstall building management system(BMS) and AMC of electrical equipments of the date center at Kar Bhawan, Guwahati, Assam.",
            "description": "Engagement of an agency to supply and Iinstall building management system(BMS) and AMC of electrical equipments of the date center at Kar Bhawan, Guwahati, Assam.",
            "datePublished": "07-Mar-2023 12:00 PM",
            "contractType": "Item Rate",
            "procurementMethod": "Open Tender",
            "mainProcuremenCategory": "Goods",
            "value": [
                {
                    "amount": NaN,
                    "currency": "INR"
                }
            ],
            "bidOpeing": [
                {
                    "date": "25-Apr-2023 02:30 PM"
                }
            ]
        }
    ]
}