{
    "ocid": "ocds-f5kvwu-2023_AHVD_31685_1",
    "id": 1,
    "date": "2024-11-28",
    "fiscalYear": "2023-2024",
    "mainProcurementCategory": "Works",
    "bidOpeningDate": "09-Aug-2023 02:30 PM",
    "tenderValueAmount": "33,71,000",
    "tender": [
        {
            "id": "2023_AHVD_31685_1",
            "title": "Construction Assam Type Sub-Centre Building with electrification, Water supply and sanitary works etc. at Dergaon in Golaghat District.",
            "description": "Construction Assam Type Sub-Centre Building with electrification, Water supply and sanitary works etc. at Dergaon in Golaghat District.",
            "datePublished": "15-Jul-2023 06:30 PM",
            "contractType": "Item Rate",
            "procurementMethod": "Open Tender",
            "mainProcuremenCategory": "Works",
            "value": [
                {
                    "amount": "33,71,000",
                    "currency": "INR"
                }
            ],
            "bidOpeing": [
                {
                    "date": "09-Aug-2023 02:30 PM"
                }
            ]
        }
    ]
}