{
    "ocid": "ocds-f5kvwu-2023_ASPIR_29247_1",
    "id": 1,
    "date": "2024-11-28",
    "fiscalYear": "2022-2023",
    "mainProcurementCategory": "Goods",
    "bidOpeningDate": "03-Apr-2023 02:30 PM",
    "tenderValueAmount": NaN,
    "tender": [
        {
            "id": "2023_ASPIR_29247_1",
            "title": "Supply, Installation and Maintenance of Video Conferencing Solution in Office of the Commissionerate of Tax and Directorate of Accounts and Treasuries, Assam.",
            "description": "Supply, Installation and Maintenance of Video Conferencing Solution in Office of the Commissionerate of Tax and Directorate of Accounts and Treasuries, Assam.",
            "datePublished": "10-Feb-2023 10:00 AM",
            "contractType": "Item Rate",
            "procurementMethod": "Open Tender",
            "mainProcuremenCategory": "Goods",
            "value": [
                {
                    "amount": NaN,
                    "currency": "INR"
                }
            ],
            "bidOpeing": [
                {
                    "date": "03-Apr-2023 02:30 PM"
                }
            ]
        }
    ]
}