{
    "ocid": "ocds-f5kvwu-2023_BoTC_34127_1",
    "id": 1,
    "date": "2024-11-28",
    "fiscalYear": "2023-2024",
    "mainProcurementCategory": "Goods",
    "bidOpeningDate": "13-Dec-2023 10:00 AM",
    "tenderValueAmount": "90,00,000",
    "tender": [
        {
            "id": "2023_BoTC_34127_1",
            "title": "Supply of Inputs for Pig-Cum-Fish culture",
            "description": "Supply of Inputs for Pig-Cum-Fish culture",
            "datePublished": "22-Nov-2023 03:00 PM",
            "contractType": "Supply",
            "procurementMethod": "Open Tender",
            "mainProcuremenCategory": "Goods",
            "value": [
                {
                    "amount": "90,00,000",
                    "currency": "INR"
                }
            ],
            "bidOpeing": [
                {
                    "date": "13-Dec-2023 10:00 AM"
                }
            ]
        }
    ]
}