{
    "ocid": "ocds-f5kvwu-2023_BoTC_33676_1",
    "id": 1,
    "date": "2024-11-28",
    "fiscalYear": "2023-2024",
    "mainProcurementCategory": "Works",
    "bidOpeningDate": "01-Dec-2023 02:30 PM",
    "tenderValueAmount": "79,21,568",
    "tender": [
        {
            "id": "2023_BoTC_33676_1",
            "title": "Construction of road with CC Block at from Khusurabari Pitched road to Sonai Bathabari LP School via Mr. Emfou Mahajwn house under 6th ASFC for the year 2020-21 during 2023-24.",
            "description": "Construction of road with CC Block at from Khusurabari Pitched road to Sonai Bathabari LP School via Mr. Emfou Mahajwn house under 6th ASFC for the year 2020-21 during 2023-24.",
            "datePublished": "08-Nov-2023 10:30 AM",
            "contractType": "Item Rate",
            "procurementMethod": "Open Tender",
            "mainProcuremenCategory": "Works",
            "value": [
                {
                    "amount": "79,21,568",
                    "currency": "INR"
                }
            ],
            "bidOpeing": [
                {
                    "date": "01-Dec-2023 02:30 PM"
                }
            ]
        }
    ]
}