{
    "ocid": "ocds-f5kvwu-2023_BODOU_34887_1",
    "id": 1,
    "date": "2024-11-28",
    "fiscalYear": "2023-2024",
    "mainProcurementCategory": "Works",
    "bidOpeningDate": "12-Jan-2024 12:00 PM",
    "tenderValueAmount": "1,15,61,604",
    "tender": [
        {
            "id": "2023_BODOU_34887_1",
            "title": "Construction of Vertical Extension of Burlungbuthur hall of residence Boys hostel at Bodoland University Kokrajhar BTC Assam",
            "description": "Construction of Vertical Extension of Burlungbuthur hall of residence Boys hostel at Bodoland University Kokrajhar BTC Assam",
            "datePublished": "26-Dec-2023 10:30 AM",
            "contractType": "Works",
            "procurementMethod": "Open Tender",
            "mainProcuremenCategory": "Works",
            "value": [
                {
                    "amount": "1,15,61,604",
                    "currency": "INR"
                }
            ],
            "bidOpeing": [
                {
                    "date": "12-Jan-2024 12:00 PM"
                }
            ]
        }
    ]
}