{
    "ocid": "ocds-f5kvwu-2023_AEGCL_34604_1",
    "id": 1,
    "date": "2024-11-28",
    "fiscalYear": "2023-2024",
    "mainProcurementCategory": "Works",
    "bidOpeningDate": "04-Jan-2024 02:00 PM",
    "tenderValueAmount": "3,20,18,920",
    "tender": [
        {
            "id": "2023_AEGCL_34604_1",
            "title": "Turnkey Construction of a 132kV Railway Traction Bay at 132kV Bordubi GSS, AEGCL including Supply of Bay Equipment and line bay materials and associated works etc",
            "description": "Turnkey Construction of a 132kV Railway Traction Bay at 132kV Bordubi GSS, AEGCL including Supply of Bay Equipment and line bay materials and associated works etc",
            "datePublished": "12-Dec-2023 12:00 PM",
            "contractType": "Turn-key",
            "procurementMethod": "Open Tender",
            "mainProcuremenCategory": "Works",
            "value": [
                {
                    "amount": "3,20,18,920",
                    "currency": "INR"
                }
            ],
            "bidOpeing": [
                {
                    "date": "04-Jan-2024 02:00 PM"
                }
            ]
        }
    ]
}