{
    "ocid": "ocds-f5kvwu-2023_BoTC_33514_1",
    "id": 1,
    "date": "2024-11-28",
    "fiscalYear": "2023-2024",
    "mainProcurementCategory": "Works",
    "bidOpeningDate": "01-Dec-2023 02:00 PM",
    "tenderValueAmount": "47,61,903",
    "tender": [
        {
            "id": "2023_BoTC_33514_1",
            "title": "Earth Filling at Bodoland College compound at Ballamguri (Bhumkipara) under 6th ASFC for the year 2023-24.",
            "description": "Earth Filling at Bodoland College compound at Ballamguri (Bhumkipara) under 6th ASFC for the year 2023-24.",
            "datePublished": "04-Nov-2023 03:00 PM",
            "contractType": "Item Rate",
            "procurementMethod": "Open Tender",
            "mainProcuremenCategory": "Works",
            "value": [
                {
                    "amount": "47,61,903",
                    "currency": "INR"
                }
            ],
            "bidOpeing": [
                {
                    "date": "01-Dec-2023 02:00 PM"
                }
            ]
        }
    ]
}