{
    "ocid": "ocds-f5kvwu-2023_AEGEF_34114_1",
    "id": 1,
    "date": "2024-11-28",
    "fiscalYear": "2023-2024",
    "mainProcurementCategory": "Services",
    "bidOpeningDate": "29-Dec-2023 03:30 PM",
    "tenderValueAmount": NaN,
    "tender": [
        {
            "id": "2023_AEGEF_34114_1",
            "title": "PROCUREMENT OF MANAGED CLOUD BASED DC-DR SERVICE FOR HOSTING OF AEGCL SAP ERP SYSTEM.",
            "description": "PROCUREMENT OF MANAGED CLOUD BASED DC-DR SERVICE FOR HOSTING OF AEGCL SAP ERP SYSTEM.",
            "datePublished": "21-Nov-2023 05:00 PM",
            "contractType": "Item Rate",
            "procurementMethod": "Open Tender",
            "mainProcuremenCategory": "Services",
            "value": [
                {
                    "amount": NaN,
                    "currency": "INR"
                }
            ],
            "bidOpeing": [
                {
                    "date": "29-Dec-2023 03:30 PM"
                }
            ]
        }
    ]
}