{
    "ocid": "ocds-f5kvwu-2023_BoTC_34958_1",
    "id": 1,
    "date": "2024-11-28",
    "fiscalYear": "2023-2024",
    "mainProcurementCategory": "Works",
    "bidOpeningDate": "15-Jan-2024 02:30 PM",
    "tenderValueAmount": "23,78,946",
    "tender": [
        {
            "id": "2023_BoTC_34958_1",
            "title": "Const of Road with EF and SG",
            "description": "Const of Road with EF and SG",
            "datePublished": "23-Dec-2023 05:00 PM",
            "contractType": "Works",
            "procurementMethod": "Open Tender",
            "mainProcuremenCategory": "Works",
            "value": [
                {
                    "amount": "23,78,946",
                    "currency": "INR"
                }
            ],
            "bidOpeing": [
                {
                    "date": "15-Jan-2024 02:30 PM"
                }
            ]
        }
    ]
}