{
    "ocid": "ocds-f5kvwu-2023_AEGCL_34109_1",
    "id": 1,
    "date": "2024-11-28",
    "fiscalYear": "2023-2024",
    "mainProcurementCategory": "Works",
    "bidOpeningDate": "13-Dec-2023 12:00 PM",
    "tenderValueAmount": NaN,
    "tender": [
        {
            "id": "2023_AEGCL_34109_1",
            "title": "Various Civil works under TNT Circle AEGCL North Lakhimpur",
            "description": "Various Civil works under TNT Circle AEGCL North Lakhimpur",
            "datePublished": "22-Nov-2023 11:00 AM",
            "contractType": "Works",
            "procurementMethod": "Open Tender",
            "mainProcuremenCategory": "Works",
            "value": [
                {
                    "amount": NaN,
                    "currency": "INR"
                }
            ],
            "bidOpeing": [
                {
                    "date": "13-Dec-2023 12:00 PM"
                }
            ]
        }
    ]
}