{
    "ocid": "ocds-f5kvwu-2023_AEGCL_35074_1",
    "id": 1,
    "date": "2024-11-28",
    "fiscalYear": "2023-2024",
    "mainProcurementCategory": "Works",
    "bidOpeningDate": "25-Jan-2024 03:00 PM",
    "tenderValueAmount": NaN,
    "tender": [
        {
            "id": "2023_AEGCL_35074_1",
            "title": "Construction of transit camp at hatsingimari",
            "description": "Construction of transit camp at hatsingimari",
            "datePublished": "29-Dec-2023 06:00 PM",
            "contractType": "Works",
            "procurementMethod": "Open Tender",
            "mainProcuremenCategory": "Works",
            "value": [
                {
                    "amount": NaN,
                    "currency": "INR"
                }
            ],
            "bidOpeing": [
                {
                    "date": "25-Jan-2024 03:00 PM"
                }
            ]
        }
    ]
}