{
    "ocid": "ocds-f5kvwu-2023_BoTC_34300_1",
    "id": 1,
    "date": "2024-11-28",
    "fiscalYear": "2023-2024",
    "mainProcurementCategory": "Works",
    "bidOpeningDate": "20-Dec-2023 03:30 PM",
    "tenderValueAmount": "32,91,000",
    "tender": [
        {
            "id": "2023_BoTC_34300_1",
            "title": "Construction of Latrine, Bathroom, Electrification with safety Tank and overhead Tank water facility (Tube well) and eater supply motor with electrification at Bedlengbmari",
            "description": "Construction of Latrine, Bathroom, Electrification with safety Tank and overhead Tank water facility (Tube well) and eater supply motor with electrification at Bedlengbmari",
            "datePublished": "30-Nov-2023 06:50 PM",
            "contractType": "Works",
            "procurementMethod": "Open Tender",
            "mainProcuremenCategory": "Works",
            "value": [
                {
                    "amount": "32,91,000",
                    "currency": "INR"
                }
            ],
            "bidOpeing": [
                {
                    "date": "20-Dec-2023 03:30 PM"
                }
            ]
        }
    ]
}