{
    "ocid": "ocds-f5kvwu-2023_BoTC_34582_1",
    "id": 1,
    "date": "2024-11-28",
    "fiscalYear": "2023-2024",
    "mainProcurementCategory": "Works",
    "bidOpeningDate": "30-Dec-2023 03:00 PM",
    "tenderValueAmount": "70,84,940",
    "tender": [
        {
            "id": "2023_BoTC_34582_1",
            "title": "Construction of 4 Nos of ACR at Jaraguri Higher Secondary School Education Department at Kokrajhar, BTR. (TN_02_2)",
            "description": "Construction of 4 Nos of ACR at Jaraguri Higher Secondary School Education Department at Kokrajhar, BTR. (TN_02_2)",
            "datePublished": "09-Dec-2023 05:00 PM",
            "contractType": "Works",
            "procurementMethod": "Open Tender",
            "mainProcuremenCategory": "Works",
            "value": [
                {
                    "amount": "70,84,940",
                    "currency": "INR"
                }
            ],
            "bidOpeing": [
                {
                    "date": "30-Dec-2023 03:00 PM"
                }
            ]
        }
    ]
}