{
    "ocid": "ocds-f5kvwu-2023_AAU_34038_1",
    "id": 1,
    "date": "2024-11-28",
    "fiscalYear": "2023-2024",
    "mainProcurementCategory": "Works",
    "bidOpeningDate": "08-Dec-2023 04:00 PM",
    "tenderValueAmount": "1,48,54,984",
    "tender": [
        {
            "id": "2023_AAU_34038_1",
            "title": "VERTICAL EXTENSION OF EEI BUILDING FOR DIRECTORATE OF OPEN DISTANCE LEARNING AT CVSc.,AAU,KHANAPARA 3RD FLOOR",
            "description": "VERTICAL EXTENSION OF EEI BUILDING FOR DIRECTORATE OF OPEN DISTANCE LEARNING AT CVSc.,AAU,KHANAPARA 3RD FLOOR",
            "datePublished": "18-Nov-2023 01:30 PM",
            "contractType": "Percentage",
            "procurementMethod": "Open Tender",
            "mainProcuremenCategory": "Works",
            "value": [
                {
                    "amount": "1,48,54,984",
                    "currency": "INR"
                }
            ],
            "bidOpeing": [
                {
                    "date": "08-Dec-2023 04:00 PM"
                }
            ]
        }
    ]
}