{
    "ocid": "ocds-f5kvwu-2023_BTC_33725_1",
    "id": 1,
    "date": "2024-11-28",
    "fiscalYear": "2023-2024",
    "mainProcurementCategory": "Works",
    "bidOpeningDate": "01-Dec-2023 02:00 PM",
    "tenderValueAmount": "2,61,83,640",
    "tender": [
        {
            "id": "2023_BTC_33725_1",
            "title": "Construction of road from Hathkhola Shiv Mandir to Janata Patla LP School under via Kalbari Gwjwnpur LP School under Ramchatary VCDC with 3 nos box type culvert approximately 3.1 Km under Ramchatary VCDC, Salbari, Baksa, under CMs Goodwill Mission P",
            "description": "Construction of road from Hathkhola Shiv Mandir to Janata Patla LP School under via Kalbari Gwjwnpur LP School under Ramchatary VCDC with 3 nos box type culvert approximately 3.1 Km under Ramchatary VCDC, Salbari, Baksa, under CMs Goodwill Mission P",
            "datePublished": "09-Nov-2023 10:00 AM",
            "contractType": "Works",
            "procurementMethod": "Open Tender",
            "mainProcuremenCategory": "Works",
            "value": [
                {
                    "amount": "2,61,83,640",
                    "currency": "INR"
                }
            ],
            "bidOpeing": [
                {
                    "date": "01-Dec-2023 02:00 PM"
                }
            ]
        }
    ]
}