{
    "ocid": "ocds-f5kvwu-2023_AAU_34004_1",
    "id": 1,
    "date": "2024-11-28",
    "fiscalYear": "2023-2024",
    "mainProcurementCategory": "Services",
    "bidOpeningDate": "07-Dec-2023 03:30 PM",
    "tenderValueAmount": NaN,
    "tender": [
        {
            "id": "2023_AAU_34004_1",
            "title": "Upgrading the current Rice Knowledge Bank (RKB) website to Rice Based Cropping System Knowledge Bank under APART project.",
            "description": "Upgrading the current Rice Knowledge Bank (RKB) website to Rice Based Cropping System Knowledge Bank under APART project.",
            "datePublished": "17-Nov-2023 05:00 PM",
            "contractType": "Item Rate",
            "procurementMethod": "Open Tender",
            "mainProcuremenCategory": "Services",
            "value": [
                {
                    "amount": NaN,
                    "currency": "INR"
                }
            ],
            "bidOpeing": [
                {
                    "date": "07-Dec-2023 03:30 PM"
                }
            ]
        }
    ]
}