{
    "ocid": "ocds-f5kvwu-2023_BTC_33732_1",
    "id": 1,
    "date": "2024-11-28",
    "fiscalYear": "2023-2024",
    "mainProcurementCategory": "Works",
    "bidOpeningDate": "01-Dec-2023 02:00 PM",
    "tenderValueAmount": "2,32,36,877",
    "tender": [
        {
            "id": "2023_BTC_33732_1",
            "title": "Road Construction from Mothatuli chowk to Dakania to Tihu link road via thalirbari village under Barama VCDC under CMs Goodwill Mission Project for the year 2023-24. L_2893.00 M",
            "description": "Road Construction from Mothatuli chowk to Dakania to Tihu link road via thalirbari village under Barama VCDC under CMs Goodwill Mission Project for the year 2023-24. L_2893.00 M",
            "datePublished": "09-Nov-2023 10:00 AM",
            "contractType": "Works",
            "procurementMethod": "Open Tender",
            "mainProcuremenCategory": "Works",
            "value": [
                {
                    "amount": "2,32,36,877",
                    "currency": "INR"
                }
            ],
            "bidOpeing": [
                {
                    "date": "01-Dec-2023 02:00 PM"
                }
            ]
        }
    ]
}