{
    "ocid": "ocds-f5kvwu-2023_APGCL_31693_1",
    "id": 1,
    "date": "2024-11-28",
    "fiscalYear": "2023-2024",
    "mainProcurementCategory": "Works",
    "bidOpeningDate": "12-Sep-2023 12:00 PM",
    "tenderValueAmount": NaN,
    "tender": [
        {
            "id": "2023_APGCL_31693_1",
            "title": "Major Overhauling of Reciprocating Gas Compressor Unit No 7 along with supply of spares",
            "description": "Major Overhauling of Reciprocating Gas Compressor Unit No 7 along with supply of spares",
            "datePublished": "18-Jul-2023 05:00 PM",
            "contractType": "Tender cum Auction",
            "procurementMethod": "Open Tender",
            "mainProcuremenCategory": "Works",
            "value": [
                {
                    "amount": NaN,
                    "currency": "INR"
                }
            ],
            "bidOpeing": [
                {
                    "date": "12-Sep-2023 12:00 PM"
                }
            ]
        }
    ]
}