{
    "ocid": "ocds-f5kvwu-2023_BoTC_31609_7",
    "id": 1,
    "date": "2024-11-28",
    "fiscalYear": "2023-2024",
    "mainProcurementCategory": "Works",
    "bidOpeningDate": "01-Aug-2023 11:00 AM",
    "tenderValueAmount": "1,06,08,458",
    "tender": [
        {
            "id": "2023_BoTC_31609_7",
            "title": "Protection Work at Nidhuwa village at the U/S of Head Work of Sukla Irrigation Project from Chainage 2250 m to 2910 m of ERM,Sukla Irrigation Project under PMKSY-AIBP for the year 2021-22",
            "description": "Protection Work at Nidhuwa village at the U/S of Head Work of Sukla Irrigation Project from Chainage 2250 m to 2910 m of ERM,Sukla Irrigation Project under PMKSY-AIBP for the year 2021-22",
            "datePublished": "10-Jul-2023 06:30 PM",
            "contractType": "Works",
            "procurementMethod": "Open Tender",
            "mainProcuremenCategory": "Works",
            "value": [
                {
                    "amount": "1,06,08,458",
                    "currency": "INR"
                }
            ],
            "bidOpeing": [
                {
                    "date": "01-Aug-2023 11:00 AM"
                }
            ]
        }
    ]
}