{
    "ocid": "ocds-f5kvwu-2023_AAU_33119_1",
    "id": 1,
    "date": "2024-11-28",
    "fiscalYear": "2023-2024",
    "mainProcurementCategory": "Works",
    "bidOpeningDate": "17-Nov-2023 05:00 PM",
    "tenderValueAmount": "54,00,683",
    "tender": [
        {
            "id": "2023_AAU_33119_1",
            "title": "INSTALLATION,TESTING AND COMMISSIONING OF 500 KVA DIESEL GENERATOR SET AT INTERNATIONAL GUEST HOUSE CUM AGRI-BUSINESS CENTRE AT CVSc, ASSAM AGRICULTURAL UNIVERSITY, KHANAPARA.",
            "description": "INSTALLATION,TESTING AND COMMISSIONING OF 500 KVA DIESEL GENERATOR SET AT INTERNATIONAL GUEST HOUSE CUM AGRI-BUSINESS CENTRE AT CVSc, ASSAM AGRICULTURAL UNIVERSITY, KHANAPARA.",
            "datePublished": "17-Oct-2023 03:00 PM",
            "contractType": "Item Rate",
            "procurementMethod": "Open Tender",
            "mainProcuremenCategory": "Works",
            "value": [
                {
                    "amount": "54,00,683",
                    "currency": "INR"
                }
            ],
            "bidOpeing": [
                {
                    "date": "17-Nov-2023 05:00 PM"
                }
            ]
        }
    ]
}