{
    "ocid": "ocds-f5kvwu-2023_BoTC_34846_1",
    "id": 1,
    "date": "2024-11-28",
    "fiscalYear": "2023-2024",
    "mainProcurementCategory": "Works",
    "bidOpeningDate": "11-Jan-2024 01:30 PM",
    "tenderValueAmount": "30,67,999",
    "tender": [
        {
            "id": "2023_BoTC_34846_1",
            "title": "Construction of Staff Quarter, Brick Boundary wall and Pucca Approach Road at Bamunjuli Mini PHC in Udalguri District. 530-5",
            "description": "Construction of Staff Quarter, Brick Boundary wall and Pucca Approach Road at Bamunjuli Mini PHC in Udalguri District. 530-5",
            "datePublished": "20-Dec-2023 10:00 AM",
            "contractType": "Item Rate",
            "procurementMethod": "Open Tender",
            "mainProcuremenCategory": "Works",
            "value": [
                {
                    "amount": "30,67,999",
                    "currency": "INR"
                }
            ],
            "bidOpeing": [
                {
                    "date": "11-Jan-2024 01:30 PM"
                }
            ]
        }
    ]
}