{
    "ocid": "ocds-f5kvwu-2023_BTC_33743_1",
    "id": 1,
    "date": "2024-11-28",
    "fiscalYear": "2023-2024",
    "mainProcurementCategory": "Works",
    "bidOpeningDate": "01-Dec-2023 02:00 PM",
    "tenderValueAmount": "2,78,49,946",
    "tender": [
        {
            "id": "2023_BTC_33743_1",
            "title": "Construction of road from RD road Jiten Rabha house to Sapkata ulubari road near Shotish Rabha house at Dalongpar village at Tamulpur under CMs Goodwill Project Mission for the year 2023-24. TN_26_80",
            "description": "Construction of road from RD road Jiten Rabha house to Sapkata ulubari road near Shotish Rabha house at Dalongpar village at Tamulpur under CMs Goodwill Project Mission for the year 2023-24. TN_26_80",
            "datePublished": "09-Nov-2023 10:00 AM",
            "contractType": "Works",
            "procurementMethod": "Open Tender",
            "mainProcuremenCategory": "Works",
            "value": [
                {
                    "amount": "2,78,49,946",
                    "currency": "INR"
                }
            ],
            "bidOpeing": [
                {
                    "date": "01-Dec-2023 02:00 PM"
                }
            ]
        }
    ]
}