{
    "ocid": "ocds-f5kvwu-2023_BoTC_33392_1",
    "id": 1,
    "date": "2024-11-28",
    "fiscalYear": "2023-2024",
    "mainProcurementCategory": "Works",
    "bidOpeningDate": "23-Nov-2023 03:30 PM",
    "tenderValueAmount": "21,00,000",
    "tender": [
        {
            "id": "2023_BoTC_33392_1",
            "title": "Construction of ICBP Road from Hospital road to Janata Kalibari at Ward No.3, Tangla Town",
            "description": "Construction of ICBP Road from Hospital road to Janata Kalibari at Ward No.3, Tangla Town",
            "datePublished": "01-Nov-2023 03:00 PM",
            "contractType": "Works",
            "procurementMethod": "Open Tender",
            "mainProcuremenCategory": "Works",
            "value": [
                {
                    "amount": "21,00,000",
                    "currency": "INR"
                }
            ],
            "bidOpeing": [
                {
                    "date": "23-Nov-2023 03:30 PM"
                }
            ]
        }
    ]
}