{
    "ocid": "ocds-f5kvwu-2023_AHVD_32880_1",
    "id": 1,
    "date": "2024-11-28",
    "fiscalYear": "2023-2024",
    "mainProcurementCategory": "Works",
    "bidOpeningDate": "31-Oct-2023 04:00 PM",
    "tenderValueAmount": "39,90,497",
    "tender": [
        {
            "id": "2023_AHVD_32880_1",
            "title": "Construction of RCC Ofice Building (Ground Floor)",
            "description": "Construction of RCC Ofice Building (Ground Floor)",
            "datePublished": "07-Oct-2023 06:30 PM",
            "contractType": "Works",
            "procurementMethod": "Open Tender",
            "mainProcuremenCategory": "Works",
            "value": [
                {
                    "amount": "39,90,497",
                    "currency": "INR"
                }
            ],
            "bidOpeing": [
                {
                    "date": "31-Oct-2023 04:00 PM"
                }
            ]
        }
    ]
}