{
    "ocid": "ocds-f5kvwu-2023_BoTC_34986_1",
    "id": 1,
    "date": "2024-11-28",
    "fiscalYear": "2023-2024",
    "mainProcurementCategory": "Works",
    "bidOpeningDate": "17-Jan-2024 02:00 PM",
    "tenderValueAmount": "28,16,818",
    "tender": [
        {
            "id": "2023_BoTC_34986_1",
            "title": "Construction of Approach Road RCC Box Culvert Boundary wall Heavy duty Iron Gate RCC Overhead staging and Bike stand at ADIC Office Complex Bijni Chirang",
            "description": "Construction of Approach Road RCC Box Culvert Boundary wall Heavy duty Iron Gate RCC Overhead staging and Bike stand at ADIC Office Complex Bijni Chirang",
            "datePublished": "28-Dec-2023 10:30 AM",
            "contractType": "Works",
            "procurementMethod": "Open Tender",
            "mainProcuremenCategory": "Works",
            "value": [
                {
                    "amount": "28,16,818",
                    "currency": "INR"
                }
            ],
            "bidOpeing": [
                {
                    "date": "17-Jan-2024 02:00 PM"
                }
            ]
        }
    ]
}