{
    "ocid": "ocds-f5kvwu-2023_BTC_33653_1",
    "id": 1,
    "date": "2024-11-28",
    "fiscalYear": "2023-2024",
    "mainProcurementCategory": "Works",
    "bidOpeningDate": "30-Nov-2023 12:00 PM",
    "tenderValueAmount": "1,35,92,767",
    "tender": [
        {
            "id": "2023_BTC_33653_1",
            "title": "Construction of road from Jainari to Gagraguri Village by providing SDBC including 4 four nos. of RCC Box Culvert from Ch. 0.00Km to Ch. 1.78km Length 1.78km under CMs Goodwill Project in BTC area for the year 2023-24. TN_26_26",
            "description": "Construction of road from Jainari to Gagraguri Village by providing SDBC including 4 four nos. of RCC Box Culvert from Ch. 0.00Km to Ch. 1.78km Length 1.78km under CMs Goodwill Project in BTC area for the year 2023-24. TN_26_26",
            "datePublished": "09-Nov-2023 10:30 AM",
            "contractType": "Item Rate",
            "procurementMethod": "Open Tender",
            "mainProcuremenCategory": "Works",
            "value": [
                {
                    "amount": "1,35,92,767",
                    "currency": "INR"
                }
            ],
            "bidOpeing": [
                {
                    "date": "30-Nov-2023 12:00 PM"
                }
            ]
        }
    ]
}