{
    "ocid": "ocds-f5kvwu-2023_AAU_34022_1",
    "id": 1,
    "date": "2024-11-28",
    "fiscalYear": "2023-2024",
    "mainProcurementCategory": "Works",
    "bidOpeningDate": "11-Dec-2023 03:00 PM",
    "tenderValueAmount": "4,25,14,233",
    "tender": [
        {
            "id": "2023_AAU_34022_1",
            "title": "Development of AAU North Lakhimpur Campus under AAU under TG-EI for the year 2023-24",
            "description": "Development of AAU North Lakhimpur Campus under AAU under TG-EI for the year 2023-24",
            "datePublished": "18-Nov-2023 10:00 AM",
            "contractType": "Percentage",
            "procurementMethod": "Open Tender",
            "mainProcuremenCategory": "Works",
            "value": [
                {
                    "amount": "4,25,14,233",
                    "currency": "INR"
                }
            ],
            "bidOpeing": [
                {
                    "date": "11-Dec-2023 03:00 PM"
                }
            ]
        }
    ]
}