{
    "ocid": "ocds-f5kvwu-2023_BTC_33683_1",
    "id": 1,
    "date": "2024-11-28",
    "fiscalYear": "2023-2024",
    "mainProcurementCategory": "Works",
    "bidOpeningDate": "29-Nov-2023 12:00 PM",
    "tenderValueAmount": "3,83,16,941",
    "tender": [
        {
            "id": "2023_BTC_33683_1",
            "title": "Construction of CC block road from Barnadijhar to MPK road via Maldangpara village under CMs Goodwill Mission Project for the financial year 2023-24 of District Udalguri. (31 Khwirvwbari (ST). (TN_26_130)",
            "description": "Construction of CC block road from Barnadijhar to MPK road via Maldangpara village under CMs Goodwill Mission Project for the financial year 2023-24 of District Udalguri. (31 Khwirvwbari (ST). (TN_26_130)",
            "datePublished": "08-Nov-2023 02:00 PM",
            "contractType": "Works",
            "procurementMethod": "Open Tender",
            "mainProcuremenCategory": "Works",
            "value": [
                {
                    "amount": "3,83,16,941",
                    "currency": "INR"
                }
            ],
            "bidOpeing": [
                {
                    "date": "29-Nov-2023 12:00 PM"
                }
            ]
        }
    ]
}