{
    "ocid": "ocds-f5kvwu-2023_BTC_33599_1",
    "id": 1,
    "date": "2024-11-28",
    "fiscalYear": "2023-2024",
    "mainProcurementCategory": "Works",
    "bidOpeningDate": "30-Nov-2023 12:00 PM",
    "tenderValueAmount": "2,64,22,498",
    "tender": [
        {
            "id": "2023_BTC_33599_1",
            "title": "Construction of Guabari Chautara road via Tokeyamari Road from CH 0.00Km to CH 3.00Km Length 3.00 Km under CMs Goodwill Project for the year 2023-24 of District- Kokrajhar 29 Kokrajhar West LAC. TN_26_5",
            "description": "Construction of Guabari Chautara road via Tokeyamari Road from CH 0.00Km to CH 3.00Km Length 3.00 Km under CMs Goodwill Project for the year 2023-24 of District- Kokrajhar 29 Kokrajhar West LAC. TN_26_5",
            "datePublished": "09-Nov-2023 10:30 AM",
            "contractType": "Item Rate",
            "procurementMethod": "Open Tender",
            "mainProcuremenCategory": "Works",
            "value": [
                {
                    "amount": "2,64,22,498",
                    "currency": "INR"
                }
            ],
            "bidOpeing": [
                {
                    "date": "30-Nov-2023 12:00 PM"
                }
            ]
        }
    ]
}