{
    "ocid": "ocds-f5kvwu-2023_BoTC_33786_1",
    "id": 1,
    "date": "2024-11-28",
    "fiscalYear": "2023-2024",
    "mainProcurementCategory": "Works",
    "bidOpeningDate": "05-Dec-2023 03:30 PM",
    "tenderValueAmount": "22,00,000",
    "tender": [
        {
            "id": "2023_BoTC_33786_1",
            "title": "Construction of Dong from Hanuman Mandir towards South",
            "description": "Construction of Dong from Hanuman Mandir towards South",
            "datePublished": "09-Nov-2023 03:00 PM",
            "contractType": "Works",
            "procurementMethod": "Open Tender",
            "mainProcuremenCategory": "Works",
            "value": [
                {
                    "amount": "22,00,000",
                    "currency": "INR"
                }
            ],
            "bidOpeing": [
                {
                    "date": "05-Dec-2023 03:30 PM"
                }
            ]
        }
    ]
}