{
    "ocid": "ocds-f5kvwu-2023_BTC_33742_1",
    "id": 1,
    "date": "2024-11-28",
    "fiscalYear": "2023-2024",
    "mainProcurementCategory": "Works",
    "bidOpeningDate": "01-Dec-2023 02:00 PM",
    "tenderValueAmount": "3,09,44,970",
    "tender": [
        {
            "id": "2023_BTC_33742_1",
            "title": "Construction of road from Rangia Goreswar road to Madaikata ldgah Maidan Ghorali via Arimottaghar connecting Rubul Supa under CMs Goodwill Mission Project for the year 2023-24. TN_26_79",
            "description": "Construction of road from Rangia Goreswar road to Madaikata ldgah Maidan Ghorali via Arimottaghar connecting Rubul Supa under CMs Goodwill Mission Project for the year 2023-24. TN_26_79",
            "datePublished": "09-Nov-2023 10:00 AM",
            "contractType": "Works",
            "procurementMethod": "Open Tender",
            "mainProcuremenCategory": "Works",
            "value": [
                {
                    "amount": "3,09,44,970",
                    "currency": "INR"
                }
            ],
            "bidOpeing": [
                {
                    "date": "01-Dec-2023 02:00 PM"
                }
            ]
        }
    ]
}