{
    "ocid": "ocds-f5kvwu-2023_BoTC_31196_1",
    "id": 1,
    "date": "2024-11-28",
    "fiscalYear": "2023-2024",
    "mainProcurementCategory": "Works",
    "bidOpeningDate": "06-Jul-2023 02:30 PM",
    "tenderValueAmount": "74,28,579",
    "tender": [
        {
            "id": "2023_BoTC_31196_1",
            "title": "Construction of Auditorium Hall with Sanitary System at Harisinga Senior Secondary School under Addl. SOPD fund for the year 2022-23",
            "description": "Construction of Auditorium Hall with Sanitary System at Harisinga Senior Secondary School under Addl. SOPD fund for the year 2022-23",
            "datePublished": "14-Jun-2023 10:30 AM",
            "contractType": "Item Rate",
            "procurementMethod": "Open Tender",
            "mainProcuremenCategory": "Works",
            "value": [
                {
                    "amount": "74,28,579",
                    "currency": "INR"
                }
            ],
            "bidOpeing": [
                {
                    "date": "06-Jul-2023 02:30 PM"
                }
            ]
        }
    ]
}