{
    "ocid": "ocds-f5kvwu-2023_BTC_33644_1",
    "id": 1,
    "date": "2024-11-28",
    "fiscalYear": "2023-2024",
    "mainProcurementCategory": "Works",
    "bidOpeningDate": "01-Dec-2023 02:00 PM",
    "tenderValueAmount": "2,70,75,807",
    "tender": [
        {
            "id": "2023_BTC_33644_1",
            "title": "Construction of ICBP road from Baksa Buniadi LPS to Gerua Gorkhali under CMS Goodwill Mission for the year 2023-24. Ch. 700.00 m to Ch. 4200.00 m TN_26_55",
            "description": "Construction of ICBP road from Baksa Buniadi LPS to Gerua Gorkhali under CMS Goodwill Mission for the year 2023-24. Ch. 700.00 m to Ch. 4200.00 m TN_26_55",
            "datePublished": "08-Nov-2023 10:00 AM",
            "contractType": "Works",
            "procurementMethod": "Open Tender",
            "mainProcuremenCategory": "Works",
            "value": [
                {
                    "amount": "2,70,75,807",
                    "currency": "INR"
                }
            ],
            "bidOpeing": [
                {
                    "date": "01-Dec-2023 02:00 PM"
                }
            ]
        }
    ]
}