{
    "ocid": "ocds-f5kvwu-2023_BoTC_33929_1",
    "id": 1,
    "date": "2024-11-28",
    "fiscalYear": "2023-2024",
    "mainProcurementCategory": "Works",
    "bidOpeningDate": "06-Dec-2023 02:30 PM",
    "tenderValueAmount": "49,50,980",
    "tender": [
        {
            "id": "2023_BoTC_33929_1",
            "title": "Const of CC Block Bwigriguri Bishops Fishery Tank to Santipur village connecting road under 15th ASFC, Untied for the year 2022-23",
            "description": "Const of CC Block Bwigriguri Bishops Fishery Tank to Santipur village connecting road under 15th ASFC, Untied for the year 2022-23",
            "datePublished": "14-Nov-2023 10:30 AM",
            "contractType": "Item Rate",
            "procurementMethod": "Open Tender",
            "mainProcuremenCategory": "Works",
            "value": [
                {
                    "amount": "49,50,980",
                    "currency": "INR"
                }
            ],
            "bidOpeing": [
                {
                    "date": "06-Dec-2023 02:30 PM"
                }
            ]
        }
    ]
}