{
    "ocid": "ocds-f5kvwu-2023_BoTC_34586_1",
    "id": 1,
    "date": "2024-11-28",
    "fiscalYear": "2023-2024",
    "mainProcurementCategory": "Works",
    "bidOpeningDate": "26-Dec-2023 01:30 PM",
    "tenderValueAmount": "59,41,933",
    "tender": [
        {
            "id": "2023_BoTC_34586_1",
            "title": "Construction of Hospital Building (Assam Type) at Binneswar Brahma Engineering College Campus, Kokrajhar under SOPD-G during the year 2023-24. 528_2",
            "description": "Construction of Hospital Building (Assam Type) at Binneswar Brahma Engineering College Campus, Kokrajhar under SOPD-G during the year 2023-24. 528_2",
            "datePublished": "11-Dec-2023 10:00 AM",
            "contractType": "Item Rate",
            "procurementMethod": "Open Tender",
            "mainProcuremenCategory": "Works",
            "value": [
                {
                    "amount": "59,41,933",
                    "currency": "INR"
                }
            ],
            "bidOpeing": [
                {
                    "date": "26-Dec-2023 01:30 PM"
                }
            ]
        }
    ]
}