{
    "ocid": "ocds-f5kvwu-2023_BoTC_33926_1",
    "id": 1,
    "date": "2024-11-28",
    "fiscalYear": "2023-2024",
    "mainProcurementCategory": "Works",
    "bidOpeningDate": "06-Dec-2023 02:30 PM",
    "tenderValueAmount": "55,45,098",
    "tender": [
        {
            "id": "2023_BoTC_33926_1",
            "title": "Const of CC Block road at Bhergaon from Borla river to Bhergaon Play Ground under 15th ASFC, Untied for the year 2022-23.",
            "description": "Const of CC Block road at Bhergaon from Borla river to Bhergaon Play Ground under 15th ASFC, Untied for the year 2022-23.",
            "datePublished": "14-Nov-2023 10:30 AM",
            "contractType": "Item Rate",
            "procurementMethod": "Open Tender",
            "mainProcuremenCategory": "Works",
            "value": [
                {
                    "amount": "55,45,098",
                    "currency": "INR"
                }
            ],
            "bidOpeing": [
                {
                    "date": "06-Dec-2023 02:30 PM"
                }
            ]
        }
    ]
}