{
    "ocid": "ocds-f5kvwu-2023_BoTC_34649_1",
    "id": 1,
    "date": "2024-11-28",
    "fiscalYear": "2023-2024",
    "mainProcurementCategory": "Works",
    "bidOpeningDate": "18-Dec-2023 02:30 PM",
    "tenderValueAmount": "30,00,000",
    "tender": [
        {
            "id": "2023_BoTC_34649_1",
            "title": "Construction of Common Facility Centre at Koklabari",
            "description": "Construction of Common Facility Centre at Koklabari",
            "datePublished": "12-Dec-2023 06:00 PM",
            "contractType": "Item Rate",
            "procurementMethod": "Open Tender",
            "mainProcuremenCategory": "Works",
            "value": [
                {
                    "amount": "30,00,000",
                    "currency": "INR"
                }
            ],
            "bidOpeing": [
                {
                    "date": "18-Dec-2023 02:30 PM"
                }
            ]
        }
    ]
}