{
    "ocid": "ocds-f5kvwu-2023_AHVD_31744_1",
    "id": 1,
    "date": "2024-11-28",
    "fiscalYear": "2023-2024",
    "mainProcurementCategory": "Works",
    "bidOpeningDate": "17-Aug-2023 02:30 PM",
    "tenderValueAmount": "33,71,000",
    "tender": [
        {
            "id": "2023_AHVD_31744_1",
            "title": "CONSTRUCTION ASSAM TYPE SUB-CENTRE BUILDING WITH ELECTRIFICATION, WATER SUPPLY AND SANITARY WORKS ETC. AT MAHADEVPUR IN CACHAR DISTRICT.",
            "description": "CONSTRUCTION ASSAM TYPE SUB-CENTRE BUILDING WITH ELECTRIFICATION, WATER SUPPLY AND SANITARY WORKS ETC. AT MAHADEVPUR IN CACHAR DISTRICT.",
            "datePublished": "20-Jul-2023 06:00 PM",
            "contractType": "Item Rate",
            "procurementMethod": "Open Tender",
            "mainProcuremenCategory": "Works",
            "value": [
                {
                    "amount": "33,71,000",
                    "currency": "INR"
                }
            ],
            "bidOpeing": [
                {
                    "date": "17-Aug-2023 02:30 PM"
                }
            ]
        }
    ]
}