{
    "ocid": "ocds-f5kvwu-2023_AEGCL_32388_1",
    "id": 1,
    "date": "2024-11-28",
    "fiscalYear": "2023-2024",
    "mainProcurementCategory": "Goods",
    "bidOpeningDate": "17-Oct-2023 02:00 PM",
    "tenderValueAmount": "60,71,808",
    "tender": [
        {
            "id": "2023_AEGCL_32388_1",
            "title": "Supply of Current Transformers for Upper Assam Region of AEGCL",
            "description": "Supply of Current Transformers for Upper Assam Region of AEGCL",
            "datePublished": "07-Sep-2023 12:00 PM",
            "contractType": "Supply",
            "procurementMethod": "Open Tender",
            "mainProcuremenCategory": "Goods",
            "value": [
                {
                    "amount": "60,71,808",
                    "currency": "INR"
                }
            ],
            "bidOpeing": [
                {
                    "date": "17-Oct-2023 02:00 PM"
                }
            ]
        }
    ]
}