{
    "ocid": "ocds-f5kvwu-2023_BoTC_34844_1",
    "id": 1,
    "date": "2024-11-28",
    "fiscalYear": "2023-2024",
    "mainProcurementCategory": "Works",
    "bidOpeningDate": "11-Jan-2024 01:30 PM",
    "tenderValueAmount": "1,40,73,143",
    "tender": [
        {
            "id": "2023_BoTC_34844_1",
            "title": "Construction of Jagannath Community Hall and Skill Centre under Udalguri LAC. (AT CORRAMORE TE) 530-3",
            "description": "Construction of Jagannath Community Hall and Skill Centre under Udalguri LAC. (AT CORRAMORE TE) 530-3",
            "datePublished": "20-Dec-2023 10:00 AM",
            "contractType": "Item Rate",
            "procurementMethod": "Open Tender",
            "mainProcuremenCategory": "Works",
            "value": [
                {
                    "amount": "1,40,73,143",
                    "currency": "INR"
                }
            ],
            "bidOpeing": [
                {
                    "date": "11-Jan-2024 01:30 PM"
                }
            ]
        }
    ]
}