{
    "ocid": "ocds-f5kvwu-2023_BTC_33686_1",
    "id": 1,
    "date": "2024-11-28",
    "fiscalYear": "2023-2024",
    "mainProcurementCategory": "Works",
    "bidOpeningDate": "29-Nov-2023 12:00 PM",
    "tenderValueAmount": "2,32,99,356",
    "tender": [
        {
            "id": "2023_BTC_33686_1",
            "title": "Construction of CC block road from Bihu Ram Boro ME School to Borigaon Kachari LP School PWD Connecting Road (TN_26_132)",
            "description": "Construction of CC block road from Bihu Ram Boro ME School to Borigaon Kachari LP School PWD Connecting Road (TN_26_132)",
            "datePublished": "08-Nov-2023 02:00 PM",
            "contractType": "Works",
            "procurementMethod": "Open Tender",
            "mainProcuremenCategory": "Works",
            "value": [
                {
                    "amount": "2,32,99,356",
                    "currency": "INR"
                }
            ],
            "bidOpeing": [
                {
                    "date": "29-Nov-2023 12:00 PM"
                }
            ]
        }
    ]
}