{
    "ocid": "ocds-f5kvwu-2023_APDCL_32313_1",
    "id": 1,
    "date": "2024-11-28",
    "fiscalYear": "2023-2024",
    "mainProcurementCategory": "Works",
    "bidOpeningDate": "03-Oct-2023 02:00 PM",
    "tenderValueAmount": "3,79,91,966",
    "tender": [
        {
            "id": "2023_APDCL_32313_1",
            "title": "Conversion heightening of LT HT line under Kokrajhar Barpeta and Guwahati EC II",
            "description": "Conversion heightening of LT HT line under Kokrajhar Barpeta and Guwahati EC II",
            "datePublished": "31-Aug-2023 02:00 PM",
            "contractType": "Turn-key",
            "procurementMethod": "Open Tender",
            "mainProcuremenCategory": "Works",
            "value": [
                {
                    "amount": "3,79,91,966",
                    "currency": "INR"
                }
            ],
            "bidOpeing": [
                {
                    "date": "03-Oct-2023 02:00 PM"
                }
            ]
        }
    ]
}