{
    "ocid": "ocds-f5kvwu-2023_AEGCL_32849_1",
    "id": 1,
    "date": "2024-11-28",
    "fiscalYear": "2023-2024",
    "mainProcurementCategory": "Works",
    "bidOpeningDate": "01-Nov-2023 03:00 PM",
    "tenderValueAmount": NaN,
    "tender": [
        {
            "id": "2023_AEGCL_32849_1",
            "title": "Preparation of Master Plan and Route Survey for Construction of 1 no 132 kV Grid Substation at Missamari along with the associated transmission lines under AEGCL",
            "description": "Preparation of Master Plan and Route Survey for Construction of 1 no 132 kV Grid Substation at Missamari along with the associated transmission lines under AEGCL",
            "datePublished": "09-Oct-2023 12:00 PM",
            "contractType": "Works",
            "procurementMethod": "Open Tender",
            "mainProcuremenCategory": "Works",
            "value": [
                {
                    "amount": NaN,
                    "currency": "INR"
                }
            ],
            "bidOpeing": [
                {
                    "date": "01-Nov-2023 03:00 PM"
                }
            ]
        }
    ]
}