{
    "ocid": "ocds-f5kvwu-2023_AEGCL_30293_1",
    "id": 1,
    "date": "2024-11-28",
    "fiscalYear": "2022-2023",
    "mainProcurementCategory": "Works",
    "bidOpeningDate": "27-Apr-2023 02:00 PM",
    "tenderValueAmount": "1,33,42,909",
    "tender": [
        {
            "id": "2023_AEGCL_30293_1",
            "title": "Turnkey Construction of a 132kV N.F. Railway Traction Bay at 132kV Jorhat West GSS, AEGCL including Supply of Bay Equipment and line bay materials and associated works etc",
            "description": "Turnkey Construction of a 132kV N.F. Railway Traction Bay at 132kV Jorhat West GSS, AEGCL including Supply of Bay Equipment and line bay materials and associated works etc",
            "datePublished": "03-Apr-2023 10:00 AM",
            "contractType": "Turn-key",
            "procurementMethod": "Open Tender",
            "mainProcuremenCategory": "Works",
            "value": [
                {
                    "amount": "1,33,42,909",
                    "currency": "INR"
                }
            ],
            "bidOpeing": [
                {
                    "date": "27-Apr-2023 02:00 PM"
                }
            ]
        }
    ]
}