{
    "ocid": "ocds-f5kvwu-2023_APDCL_33871_3",
    "id": 1,
    "date": "2024-11-28",
    "fiscalYear": "2023-2024",
    "mainProcurementCategory": "Works",
    "bidOpeningDate": "28-Nov-2023 12:00 PM",
    "tenderValueAmount": NaN,
    "tender": [
        {
            "id": "2023_APDCL_33871_3",
            "title": "Construction of a RCC Building inside APDCL Teok campus for Teok ESD office under Jorhat Electrical Circle APDCL UAR on full turnkey mode",
            "description": "Construction of a RCC Building inside APDCL Teok campus for Teok ESD office under Jorhat Electrical Circle APDCL UAR on full turnkey mode",
            "datePublished": "22-Nov-2023 09:00 AM",
            "contractType": "Turn-key",
            "procurementMethod": "Open Tender",
            "mainProcuremenCategory": "Works",
            "value": [
                {
                    "amount": NaN,
                    "currency": "INR"
                }
            ],
            "bidOpeing": [
                {
                    "date": "28-Nov-2023 12:00 PM"
                }
            ]
        }
    ]
}