{
    "ocid": "ocds-f5kvwu-2023_APDCL_34238_1",
    "id": 1,
    "date": "2024-11-28",
    "fiscalYear": "2023-2024",
    "mainProcurementCategory": "Services",
    "bidOpeningDate": "06-Jan-2024 03:00 PM",
    "tenderValueAmount": NaN,
    "tender": [
        {
            "id": "2023_APDCL_34238_1",
            "title": "O and M and CAMC of Basic Infrastructure of North East Common Data Centre at ASEB Campus, Dwarandha, Sixmile",
            "description": "O and M and CAMC of Basic Infrastructure of North East Common Data Centre at ASEB Campus, Dwarandha, Sixmile",
            "datePublished": "29-Nov-2023 05:00 PM",
            "contractType": "Turn-key",
            "procurementMethod": "Open Tender",
            "mainProcuremenCategory": "Services",
            "value": [
                {
                    "amount": NaN,
                    "currency": "INR"
                }
            ],
            "bidOpeing": [
                {
                    "date": "06-Jan-2024 03:00 PM"
                }
            ]
        }
    ]
}