{
    "ocid": "ocds-f5kvwu-2023_APDCL_34938_1",
    "id": 1,
    "date": "2024-11-28",
    "fiscalYear": "2023-2024",
    "mainProcurementCategory": "Works",
    "bidOpeningDate": "27-Dec-2023 02:00 PM",
    "tenderValueAmount": NaN,
    "tender": [
        {
            "id": "2023_APDCL_34938_1",
            "title": "UAR/MajuliSideConstruction/T4",
            "description": "UAR/MajuliSideConstruction/T4",
            "datePublished": "23-Dec-2023 09:00 AM",
            "contractType": "Turn-key",
            "procurementMethod": "Open Tender",
            "mainProcuremenCategory": "Works",
            "value": [
                {
                    "amount": NaN,
                    "currency": "INR"
                }
            ],
            "bidOpeing": [
                {
                    "date": "27-Dec-2023 02:00 PM"
                }
            ]
        }
    ]
}