{
    "ocid": "ocds-f5kvwu-2023_BoTC_32717_3",
    "id": 1,
    "date": "2024-11-28",
    "fiscalYear": "2023-2024",
    "mainProcurementCategory": "Works",
    "bidOpeningDate": "27-Oct-2023 11:00 AM",
    "tenderValueAmount": "3,36,56,586",
    "tender": [
        {
            "id": "2023_BoTC_32717_3",
            "title": "Construction of Lakhinadi FIS at Bogulamari (H/W ) under PMKSY (HKKP) for the year 2021 - 2022",
            "description": "Construction of Lakhinadi FIS at Bogulamari (H/W ) under PMKSY (HKKP) for the year 2021 - 2022",
            "datePublished": "30-Sep-2023 10:20 AM",
            "contractType": "Works",
            "procurementMethod": "Open Tender",
            "mainProcuremenCategory": "Works",
            "value": [
                {
                    "amount": "3,36,56,586",
                    "currency": "INR"
                }
            ],
            "bidOpeing": [
                {
                    "date": "27-Oct-2023 11:00 AM"
                }
            ]
        }
    ]
}