{
    "ocid": "ocds-f5kvwu-2023_AEGCL_32777_1",
    "id": 1,
    "date": "2024-11-28",
    "fiscalYear": "2023-2024",
    "mainProcurementCategory": "Works",
    "bidOpeningDate": "06-Nov-2023 03:00 PM",
    "tenderValueAmount": "26,51,551",
    "tender": [
        {
            "id": "2023_AEGCL_32777_1",
            "title": "Civil Works of Tinsukia GSS AEGCL",
            "description": "Civil Works of Tinsukia GSS AEGCL",
            "datePublished": "06-Oct-2023 12:00 PM",
            "contractType": "Works",
            "procurementMethod": "Open Tender",
            "mainProcuremenCategory": "Works",
            "value": [
                {
                    "amount": "26,51,551",
                    "currency": "INR"
                }
            ],
            "bidOpeing": [
                {
                    "date": "06-Nov-2023 03:00 PM"
                }
            ]
        }
    ]
}