{
    "ocid": "ocds-f5kvwu-2023_BoTC_31609_9",
    "id": 1,
    "date": "2024-11-28",
    "fiscalYear": "2023-2024",
    "mainProcurementCategory": "Works",
    "bidOpeningDate": "01-Aug-2023 11:00 AM",
    "tenderValueAmount": "1,38,86,080",
    "tender": [
        {
            "id": "2023_BoTC_31609_9",
            "title": "Installation of 3 HP TW scheme powered (16 Nos) by Solar Energy at Different Village under ERM,Sukla Irrigation Project under PMKSY-AIBP for the year 2021-22",
            "description": "Installation of 3 HP TW scheme powered (16 Nos) by Solar Energy at Different Village under ERM,Sukla Irrigation Project under PMKSY-AIBP for the year 2021-22",
            "datePublished": "10-Jul-2023 06:30 PM",
            "contractType": "Works",
            "procurementMethod": "Open Tender",
            "mainProcuremenCategory": "Works",
            "value": [
                {
                    "amount": "1,38,86,080",
                    "currency": "INR"
                }
            ],
            "bidOpeing": [
                {
                    "date": "01-Aug-2023 11:00 AM"
                }
            ]
        }
    ]
}