{
    "ocid": "ocds-f5kvwu-2023_BoTC_30997_1",
    "id": 1,
    "date": "2024-11-28",
    "fiscalYear": "2023-2024",
    "mainProcurementCategory": "Works",
    "bidOpeningDate": "21-Jun-2023 02:30 PM",
    "tenderValueAmount": "39,60,698",
    "tender": [
        {
            "id": "2023_BoTC_30997_1",
            "title": "Construction of Interlocking Concrete Block Pavement road from Flbri Rupohi road to Irrigation Canal under Addl SOPD for the year 2022-23",
            "description": "Construction of Interlocking Concrete Block Pavement road from Flbri Rupohi road to Irrigation Canal under Addl SOPD for the year 2022-23",
            "datePublished": "29-May-2023 10:30 AM",
            "contractType": "Item Rate",
            "procurementMethod": "Open Tender",
            "mainProcuremenCategory": "Works",
            "value": [
                {
                    "amount": "39,60,698",
                    "currency": "INR"
                }
            ],
            "bidOpeing": [
                {
                    "date": "21-Jun-2023 02:30 PM"
                }
            ]
        }
    ]
}