{
    "ocid": "ocds-f5kvwu-2023_BTC_33639_1",
    "id": 1,
    "date": "2024-11-28",
    "fiscalYear": "2023-2024",
    "mainProcurementCategory": "Works",
    "bidOpeningDate": "30-Nov-2023 12:00 PM",
    "tenderValueAmount": "2,36,26,909",
    "tender": [
        {
            "id": "2023_BTC_33639_1",
            "title": "Construction of road from Magurmari to Seshapani Nepalibasti Village via Daspara road by providing ICBP under CMs Goodwill Project for the year 2023-24 of District Kokrajhar. TN_26_23",
            "description": "Construction of road from Magurmari to Seshapani Nepalibasti Village via Daspara road by providing ICBP under CMs Goodwill Project for the year 2023-24 of District Kokrajhar. TN_26_23",
            "datePublished": "09-Nov-2023 10:30 AM",
            "contractType": "Item Rate",
            "procurementMethod": "Open Tender",
            "mainProcuremenCategory": "Works",
            "value": [
                {
                    "amount": "2,36,26,909",
                    "currency": "INR"
                }
            ],
            "bidOpeing": [
                {
                    "date": "30-Nov-2023 12:00 PM"
                }
            ]
        }
    ]
}