{
    "ocid": "ocds-f5kvwu-2023_BTC_33456_1",
    "id": 1,
    "date": "2024-11-28",
    "fiscalYear": "2023-2024",
    "mainProcurementCategory": "Works",
    "bidOpeningDate": "22-Nov-2023 02:00 PM",
    "tenderValueAmount": "14,28,791",
    "tender": [
        {
            "id": "2023_BTC_33456_1",
            "title": "Const. of Baby Feeding Room at Harisinga Rev. Circle, Udalguri. TN_25_5 (R-1)",
            "description": "Const. of Baby Feeding Room at Harisinga Rev. Circle, Udalguri. TN_25_5 (R-1)",
            "datePublished": "02-Nov-2023 02:00 PM",
            "contractType": "Item Rate",
            "procurementMethod": "Open Tender",
            "mainProcuremenCategory": "Works",
            "value": [
                {
                    "amount": "14,28,791",
                    "currency": "INR"
                }
            ],
            "bidOpeing": [
                {
                    "date": "22-Nov-2023 02:00 PM"
                }
            ]
        }
    ]
}