{
    "ocid": "ocds-f5kvwu-2023_BoTC_32929_1",
    "id": 1,
    "date": "2024-11-28",
    "fiscalYear": "2023-2024",
    "mainProcurementCategory": "Works",
    "bidOpeningDate": "01-Nov-2023 02:30 PM",
    "tenderValueAmount": "1,45,63,110",
    "tender": [
        {
            "id": "2023_BoTC_32929_1",
            "title": "Construction of Block Building at Dotma Dev. Block Office under 6th ASFC for the year 2020-21 during the year 2023-24",
            "description": "Construction of Block Building at Dotma Dev. Block Office under 6th ASFC for the year 2020-21 during the year 2023-24",
            "datePublished": "10-Oct-2023 12:30 PM",
            "contractType": "Item Rate",
            "procurementMethod": "Open Tender",
            "mainProcuremenCategory": "Works",
            "value": [
                {
                    "amount": "1,45,63,110",
                    "currency": "INR"
                }
            ],
            "bidOpeing": [
                {
                    "date": "01-Nov-2023 02:30 PM"
                }
            ]
        }
    ]
}