{
    "ocid": "ocds-f5kvwu-2023_APDCL_32320_1",
    "id": 1,
    "date": "2024-11-28",
    "fiscalYear": "2023-2024",
    "mainProcurementCategory": "Works",
    "bidOpeningDate": "09-Oct-2023 02:00 PM",
    "tenderValueAmount": "2,95,42,308",
    "tender": [
        {
            "id": "2023_APDCL_32320_1",
            "title": "Shifting heightening of 33kV Joypur feeder with MVCC and",
            "description": "Shifting heightening of 33kV Joypur feeder with MVCC and",
            "datePublished": "31-Aug-2023 02:00 PM",
            "contractType": "Turn-key",
            "procurementMethod": "Open Tender",
            "mainProcuremenCategory": "Works",
            "value": [
                {
                    "amount": "2,95,42,308",
                    "currency": "INR"
                }
            ],
            "bidOpeing": [
                {
                    "date": "09-Oct-2023 02:00 PM"
                }
            ]
        }
    ]
}