{
    "ocid": "ocds-f5kvwu-2023_AAU_33922_1",
    "id": 1,
    "date": "2024-11-28",
    "fiscalYear": "2023-2024",
    "mainProcurementCategory": "Goods",
    "bidOpeningDate": "13-Dec-2023 03:30 PM",
    "tenderValueAmount": NaN,
    "tender": [
        {
            "id": "2023_AAU_33922_1",
            "title": "Establishing a Seed Testing Laboratory in the Department of Plant Breeding and Genetics at AAU, Jorhat under the ongoing APART project",
            "description": "Establishing a Seed Testing Laboratory in the Department of Plant Breeding and Genetics at AAU, Jorhat under the ongoing APART project",
            "datePublished": "13-Nov-2023 04:00 PM",
            "contractType": "Item Rate",
            "procurementMethod": "Open Tender",
            "mainProcuremenCategory": "Goods",
            "value": [
                {
                    "amount": NaN,
                    "currency": "INR"
                }
            ],
            "bidOpeing": [
                {
                    "date": "13-Dec-2023 03:30 PM"
                }
            ]
        }
    ]
}