{
    "ocid": "ocds-f5kvwu-2023_BoTC_34030_1",
    "id": 1,
    "date": "2024-11-28",
    "fiscalYear": "2023-2024",
    "mainProcurementCategory": "Goods",
    "bidOpeningDate": "08-Dec-2023 03:30 PM",
    "tenderValueAmount": "1,60,00,000",
    "tender": [
        {
            "id": "2023_BoTC_34030_1",
            "title": "Supply of E-Rickshaw to differently able persons of BTC under the scheme BTR ManavSeva Mission of SOPD-G fund for the year 2023-24.",
            "description": "Supply of E-Rickshaw to differently able persons of BTC under the scheme BTR ManavSeva Mission of SOPD-G fund for the year 2023-24.",
            "datePublished": "18-Nov-2023 10:00 AM",
            "contractType": "Supply",
            "procurementMethod": "Open Tender",
            "mainProcuremenCategory": "Goods",
            "value": [
                {
                    "amount": "1,60,00,000",
                    "currency": "INR"
                }
            ],
            "bidOpeing": [
                {
                    "date": "08-Dec-2023 03:30 PM"
                }
            ]
        }
    ]
}