{
    "ocid": "ocds-f5kvwu-2023_AHVD_34344_1",
    "id": 1,
    "date": "2024-11-28",
    "fiscalYear": "2023-2024",
    "mainProcurementCategory": "Works",
    "bidOpeningDate": "26-Dec-2023 04:00 PM",
    "tenderValueAmount": "3,59,45,540",
    "tender": [
        {
            "id": "2023_AHVD_34344_1",
            "title": "Construction of New Multicare Hospital at Changsari in Kamrup District under SOPD-G.",
            "description": "Construction of New Multicare Hospital at Changsari in Kamrup District under SOPD-G.",
            "datePublished": "02-Dec-2023 10:00 AM",
            "contractType": "Works",
            "procurementMethod": "Open Tender",
            "mainProcuremenCategory": "Works",
            "value": [
                {
                    "amount": "3,59,45,540",
                    "currency": "INR"
                }
            ],
            "bidOpeing": [
                {
                    "date": "26-Dec-2023 04:00 PM"
                }
            ]
        }
    ]
}