{
    "ocid": "ocds-f5kvwu-2023_APGCL_30152_1",
    "id": 1,
    "date": "2024-11-28",
    "fiscalYear": "2022-2023",
    "mainProcurementCategory": "Works",
    "bidOpeningDate": "18-Apr-2023 03:00 PM",
    "tenderValueAmount": "47,95,785",
    "tender": [
        {
            "id": "2023_APGCL_30152_1",
            "title": "Civil works of MSHEP",
            "description": "Civil works of MSHEP",
            "datePublished": "28-Mar-2023 09:00 AM",
            "contractType": "Works",
            "procurementMethod": "Open Tender",
            "mainProcuremenCategory": "Works",
            "value": [
                {
                    "amount": "47,95,785",
                    "currency": "INR"
                }
            ],
            "bidOpeing": [
                {
                    "date": "18-Apr-2023 03:00 PM"
                }
            ]
        }
    ]
}