{
    "ocid": "ocds-f5kvwu-2023_BTC_33672_1",
    "id": 1,
    "date": "2024-11-28",
    "fiscalYear": "2023-2024",
    "mainProcurementCategory": "Works",
    "bidOpeningDate": "30-Nov-2023 12:00 PM",
    "tenderValueAmount": "3,17,17,936",
    "tender": [
        {
            "id": "2023_BTC_33672_1",
            "title": "Construction of No.1 Kembolpur via Horpur to Karlingpur IEC Church Road from Ch. 0.00 Km to Ch. 4.1 Km under CMs Goodwill Project for the year 2023-24. TN_26_38",
            "description": "Construction of No.1 Kembolpur via Horpur to Karlingpur IEC Church Road from Ch. 0.00 Km to Ch. 4.1 Km under CMs Goodwill Project for the year 2023-24. TN_26_38",
            "datePublished": "09-Nov-2023 10:30 AM",
            "contractType": "Item Rate",
            "procurementMethod": "Open Tender",
            "mainProcuremenCategory": "Works",
            "value": [
                {
                    "amount": "3,17,17,936",
                    "currency": "INR"
                }
            ],
            "bidOpeing": [
                {
                    "date": "30-Nov-2023 12:00 PM"
                }
            ]
        }
    ]
}