{
    "ocid": "ocds-f5kvwu-2023_BoTC_34259_1",
    "id": 1,
    "date": "2024-11-28",
    "fiscalYear": "2023-2024",
    "mainProcurementCategory": "Goods",
    "bidOpeningDate": "13-Dec-2023 01:00 PM",
    "tenderValueAmount": "99,96,000",
    "tender": [
        {
            "id": "2023_BoTC_34259_1",
            "title": "Procurement of six Nos Ambulance for Health Institutions under BTR for the year 2023-24",
            "description": "Procurement of six Nos Ambulance for Health Institutions under BTR for the year 2023-24",
            "datePublished": "29-Nov-2023 10:00 AM",
            "contractType": "Supply",
            "procurementMethod": "Open Tender",
            "mainProcuremenCategory": "Goods",
            "value": [
                {
                    "amount": "99,96,000",
                    "currency": "INR"
                }
            ],
            "bidOpeing": [
                {
                    "date": "13-Dec-2023 01:00 PM"
                }
            ]
        }
    ]
}