{
    "ocid": "ocds-f5kvwu-2023_AP_32014_1",
    "id": 1,
    "date": "2024-11-28",
    "fiscalYear": "2023-2024",
    "mainProcurementCategory": "Works",
    "bidOpeningDate": "31-Aug-2023 11:00 AM",
    "tenderValueAmount": NaN,
    "tender": [
        {
            "id": "2023_AP_32014_1",
            "title": "PROCUREMENT OF Armouring/ Fabrication (NIJ Level III) of 8 Nos. of Toyota Fortuner vehicles to be used for VIP/VVIP security.",
            "description": "PROCUREMENT OF Armouring/ Fabrication (NIJ Level III) of 8 Nos. of Toyota Fortuner vehicles to be used for VIP/VVIP security.",
            "datePublished": "09-Aug-2023 05:00 PM",
            "contractType": "Item Rate",
            "procurementMethod": "Open Tender",
            "mainProcuremenCategory": "Works",
            "value": [
                {
                    "amount": NaN,
                    "currency": "INR"
                }
            ],
            "bidOpeing": [
                {
                    "date": "31-Aug-2023 11:00 AM"
                }
            ]
        }
    ]
}