{
    "ocid": "ocds-f5kvwu-2023_BoTC_30850_1",
    "id": 1,
    "date": "2024-11-28",
    "fiscalYear": "2023-2024",
    "mainProcurementCategory": "Works",
    "bidOpeningDate": "01-Jun-2023 03:00 PM",
    "tenderValueAmount": "42,37,284",
    "tender": [
        {
            "id": "2023_BoTC_30850_1",
            "title": "Installation of Technology Enable Smart Class Room at Salbari College in Baksa District.",
            "description": "Installation of Technology Enable Smart Class Room at Salbari College in Baksa District.",
            "datePublished": "17-May-2023 01:00 PM",
            "contractType": "Works",
            "procurementMethod": "Open Tender",
            "mainProcuremenCategory": "Works",
            "value": [
                {
                    "amount": "42,37,284",
                    "currency": "INR"
                }
            ],
            "bidOpeing": [
                {
                    "date": "01-Jun-2023 03:00 PM"
                }
            ]
        }
    ]
}