{
    "ocid": "ocds-f5kvwu-2023_AEGCL_32900_1",
    "id": 1,
    "date": "2024-11-28",
    "fiscalYear": "2023-2024",
    "mainProcurementCategory": "Works",
    "bidOpeningDate": "16-Nov-2023 12:00 PM",
    "tenderValueAmount": "26,05,041",
    "tender": [
        {
            "id": "2023_AEGCL_32900_1",
            "title": "Construction of boundary wall of the colony laying of water pipeline Construction of Iron Gate at the colony entrance Construction of seven nos of septic tanks at 132kV Gohpur GSS AEGCL",
            "description": "Construction of boundary wall of the colony laying of water pipeline Construction of Iron Gate at the colony entrance Construction of seven nos of septic tanks at 132kV Gohpur GSS AEGCL",
            "datePublished": "10-Oct-2023 01:00 PM",
            "contractType": "Percentage",
            "procurementMethod": "Open Tender",
            "mainProcuremenCategory": "Works",
            "value": [
                {
                    "amount": "26,05,041",
                    "currency": "INR"
                }
            ],
            "bidOpeing": [
                {
                    "date": "16-Nov-2023 12:00 PM"
                }
            ]
        }
    ]
}