{
    "ocid": "ocds-f5kvwu-2023_APDCL_31589_1",
    "id": 1,
    "date": "2024-11-28",
    "fiscalYear": "2023-2024",
    "mainProcurementCategory": "Goods",
    "bidOpeningDate": "23-Aug-2023 03:00 PM",
    "tenderValueAmount": NaN,
    "tender": [
        {
            "id": "2023_APDCL_31589_1",
            "title": "Supply of 33/11 kV 10 MVA Power Transformers with associated accessories as per IS IEC standards in APDCL",
            "description": "Supply of 33/11 kV 10 MVA Power Transformers with associated accessories as per IS IEC standards in APDCL",
            "datePublished": "10-Jul-2023 09:00 AM",
            "contractType": "Supply",
            "procurementMethod": "Open Tender",
            "mainProcuremenCategory": "Goods",
            "value": [
                {
                    "amount": NaN,
                    "currency": "INR"
                }
            ],
            "bidOpeing": [
                {
                    "date": "23-Aug-2023 03:00 PM"
                }
            ]
        }
    ]
}