{
    "ocid": "ocds-f5kvwu-2023_BoTC_34289_1",
    "id": 1,
    "date": "2024-11-28",
    "fiscalYear": "2023-2024",
    "mainProcurementCategory": "Works",
    "bidOpeningDate": "15-Dec-2023 03:00 PM",
    "tenderValueAmount": "70,84,940",
    "tender": [
        {
            "id": "2023_BoTC_34289_1",
            "title": "Construction of 4 Nos of ACR at Udalguri Higher Secondary School Education Department at Udalguri, BTR",
            "description": "Construction of 4 Nos of ACR at Udalguri Higher Secondary School Education Department at Udalguri, BTR",
            "datePublished": "30-Nov-2023 11:00 AM",
            "contractType": "Works",
            "procurementMethod": "Open Tender",
            "mainProcuremenCategory": "Works",
            "value": [
                {
                    "amount": "70,84,940",
                    "currency": "INR"
                }
            ],
            "bidOpeing": [
                {
                    "date": "15-Dec-2023 03:00 PM"
                }
            ]
        }
    ]
}