{
    "ocid": "ocds-f5kvwu-2023_AEGCL_34497_1",
    "id": 1,
    "date": "2024-11-28",
    "fiscalYear": "2023-2024",
    "mainProcurementCategory": "Works",
    "bidOpeningDate": "30-Dec-2023 03:00 PM",
    "tenderValueAmount": "35,57,759",
    "tender": [
        {
            "id": "2023_AEGCL_34497_1",
            "title": "Construction of Server Room in Bijulee Bhawan, AEGCL, Paltanbazar, Guwahati-01",
            "description": "Construction of Server Room in Bijulee Bhawan, AEGCL, Paltanbazar, Guwahati-01",
            "datePublished": "08-Dec-2023 02:00 PM",
            "contractType": "Works",
            "procurementMethod": "Open Tender",
            "mainProcuremenCategory": "Works",
            "value": [
                {
                    "amount": "35,57,759",
                    "currency": "INR"
                }
            ],
            "bidOpeing": [
                {
                    "date": "30-Dec-2023 03:00 PM"
                }
            ]
        }
    ]
}