{
    "ocid": "ocds-f5kvwu-2023_AEGCL_32230_1",
    "id": 1,
    "date": "2024-11-28",
    "fiscalYear": "2023-2024",
    "mainProcurementCategory": "Works",
    "bidOpeningDate": "18-Sep-2023 02:00 PM",
    "tenderValueAmount": "25,20,000",
    "tender": [
        {
            "id": "2023_AEGCL_32230_1",
            "title": "PCC and Gravelling work of 132 KV Switchyard Area towards Augmentation of 132 KV Srikona GSS, AEGCL",
            "description": "PCC and Gravelling work of 132 KV Switchyard Area towards Augmentation of 132 KV Srikona GSS, AEGCL",
            "datePublished": "25-Aug-2023 02:00 PM",
            "contractType": "Works",
            "procurementMethod": "Open Tender",
            "mainProcuremenCategory": "Works",
            "value": [
                {
                    "amount": "25,20,000",
                    "currency": "INR"
                }
            ],
            "bidOpeing": [
                {
                    "date": "18-Sep-2023 02:00 PM"
                }
            ]
        }
    ]
}