{
    "ocid": "ocds-f5kvwu-2023_BTC_33632_1",
    "id": 1,
    "date": "2024-11-28",
    "fiscalYear": "2023-2024",
    "mainProcurementCategory": "Works",
    "bidOpeningDate": "30-Nov-2023 12:00 PM",
    "tenderValueAmount": "2,26,84,945",
    "tender": [
        {
            "id": "2023_BTC_33632_1",
            "title": "Construction of road from Paulpara Baldiabathan road to Mukhigaon Ujanpara road via Dharaipati Mukhigaon Tinali, Mukhigaon Chariali to Shaktiashram Dhauliguri road by providing SDBC under CMs Goodwill Project for the year 2023-24. TN_26_19",
            "description": "Construction of road from Paulpara Baldiabathan road to Mukhigaon Ujanpara road via Dharaipati Mukhigaon Tinali, Mukhigaon Chariali to Shaktiashram Dhauliguri road by providing SDBC under CMs Goodwill Project for the year 2023-24. TN_26_19",
            "datePublished": "09-Nov-2023 10:30 AM",
            "contractType": "Item Rate",
            "procurementMethod": "Open Tender",
            "mainProcuremenCategory": "Works",
            "value": [
                {
                    "amount": "2,26,84,945",
                    "currency": "INR"
                }
            ],
            "bidOpeing": [
                {
                    "date": "30-Nov-2023 12:00 PM"
                }
            ]
        }
    ]
}