{
    "ocid": "ocds-f5kvwu-2023_BoTC_30994_20",
    "id": 1,
    "date": "2024-11-28",
    "fiscalYear": "2023-2024",
    "mainProcurementCategory": "Works",
    "bidOpeningDate": "19-Jun-2023 02:00 PM",
    "tenderValueAmount": "1,09,09,010",
    "tender": [
        {
            "id": "2023_BoTC_30994_20",
            "title": "Construction of Canal System at Sukhang Sangra F.I.S under PMKSY-HKKP for the year 2021-22",
            "description": "Construction of Canal System at Sukhang Sangra F.I.S under PMKSY-HKKP for the year 2021-22",
            "datePublished": "27-May-2023 06:55 PM",
            "contractType": "Works",
            "procurementMethod": "Open Tender",
            "mainProcuremenCategory": "Works",
            "value": [
                {
                    "amount": "1,09,09,010",
                    "currency": "INR"
                }
            ],
            "bidOpeing": [
                {
                    "date": "19-Jun-2023 02:00 PM"
                }
            ]
        }
    ]
}