{
    "ocid": "ocds-f5kvwu-2023_BoTC_33433_1",
    "id": 1,
    "date": "2024-11-28",
    "fiscalYear": "2023-2024",
    "mainProcurementCategory": "Works",
    "bidOpeningDate": "23-Nov-2023 02:30 PM",
    "tenderValueAmount": "22,56,000",
    "tender": [
        {
            "id": "2023_BoTC_33433_1",
            "title": "Const of road with sand gravelling",
            "description": "Const of road with sand gravelling",
            "datePublished": "02-Nov-2023 10:00 AM",
            "contractType": "Works",
            "procurementMethod": "Open Tender",
            "mainProcuremenCategory": "Works",
            "value": [
                {
                    "amount": "22,56,000",
                    "currency": "INR"
                }
            ],
            "bidOpeing": [
                {
                    "date": "23-Nov-2023 02:30 PM"
                }
            ]
        }
    ]
}