{
    "ocid": "ocds-f5kvwu-2023_BoTC_34293_1",
    "id": 1,
    "date": "2024-11-28",
    "fiscalYear": "2023-2024",
    "mainProcurementCategory": "Works",
    "bidOpeningDate": "20-Dec-2023 03:30 PM",
    "tenderValueAmount": "47,40,800",
    "tender": [
        {
            "id": "2023_BoTC_34293_1",
            "title": "Creation of 1.5 Ha Nursery (as per latest CAMPA norms) at Paraura Social Forestry Range Fakiragram",
            "description": "Creation of 1.5 Ha Nursery (as per latest CAMPA norms) at Paraura Social Forestry Range Fakiragram",
            "datePublished": "30-Nov-2023 06:50 PM",
            "contractType": "Works",
            "procurementMethod": "Open Tender",
            "mainProcuremenCategory": "Works",
            "value": [
                {
                    "amount": "47,40,800",
                    "currency": "INR"
                }
            ],
            "bidOpeing": [
                {
                    "date": "20-Dec-2023 03:30 PM"
                }
            ]
        }
    ]
}