{
    "ocid": "ocds-f5kvwu-2023_APGCL_31921_1",
    "id": 1,
    "date": "2024-11-28",
    "fiscalYear": "2023-2024",
    "mainProcurementCategory": "Works",
    "bidOpeningDate": "24-Aug-2023 03:00 PM",
    "tenderValueAmount": "57,65,272",
    "tender": [
        {
            "id": "2023_APGCL_31921_1",
            "title": "Painting and water treatment plant KLHEP",
            "description": "Painting and water treatment plant KLHEP",
            "datePublished": "04-Aug-2023 09:00 AM",
            "contractType": "Tender cum Auction",
            "procurementMethod": "Open Tender",
            "mainProcuremenCategory": "Works",
            "value": [
                {
                    "amount": "57,65,272",
                    "currency": "INR"
                }
            ],
            "bidOpeing": [
                {
                    "date": "24-Aug-2023 03:00 PM"
                }
            ]
        }
    ]
}