{
    "ocid": "ocds-f5kvwu-2023_BoTC_33291_1",
    "id": 1,
    "date": "2024-11-28",
    "fiscalYear": "2023-2024",
    "mainProcurementCategory": "Goods",
    "bidOpeningDate": "18-Nov-2023 01:00 PM",
    "tenderValueAmount": "52,23,500",
    "tender": [
        {
            "id": "2023_BoTC_33291_1",
            "title": "DHS/BTC/E-TENDER/2023-24/10",
            "description": "DHS/BTC/E-TENDER/2023-24/10",
            "datePublished": "27-Oct-2023 10:00 AM",
            "contractType": "Supply",
            "procurementMethod": "Open Tender",
            "mainProcuremenCategory": "Goods",
            "value": [
                {
                    "amount": "52,23,500",
                    "currency": "INR"
                }
            ],
            "bidOpeing": [
                {
                    "date": "18-Nov-2023 01:00 PM"
                }
            ]
        }
    ]
}