{
    "ocid": "ocds-f5kvwu-2023_BTC_33660_1",
    "id": 1,
    "date": "2024-11-28",
    "fiscalYear": "2023-2024",
    "mainProcurementCategory": "Works",
    "bidOpeningDate": "30-Nov-2023 12:00 PM",
    "tenderValueAmount": "2,54,13,753",
    "tender": [
        {
            "id": "2023_BTC_33660_1",
            "title": "Construction of road from Narabari Daokibari Road to Bedlangmari via Silbari From Ch.0.00m to Ch. 3000.00m by providing ICBP under CMs Goodwill Project for the year 2023-24. TN_26_31",
            "description": "Construction of road from Narabari Daokibari Road to Bedlangmari via Silbari From Ch.0.00m to Ch. 3000.00m by providing ICBP under CMs Goodwill Project for the year 2023-24. TN_26_31",
            "datePublished": "09-Nov-2023 10:30 AM",
            "contractType": "Item Rate",
            "procurementMethod": "Open Tender",
            "mainProcuremenCategory": "Works",
            "value": [
                {
                    "amount": "2,54,13,753",
                    "currency": "INR"
                }
            ],
            "bidOpeing": [
                {
                    "date": "30-Nov-2023 12:00 PM"
                }
            ]
        }
    ]
}