{
    "ocid": "ocds-f5kvwu-2023_BoTC_35090_1",
    "id": 1,
    "date": "2024-11-28",
    "fiscalYear": "2023-2024",
    "mainProcurementCategory": "Goods",
    "bidOpeningDate": "15-Jan-2024 03:30 PM",
    "tenderValueAmount": "35,50,000",
    "tender": [
        {
            "id": "2023_BoTC_35090_1",
            "title": "Procurement and installation of Offset Machine and Spiral Binding Machine",
            "description": "Procurement and installation of Offset Machine and Spiral Binding Machine",
            "datePublished": "30-Dec-2023 03:00 PM",
            "contractType": "Supply",
            "procurementMethod": "Open Tender",
            "mainProcuremenCategory": "Goods",
            "value": [
                {
                    "amount": "35,50,000",
                    "currency": "INR"
                }
            ],
            "bidOpeing": [
                {
                    "date": "15-Jan-2024 03:30 PM"
                }
            ]
        }
    ]
}