{
    "ocid": "ocds-f5kvwu-2023_BoTC_34320_1",
    "id": 1,
    "date": "2024-11-28",
    "fiscalYear": "2023-2024",
    "mainProcurementCategory": "Works",
    "bidOpeningDate": "29-Dec-2023 03:30 PM",
    "tenderValueAmount": "23,78,947",
    "tender": [
        {
            "id": "2023_BoTC_34320_1",
            "title": "Const. of road from Subhaijhar bazar village road to Dologaon village road under 15th FC for the year 2021-22 during 2023-24.",
            "description": "Const. of road from Subhaijhar bazar village road to Dologaon village road under 15th FC for the year 2021-22 during 2023-24.",
            "datePublished": "01-Dec-2023 03:00 PM",
            "contractType": "Item Rate",
            "procurementMethod": "Open Tender",
            "mainProcuremenCategory": "Works",
            "value": [
                {
                    "amount": "23,78,947",
                    "currency": "INR"
                }
            ],
            "bidOpeing": [
                {
                    "date": "29-Dec-2023 03:30 PM"
                }
            ]
        }
    ]
}