{
    "ocid": "ocds-f5kvwu-2018_WPTBC_6506_1",
    "id": "1",
    "date": "2024-11-27",
    "tag": [
        "tender"
    ],
    "initiationType": "tender",
    "parties": [
        {
            "id": "welfareofplaintribesandbackwardclasses",
            "name": "Welfare of Plain Tribes and Backward Classes",
            "roles": [
                "buyer"
            ]
        },
        {
            "id": "ganeshneog",
            "name": "Ganesh Neog",
            "roles": [
                "tenderer"
            ]
        },
        {
            "id": "msstarconstructions",
            "name": "M/S STAR CONSTRUCTIONS",
            "roles": [
                "tenderer",
                "supplier"
            ]
        },
        {
            "id": "principalsecretary",
            "name": "Principal Secretary",
            "address": [
                {
                    "streetAddress": "Principal Secretary TKAC Assam Titabar"
                }
            ],
            "roles": [
                "procuringEntity"
            ]
        }
    ],
    "buyer": [
        {
            "name": "Welfare of Plain Tribes and Backward Classes",
            "id": "welfareofplaintribesandbackwardclasses"
        }
    ],
    "tender": [
        {
            "id": "2018_WPTBC_6506_1",
            "identifiers": [
                {
                    "id": "No TKAC 13/16-17/17 Dtd 19/03/2018",
                    "scheme": "external"
                }
            ],
            "title": "Thengal Gaon River Training Golaghat",
            "description": "Thengal Gaon River Training Golaghat",
            "datePublished": "2018-24-03 09:00",
            "contractType": "Tender",
            "submissionTerms": [
                {
                    "allowPreferentialBidder": "No",
                    "allowMultiCurrencyFee": "No",
                    "allowMultiCurrencyBQQ": "No",
                    "bidValidityPeriod": [
                        {
                            "durationInDays": 180
                        }
                    ]
                }
            ],
            "procuringEntity": [
                {
                    "name": "Principal Secretary",
                    "id": "principalsecretary"
                }
            ],
            "items": [
                {
                    "id": "01",
                    "classification": [
                        {
                            "description": "Construction Works"
                        }
                    ],
                    "additionalClassifications": [
                        {
                            "description": "Work Item Details > Subcategory"
                        }
                    ],
                    "deliveryAddresses": [
                        {
                            "postalCode": "785621.0",
                            "streetAddress": "Golaghat"
                        }
                    ]
                }
            ],
            "value": [
                {
                    "amount": 7000000.0,
                    "currency": "INR"
                }
            ],
            "procurementMethod": "Open Tender",
            "mainProcurementCategory": "Item Rate",
            "tenderPeriod": [
                {
                    "startDate": "2018-24-03 09:00",
                    "endDate": "2018-29-03 14:00",
                    "durationInDays": 5
                }
            ],
            "contractPeriod": [
                {
                    "durationInDays": 90
                }
            ],
            "communication": [
                {
                    "id": 1,
                    "documentAvailabilityPeriod": [
                        {
                            "startDate": "2018-24-03 09:00",
                            "endDate": "2018-29-03 14:00"
                        }
                    ]
                }
            ],
            "bidOpening": [
                {
                    "date": "2018-29-03 15:00",
                    "address": [
                        {
                            "streetAddress": "Principal Secretary TKAC Assam Titabar"
                        }
                    ]
                }
            ],
            "participationFees": [
                {
                    "id": "01",
                    "value": [
                        {
                            "amount": 2000.0,
                            "currency": "INR"
                        }
                    ],
                    "description": "Principal Secretary TKAC Assam Titabar"
                }
            ],
            "numberOfTenderers": 5,
            "milestones": [
                {
                    "id": "1",
                    "title": "Published Date",
                    "type": "Pre-procurement milestones",
                    "dueDate": "2018-24-03 09:00"
                },
                {
                    "id": "2",
                    "title": "Document Download / Sale Start Date",
                    "type": "Pre-procurement milestones",
                    "dueDate": "2018-24-03 09:00"
                },
                {
                    "id": "3",
                    "title": "Bid Submission Start Date",
                    "type": "Pre-procurement milestones",
                    "dueDate": "2018-24-03 09:00"
                },
                {
                    "id": "4",
                    "title": "Bid Opening Date",
                    "type": "Pre-procurement milestones",
                    "dueDate": "2018-29-03 15:00"
                },
                {
                    "id": "5",
                    "title": "Document Download / Sale End Date",
                    "type": "Pre-procurement milestones",
                    "dueDate": "2018-29-03 14:00"
                },
                {
                    "id": "6",
                    "title": "Bid Submission End Date",
                    "type": "Pre-procurement milestones",
                    "dueDate": "2018-29-03 14:00"
                },
                {
                    "id": "7",
                    "title": "Financial Bid Opening Date",
                    "type": "Pre-procurement milestones",
                    "dueDate": "2018-11-04 11:30"
                }
            ],
            "fiscalYear": "2017-2018"
        }
    ],
    "bids": [
        {
            "id": 1,
            "details": [
                {
                    "id": "33009.0",
                    "date": "2018-27-03 17:26",
                    "status": "Rejected-Finance",
                    "tenderers": [
                        {
                            "id": "ganeshneog",
                            "name": "Ganesh Neog"
                        }
                    ]
                },
                {
                    "id": "33173.0",
                    "date": "2018-29-03 04:15",
                    "status": "Accepted-AOC",
                    "tenderers": [
                        {
                            "id": "msstarconstructions",
                            "name": "M/S STAR CONSTRUCTIONS"
                        }
                    ]
                }
            ]
        }
    ],
    "statistics": [
        {
            "id": "1",
            "value": 6300000.0,
            "currency": "INR",
            "measure": "contractValue"
        }
    ],
    "awards": [
        {
            "id": 1,
            "value": [
                {
                    "amount": 6300000.0,
                    "currency": "INR"
                }
            ],
            "suppliers": [
                {
                    "id": "msstarconstructions",
                    "name": "M/S STAR CONSTRUCTIONS"
                }
            ],
            "contractPeriod": [
                {
                    "startDate": "2024-20-03",
                    "durationInDays": 90
                }
            ]
        },
        {
            "id": 2,
            "value": [
                {
                    "amount": "6300000",
                    "currency": "INR"
                }
            ]
        }
    ]
}