{
    "ocid": "ocds-f5kvwu-2018_WPTBC_6509_1",
    "id": "1",
    "date": "2024-11-27",
    "tag": [
        "tender"
    ],
    "initiationType": "tender",
    "parties": [
        {
            "id": "welfareofplaintribesandbackwardclasses",
            "name": "Welfare of Plain Tribes and Backward Classes",
            "roles": [
                "buyer"
            ]
        },
        {
            "id": "msstarconstructions",
            "name": "M/S STAR CONSTRUCTIONS",
            "roles": [
                "tenderer",
                "supplier"
            ]
        },
        {
            "id": "poppybora",
            "name": "POPPY BORA",
            "roles": [
                "tenderer"
            ]
        },
        {
            "id": "upensaikia",
            "name": "UPEN SAIKIA",
            "roles": [
                "tenderer"
            ]
        },
        {
            "id": "principalsecretarytkac",
            "name": "Principal Secretary TKAC",
            "address": [
                {
                    "streetAddress": "Principal Secretary Thengal Kachari Autonomous Council Assam Titabar"
                }
            ],
            "roles": [
                "procuringEntity"
            ]
        }
    ],
    "buyer": [
        {
            "name": "Welfare of Plain Tribes and Backward Classes",
            "id": "welfareofplaintribesandbackwardclasses"
        }
    ],
    "tender": [
        {
            "id": "2018_WPTBC_6509_1",
            "identifiers": [
                {
                    "id": "TKAC 13/16-17/17 Dated 19/03/2018",
                    "scheme": "external"
                }
            ],
            "title": "Construction of Assam Type Godown building of TKAC at Dhali",
            "description": "Construction of Assam Type Godown building of TKAC at Dhali",
            "datePublished": "2018-26-03 09:00",
            "contractType": "Tender",
            "submissionTerms": [
                {
                    "allowPreferentialBidder": "No",
                    "allowMultiCurrencyFee": "No",
                    "allowMultiCurrencyBQQ": "No",
                    "bidValidityPeriod": [
                        {
                            "durationInDays": 180
                        }
                    ]
                }
            ],
            "procuringEntity": [
                {
                    "name": "Principal Secretary TKAC",
                    "id": "principalsecretarytkac"
                }
            ],
            "items": [
                {
                    "id": "01",
                    "classification": [
                        {
                            "description": "Civil Works"
                        }
                    ],
                    "additionalClassifications": [
                        {
                            "description": "Work Item Details > Subcategory"
                        }
                    ],
                    "deliveryAddresses": [
                        {
                            "postalCode": "785630.0",
                            "streetAddress": "Dhali"
                        }
                    ]
                }
            ],
            "value": [
                {
                    "amount": 4146000.0,
                    "currency": "INR"
                }
            ],
            "procurementMethod": "Open Tender",
            "mainProcurementCategory": "Percentage",
            "tenderPeriod": [
                {
                    "startDate": "2018-26-03 09:00",
                    "endDate": "2018-31-03 14:00",
                    "durationInDays": 5
                }
            ],
            "contractPeriod": [
                {
                    "durationInDays": 90
                }
            ],
            "communication": [
                {
                    "id": 1,
                    "documentAvailabilityPeriod": [
                        {
                            "startDate": "2018-26-03 10:00",
                            "endDate": "2018-31-03 14:00"
                        }
                    ]
                }
            ],
            "bidOpening": [
                {
                    "date": "2018-31-03 15:00",
                    "address": [
                        {
                            "streetAddress": "Principal Secretary TKAC Assam Titabar"
                        }
                    ]
                }
            ],
            "participationFees": [
                {
                    "id": "01",
                    "value": [
                        {
                            "amount": 2000.0,
                            "currency": "INR"
                        }
                    ],
                    "description": "Principal Secretary TKAC Assam Titabar"
                }
            ],
            "numberOfTenderers": 5,
            "milestones": [
                {
                    "id": "1",
                    "title": "Published Date",
                    "type": "Pre-procurement milestones",
                    "dueDate": "2018-26-03 09:00"
                },
                {
                    "id": "2",
                    "title": "Document Download / Sale Start Date",
                    "type": "Pre-procurement milestones",
                    "dueDate": "2018-26-03 10:00"
                },
                {
                    "id": "3",
                    "title": "Bid Submission Start Date",
                    "type": "Pre-procurement milestones",
                    "dueDate": "2018-26-03 11:00"
                },
                {
                    "id": "4",
                    "title": "Bid Opening Date",
                    "type": "Pre-procurement milestones",
                    "dueDate": "2018-31-03 15:00"
                },
                {
                    "id": "5",
                    "title": "Document Download / Sale End Date",
                    "type": "Pre-procurement milestones",
                    "dueDate": "2018-31-03 14:00"
                },
                {
                    "id": "6",
                    "title": "Bid Submission End Date",
                    "type": "Pre-procurement milestones",
                    "dueDate": "2018-31-03 14:00"
                },
                {
                    "id": "7",
                    "title": "Financial Bid Opening Date",
                    "type": "Pre-procurement milestones",
                    "dueDate": "2018-29-05 10:00"
                }
            ],
            "fiscalYear": "2017-2018"
        }
    ],
    "bids": [
        {
            "id": 1,
            "details": [
                {
                    "id": "33253.0",
                    "date": "2018-30-03 18:01",
                    "status": "Not Admitted-Fee/PreQual/Technical",
                    "tenderers": [
                        {
                            "id": "poppybora",
                            "name": "POPPY BORA"
                        }
                    ]
                },
                {
                    "id": "33269.0",
                    "date": "2018-30-03 20:08",
                    "status": "Not Admitted-Fee/PreQual/Technical",
                    "tenderers": [
                        {
                            "id": "upensaikia",
                            "name": "UPEN SAIKIA"
                        }
                    ]
                },
                {
                    "id": "33181.0",
                    "date": "2018-29-03 06:09",
                    "status": "Accepted-AOC",
                    "tenderers": [
                        {
                            "id": "msstarconstructions",
                            "name": "M/S STAR CONSTRUCTIONS"
                        }
                    ]
                }
            ]
        }
    ],
    "statistics": [
        {
            "id": "1",
            "value": 3731400.0,
            "currency": "INR",
            "measure": "contractValue"
        }
    ],
    "awards": [
        {
            "id": 1,
            "value": [
                {
                    "amount": 3731400.0,
                    "currency": "INR"
                }
            ],
            "suppliers": [
                {
                    "id": "msstarconstructions",
                    "name": "M/S STAR CONSTRUCTIONS"
                }
            ],
            "contractPeriod": [
                {
                    "startDate": "2024-19-03",
                    "durationInDays": 90
                }
            ]
        },
        {
            "id": 2,
            "value": [
                {
                    "amount": "3731400",
                    "currency": "INR"
                }
            ]
        }
    ]
}