{
    "ocid": "ocds-f5kvwu-2019_WPTBC_11286_1",
    "id": "1",
    "date": "2024-11-27",
    "tag": [
        "tender"
    ],
    "initiationType": "tender",
    "parties": [
        {
            "id": "welfareofplaintribesandbackwardclasses",
            "name": "Welfare of Plain Tribes and Backward Classes",
            "roles": [
                "buyer"
            ]
        },
        {
            "id": "gouridistributors",
            "name": "Gouri Distributors",
            "roles": [
                "tenderer"
            ]
        },
        {
            "id": "kamakhyaenterprises",
            "name": "KAMAKHYA ENTERPRISES",
            "roles": [
                "tenderer"
            ]
        },
        {
            "id": "modienterprise",
            "name": "MODI ENTERPRISE",
            "roles": [
                "tenderer"
            ]
        },
        {
            "id": "pbtenttraders",
            "name": "P.B.TENT & TRADERS",
            "roles": [
                "tenderer"
            ]
        },
        {
            "id": "rishiandco",
            "name": "RISHI AND CO",
            "roles": [
                "tenderer"
            ]
        },
        {
            "id": "shagencies",
            "name": "S.H.AGENCIES",
            "roles": [
                "tenderer"
            ]
        },
        {
            "id": "skagency",
            "name": "S K AGENCY",
            "roles": [
                "tenderer"
            ]
        },
        {
            "id": "stationeryhome",
            "name": "STATIONERY HOME",
            "roles": [
                "tenderer"
            ]
        },
        {
            "id": "techsavvy",
            "name": "TECH SAVVY",
            "roles": [
                "tenderer"
            ]
        },
        {
            "id": "trinayanandco",
            "name": "Trinayan and Co.",
            "roles": [
                "tenderer",
                "supplier"
            ]
        },
        {
            "id": "principalsecretarytkac",
            "name": "Principal Secretary TKAC",
            "address": [
                {
                    "streetAddress": "Principal Secretary Thengal Kachari Autonomous Council Assam Titabar"
                }
            ],
            "roles": [
                "procuringEntity"
            ]
        }
    ],
    "buyer": [
        {
            "name": "Welfare of Plain Tribes and Backward Classes",
            "id": "welfareofplaintribesandbackwardclasses"
        }
    ],
    "tender": [
        {
            "id": "2019_WPTBC_11286_1",
            "identifiers": [
                {
                    "id": "TKAC 73/2018",
                    "scheme": "external"
                }
            ],
            "title": "SUPPLY OF ITEMS For the Year 2018-19 Re",
            "description": "SUPPLY OF ITEMS For the Year 2018-19 Re",
            "datePublished": "2019-22-01 13:00",
            "contractType": "Tender",
            "submissionTerms": [
                {
                    "allowPreferentialBidder": "No",
                    "allowMultiCurrencyFee": "No",
                    "allowMultiCurrencyBQQ": "No",
                    "bidValidityPeriod": [
                        {
                            "durationInDays": 90
                        }
                    ]
                }
            ],
            "procuringEntity": [
                {
                    "name": "Principal Secretary TKAC",
                    "id": "principalsecretarytkac"
                }
            ],
            "items": [
                {
                    "id": "01",
                    "classification": [
                        {
                            "description": "Miscellaneous Goods"
                        }
                    ],
                    "additionalClassifications": [
                        {
                            "description": "Work Item Details > Subcategory"
                        }
                    ],
                    "deliveryAddresses": [
                        {
                            "postalCode": "785001.0",
                            "streetAddress": "Jorhat"
                        }
                    ]
                }
            ],
            "value": [
                {
                    "amount": 0.0,
                    "currency": "INR"
                }
            ],
            "procurementMethod": "Open Tender",
            "mainProcurementCategory": "Supply",
            "tenderPeriod": [
                {
                    "startDate": "2019-22-01 13:00",
                    "endDate": "2019-28-01 13:00",
                    "durationInDays": 6
                }
            ],
            "contractPeriod": [
                {
                    "durationInDays": 365
                }
            ],
            "communication": [
                {
                    "id": 1,
                    "documentAvailabilityPeriod": [
                        {
                            "startDate": "2019-22-01 13:00",
                            "endDate": "2019-28-01 13:00"
                        }
                    ]
                }
            ],
            "bidOpening": [
                {
                    "date": "2019-28-01 16:00",
                    "address": [
                        {
                            "streetAddress": "O/o Principal Secretary TKAC"
                        }
                    ]
                }
            ],
            "participationFees": [
                {
                    "id": "01",
                    "value": [
                        {
                            "amount": 2000.0,
                            "currency": "INR"
                        }
                    ],
                    "description": "Principal Secretary TKAC Titabar"
                }
            ],
            "numberOfTenderers": 11,
            "milestones": [
                {
                    "id": "1",
                    "title": "Published Date",
                    "type": "Pre-procurement milestones",
                    "dueDate": "2019-22-01 13:00"
                },
                {
                    "id": "2",
                    "title": "Document Download / Sale Start Date",
                    "type": "Pre-procurement milestones",
                    "dueDate": "2019-22-01 13:00"
                },
                {
                    "id": "3",
                    "title": "Bid Submission Start Date",
                    "type": "Pre-procurement milestones",
                    "dueDate": "2019-22-01 17:00"
                },
                {
                    "id": "4",
                    "title": "Bid Opening Date",
                    "type": "Pre-procurement milestones",
                    "dueDate": "2019-28-01 16:00"
                },
                {
                    "id": "5",
                    "title": "Document Download / Sale End Date",
                    "type": "Pre-procurement milestones",
                    "dueDate": "2019-28-01 13:00"
                },
                {
                    "id": "6",
                    "title": "Bid Submission End Date",
                    "type": "Pre-procurement milestones",
                    "dueDate": "2019-28-01 13:00"
                },
                {
                    "id": "7",
                    "title": "Financial Bid Opening Date",
                    "type": "Pre-procurement milestones",
                    "dueDate": "2019-11-02 11:00"
                }
            ],
            "fiscalYear": "2018-2019"
        }
    ],
    "bids": [
        {
            "id": 1,
            "details": [
                {
                    "id": "53046.0",
                    "date": "2019-27-01 18:10",
                    "status": "Not Admitted-Fee/PreQual/Technical",
                    "tenderers": [
                        {
                            "id": "gouridistributors",
                            "name": "Gouri Distributors"
                        }
                    ]
                },
                {
                    "id": "53000.0",
                    "date": "2019-28-01 08:50",
                    "status": "Rejected-Finance",
                    "tenderers": [
                        {
                            "id": "kamakhyaenterprises",
                            "name": "KAMAKHYA ENTERPRISES"
                        }
                    ]
                },
                {
                    "id": "53030.0",
                    "date": "2019-28-01 00:11",
                    "status": "Not Admitted-Fee/PreQual/Technical",
                    "tenderers": [
                        {
                            "id": "modienterprise",
                            "name": "MODI ENTERPRISE"
                        }
                    ]
                },
                {
                    "id": "52939.0",
                    "date": "2019-28-01 10:30",
                    "status": "Not Admitted-Fee/PreQual/Technical",
                    "tenderers": [
                        {
                            "id": "pbtenttraders",
                            "name": "P.B.TENT & TRADERS"
                        }
                    ]
                },
                {
                    "id": "52930.0",
                    "date": "2019-28-01 10:49",
                    "status": "Not Admitted-Fee/PreQual/Technical",
                    "tenderers": [
                        {
                            "id": "rishiandco",
                            "name": "RISHI AND CO"
                        }
                    ]
                },
                {
                    "id": "53062.0",
                    "date": "2019-27-01 21:00",
                    "status": "Not Admitted-Fee/PreQual/Technical",
                    "tenderers": [
                        {
                            "id": "shagencies",
                            "name": "S.H.AGENCIES"
                        }
                    ]
                },
                {
                    "id": "53065.0",
                    "date": "2019-27-01 21:16",
                    "status": "Rejected-Finance",
                    "tenderers": [
                        {
                            "id": "skagency",
                            "name": "S K AGENCY"
                        }
                    ]
                },
                {
                    "id": "52958.0",
                    "date": "2019-27-01 20:47",
                    "status": "Not Admitted-Fee/PreQual/Technical",
                    "tenderers": [
                        {
                            "id": "stationeryhome",
                            "name": "STATIONERY HOME"
                        }
                    ]
                },
                {
                    "id": "53103.0",
                    "date": "2019-28-01 09:50",
                    "status": "Not Admitted-Fee/PreQual/Technical",
                    "tenderers": [
                        {
                            "id": "techsavvy",
                            "name": "TECH SAVVY"
                        }
                    ]
                },
                {
                    "id": "53037.0",
                    "date": "2019-27-01 17:17",
                    "status": "Accepted-AOC",
                    "tenderers": [
                        {
                            "id": "trinayanandco",
                            "name": "Trinayan and Co."
                        }
                    ]
                }
            ]
        }
    ],
    "statistics": [
        {
            "id": "1",
            "value": 22471.0,
            "currency": "INR",
            "measure": "contractValue"
        }
    ],
    "awards": [
        {
            "id": 1,
            "value": [
                {
                    "amount": 22471.0,
                    "currency": "INR"
                }
            ],
            "suppliers": [
                {
                    "id": "trinayanandco",
                    "name": "Trinayan and Co."
                }
            ],
            "contractPeriod": [
                {
                    "startDate": "2024-20-03",
                    "durationInDays": 365
                }
            ]
        },
        {
            "id": 2,
            "value": [
                {
                    "amount": "22471",
                    "currency": "INR"
                }
            ]
        }
    ]
}