{
    "ocid": "ocds-f5kvwu-2020_ASPIR_19080_1",
    "id": "1",
    "date": "2024-11-27",
    "tag": [
        "tender"
    ],
    "initiationType": "tender",
    "parties": [
        {
            "id": "financedepartmentworldbanktenders",
            "name": "Finance Department - World Bank Tenders",
            "roles": [
                "buyer"
            ]
        },
        {
            "id": "apsadvertisingprivatelimited",
            "name": "APS Advertising Private Limited",
            "roles": [
                "tenderer",
                "supplier"
            ]
        },
        {
            "id": "artentertainmentandservicespvtltd",
            "name": "ART ENTERTAINMENT AND SERVICES PVT. LTD.",
            "roles": [
                "tenderer",
                "supplier"
            ]
        },
        {
            "id": "exclusiveadvertisingprivatelimited",
            "name": "Exclusive Advertising Private Limited",
            "roles": [
                "tenderer",
                "supplier"
            ]
        },
        {
            "id": "indianewscommunicationslikited",
            "name": "India News Communications Likited",
            "roles": [
                "tenderer"
            ]
        },
        {
            "id": "insightbrandcomprivatelimited",
            "name": "Insight Brandcom Private Limited",
            "roles": [
                "tenderer",
                "supplier"
            ]
        },
        {
            "id": "modeadvertisingandmarketingpvtltd",
            "name": "Mode Advertising and Marketing Pvt Ltd",
            "roles": [
                "tenderer",
                "supplier"
            ]
        },
        {
            "id": "pricewaterhousecoopersprivatelimited",
            "name": "Pricewaterhouse Coopers Private Limited",
            "roles": [
                "tenderer"
            ]
        },
        {
            "id": "sreshtacommunications",
            "name": "Sreshta Communications",
            "roles": [
                "tenderer",
                "supplier"
            ]
        },
        {
            "id": "projectdirectorascfms",
            "name": "Project Director, AS-CFMS",
            "address": [
                {
                    "streetAddress": "F-Block, Janata Bhawan, Dispur, Guwahati"
                }
            ],
            "roles": [
                "procuringEntity"
            ]
        }
    ],
    "buyer": [
        {
            "name": "Finance Department - World Bank Tenders",
            "id": "financedepartmentworldbanktenders"
        }
    ],
    "tender": [
        {
            "id": "2020_ASPIR_19080_1",
            "identifiers": [
                {
                    "id": "IN-AS-CFMS-196354-CS-QCBS",
                    "scheme": "external"
                }
            ],
            "title": "Request for Expressions of Interest for Engagement of Communications Agency for AS-CFMS",
            "description": "Request for Expressions of Interest for Engagement of Communications Agency for AS-CFMS",
            "datePublished": "2020-23-10 13:50",
            "contractType": "Tender",
            "submissionTerms": [
                {
                    "allowPreferentialBidder": "No",
                    "allowMultiCurrencyFee": "No",
                    "allowMultiCurrencyBQQ": "No",
                    "bidValidityPeriod": [
                        {
                            "durationInDays": 180
                        }
                    ]
                }
            ],
            "procuringEntity": [
                {
                    "name": "Project Director, AS-CFMS",
                    "id": "projectdirectorascfms"
                }
            ],
            "items": [
                {
                    "id": "01",
                    "classification": [
                        {
                            "description": "Consultancy"
                        }
                    ],
                    "additionalClassifications": [
                        {
                            "description": "Work Item Details > Subcategory"
                        }
                    ],
                    "deliveryAddresses": [
                        {
                            "postalCode": "781006.0",
                            "streetAddress": "Guwahati"
                        }
                    ]
                }
            ],
            "procurementMethod": "Open Tender",
            "mainProcurementCategory": "EOI",
            "tenderPeriod": [
                {
                    "startDate": "2020-23-10 13:50",
                    "endDate": "2020-05-11 15:00",
                    "durationInDays": 13
                }
            ],
            "enquiryPeriod": [
                {
                    "startDate": "2020-23-10 14:00",
                    "endDate": "2020-29-10 17:00",
                    "durationInDays": 6
                }
            ],
            "contractPeriod": [
                {
                    "durationInDays": 730
                }
            ],
            "communication": [
                {
                    "id": 1,
                    "documentAvailabilityPeriod": [
                        {
                            "startDate": "2020-23-10 14:00",
                            "endDate": "2020-05-11 15:00"
                        }
                    ]
                }
            ],
            "bidOpening": [
                {
                    "date": "2020-05-11 15:30",
                    "address": [
                        {
                            "streetAddress": "Guwahati"
                        }
                    ]
                }
            ],
            "participationFees": [
                {
                    "id": "01",
                    "value": [
                        {
                            "amount": 0.0,
                            "currency": "INR"
                        }
                    ],
                    "description": "Nil"
                }
            ],
            "numberOfTenderers": 9,
            "milestones": [
                {
                    "id": "1",
                    "title": "Published Date",
                    "type": "Pre-procurement milestones",
                    "dueDate": "2020-23-10 13:50"
                },
                {
                    "id": "2",
                    "title": "Document Download / Sale Start Date",
                    "type": "Pre-procurement milestones",
                    "dueDate": "2020-23-10 14:00"
                },
                {
                    "id": "3",
                    "title": "Clarification Start Date",
                    "type": "Pre-procurement milestones",
                    "dueDate": "2020-23-10 14:00"
                },
                {
                    "id": "4",
                    "title": "Bid Submission Start Date",
                    "type": "Pre-procurement milestones",
                    "dueDate": "2020-31-10 09:00"
                },
                {
                    "id": "5",
                    "title": "Bid Opening Date",
                    "type": "Pre-procurement milestones",
                    "dueDate": "2020-05-11 15:30"
                },
                {
                    "id": "6",
                    "title": "Document Download / Sale End Date",
                    "type": "Pre-procurement milestones",
                    "dueDate": "2020-05-11 15:00"
                },
                {
                    "id": "7",
                    "title": "Clarification End Date",
                    "type": "Pre-procurement milestones",
                    "dueDate": "2020-29-10 17:00"
                },
                {
                    "id": "8",
                    "title": "Bid Submission End Date",
                    "type": "Pre-procurement milestones",
                    "dueDate": "2020-05-11 15:00"
                }
            ],
            "fiscalYear": "2020-2021"
        }
    ],
    "bids": [
        {
            "id": 1,
            "details": [
                {
                    "id": "97188.0",
                    "date": "2020-05-11 14:16",
                    "status": "Rejected-Technical",
                    "tenderers": [
                        {
                            "id": "indianewscommunicationslikited",
                            "name": "India News Communications Likited"
                        }
                    ]
                },
                {
                    "id": "97231.0",
                    "date": "2020-05-11 14:57",
                    "status": "Rejected-Technical",
                    "tenderers": [
                        {
                            "id": "pricewaterhousecoopersprivatelimited",
                            "name": "Pricewaterhouse Coopers Private Limited"
                        }
                    ]
                },
                {
                    "id": "97228.0",
                    "date": "2020-05-11 13:11",
                    "status": "Accepted-AOC",
                    "tenderers": [
                        {
                            "id": "apsadvertisingprivatelimited",
                            "name": "APS Advertising Private Limited"
                        }
                    ]
                },
                {
                    "id": "97223.0",
                    "date": "2020-05-11 12:20",
                    "status": "Accepted-AOC",
                    "tenderers": [
                        {
                            "id": "artentertainmentandservicespvtltd",
                            "name": "ART ENTERTAINMENT AND SERVICES PVT. LTD."
                        }
                    ]
                },
                {
                    "id": "97033.0",
                    "date": "2020-04-11 19:11",
                    "status": "Accepted-AOC",
                    "tenderers": [
                        {
                            "id": "exclusiveadvertisingprivatelimited",
                            "name": "Exclusive Advertising Private Limited"
                        }
                    ]
                },
                {
                    "id": "97224.0",
                    "date": "2020-05-11 12:19",
                    "status": "Accepted-AOC",
                    "tenderers": [
                        {
                            "id": "insightbrandcomprivatelimited",
                            "name": "Insight Brandcom Private Limited"
                        }
                    ]
                },
                {
                    "id": "96925.0",
                    "date": "2020-05-11 12:57",
                    "status": "Accepted-AOC",
                    "tenderers": [
                        {
                            "id": "modeadvertisingandmarketingpvtltd",
                            "name": "Mode Advertising and Marketing Pvt Ltd"
                        }
                    ]
                },
                {
                    "id": "96953.0",
                    "date": "2020-05-11 14:09",
                    "status": "Accepted-AOC",
                    "tenderers": [
                        {
                            "id": "sreshtacommunications",
                            "name": "Sreshta Communications"
                        }
                    ]
                }
            ]
        }
    ],
    "statistics": [
        {
            "id": "1",
            "value": 0.0,
            "currency": "INR",
            "measure": "contractValue"
        }
    ],
    "awards": [
        {
            "id": 1,
            "value": [
                {
                    "amount": 0.0,
                    "currency": "INR"
                }
            ],
            "suppliers": [
                {
                    "id": "apsadvertisingprivatelimited",
                    "name": "APS Advertising Private Limited"
                },
                {
                    "id": "insightbrandcomprivatelimited",
                    "name": "Insight Brandcom Private Limited"
                },
                {
                    "id": "artentertainmentandservicespvtltd",
                    "name": "ART ENTERTAINMENT AND SERVICES PVT. LTD."
                },
                {
                    "id": "exclusiveadvertisingprivatelimited",
                    "name": "Exclusive Advertising Private Limited"
                },
                {
                    "id": "sreshtacommunications",
                    "name": "Sreshta Communications"
                },
                {
                    "id": "modeadvertisingandmarketingpvtltd",
                    "name": "Mode Advertising and Marketing Pvt Ltd"
                }
            ],
            "contractPeriod": [
                {
                    "startDate": "2024-12-03",
                    "durationInDays": 730
                }
            ]
        },
        {
            "id": 2,
            "value": [
                {
                    "amount": 0.0,
                    "currency": "INR"
                }
            ]
        }
    ]
}