{
    "ocid": "ocds-f5kvwu-2020_ASPIR_19634_1",
    "id": "1",
    "date": "2024-11-27",
    "tag": [
        "tender"
    ],
    "initiationType": "tender",
    "parties": [
        {
            "id": "financedepartmentworldbanktenders",
            "name": "Finance Department - World Bank Tenders",
            "roles": [
                "buyer"
            ]
        },
        {
            "id": "bmginformaticspvtltd",
            "name": "BMG Informatics Pvt Ltd",
            "roles": [
                "tenderer",
                "supplier"
            ]
        },
        {
            "id": "corporateinfotechpvtltd",
            "name": "Corporate Infotech Pvt. Ltd.",
            "roles": [
                "tenderer"
            ]
        },
        {
            "id": "inspirisyssolutionslimited",
            "name": "Inspirisys Solutions Limited",
            "roles": [
                "tenderer"
            ]
        },
        {
            "id": "projectdirectoraspireascfms",
            "name": "Project Director, ASPIRe, AS-CFMS",
            "address": [
                {
                    "streetAddress": "2nd Floor, F-Block, Janata Bhawan, Dispur, Guwahati"
                }
            ],
            "roles": [
                "procuringEntity"
            ]
        }
    ],
    "buyer": [
        {
            "name": "Finance Department - World Bank Tenders",
            "id": "financedepartmentworldbanktenders"
        }
    ],
    "tender": [
        {
            "id": "2020_ASPIR_19634_1",
            "identifiers": [
                {
                    "id": "IN-AS-CFMS-196774-GO-RFB",
                    "scheme": "external"
                }
            ],
            "title": "Supply of Server, Storage, Switches, and related services",
            "description": "Supply of Server, Storage, Switches, and related services at the Commissionerate of Taxes, Assam",
            "datePublished": "2020-11-12 18:55",
            "contractType": "Tender",
            "submissionTerms": [
                {
                    "allowPreferentialBidder": "No",
                    "allowMultiCurrencyFee": "No",
                    "allowMultiCurrencyBQQ": "No",
                    "bidValidityPeriod": [
                        {
                            "durationInDays": 120
                        }
                    ]
                }
            ],
            "procuringEntity": [
                {
                    "name": "Project Director, ASPIRe, AS-CFMS",
                    "id": "projectdirectoraspireascfms"
                }
            ],
            "items": [
                {
                    "id": "01",
                    "classification": [
                        {
                            "description": "Computer- H/W"
                        }
                    ],
                    "additionalClassifications": [
                        {
                            "description": "Work Item Details > Subcategory"
                        }
                    ],
                    "deliveryAddresses": [
                        {
                            "postalCode": "781006.0",
                            "streetAddress": "GuwahatiandHyderabad"
                        }
                    ]
                }
            ],
            "procurementMethod": "Open Tender",
            "mainProcurementCategory": "Supply",
            "tenderPeriod": [
                {
                    "startDate": "2020-11-12 18:55",
                    "endDate": "2021-20-02 14:00",
                    "durationInDays": 70
                }
            ],
            "enquiryPeriod": [
                {
                    "startDate": "2020-11-12 18:55",
                    "endDate": "2020-21-12 17:00",
                    "durationInDays": 9
                }
            ],
            "contractPeriod": [
                {
                    "durationInDays": 45
                }
            ],
            "communication": [
                {
                    "id": 1,
                    "documentAvailabilityPeriod": [
                        {
                            "startDate": "2020-11-12 18:55",
                            "endDate": "2021-20-02 14:00"
                        }
                    ]
                }
            ],
            "bidOpening": [
                {
                    "date": "2021-20-02 14:30",
                    "address": [
                        {
                            "streetAddress": "Online on Google Meet"
                        }
                    ]
                }
            ],
            "participationFees": [
                {
                    "id": "01",
                    "value": [
                        {
                            "amount": 0.0,
                            "currency": "INR"
                        }
                    ],
                    "description": "ASCFMS"
                }
            ],
            "numberOfTenderers": 4,
            "milestones": [
                {
                    "id": "1",
                    "title": "Published Date",
                    "type": "Pre-procurement milestones",
                    "dueDate": "2020-11-12 18:55"
                },
                {
                    "id": "2",
                    "title": "Document Download / Sale Start Date",
                    "type": "Pre-procurement milestones",
                    "dueDate": "2020-11-12 18:55"
                },
                {
                    "id": "3",
                    "title": "Clarification Start Date",
                    "type": "Pre-procurement milestones",
                    "dueDate": "2020-11-12 18:55"
                },
                {
                    "id": "4",
                    "title": "Bid Submission Start Date",
                    "type": "Pre-procurement milestones",
                    "dueDate": "2021-25-01 09:00"
                },
                {
                    "id": "5",
                    "title": "Bid Opening Date",
                    "type": "Pre-procurement milestones",
                    "dueDate": "2021-20-02 14:30"
                },
                {
                    "id": "6",
                    "title": "Document Download / Sale End Date",
                    "type": "Pre-procurement milestones",
                    "dueDate": "2021-20-02 14:00"
                },
                {
                    "id": "7",
                    "title": "Clarification End Date",
                    "type": "Pre-procurement milestones",
                    "dueDate": "2020-21-12 17:00"
                },
                {
                    "id": "8",
                    "title": "Bid Submission End Date",
                    "type": "Pre-procurement milestones",
                    "dueDate": "2021-20-02 14:00"
                },
                {
                    "id": "9",
                    "title": "Financial Bid Opening Date",
                    "type": "Pre-procurement milestones",
                    "dueDate": "2021-29-04 15:00"
                }
            ],
            "fiscalYear": "2020-2021"
        }
    ],
    "bids": [
        {
            "id": 1,
            "details": [
                {
                    "id": "115092.0",
                    "date": "2021-20-02 13:17",
                    "status": "Rejected-AOC",
                    "tenderers": [
                        {
                            "id": "corporateinfotechpvtltd",
                            "name": "Corporate Infotech Pvt. Ltd."
                        }
                    ]
                },
                {
                    "id": "107322.0",
                    "date": "2021-20-02 12:07",
                    "status": "Rejected-Technical",
                    "tenderers": [
                        {
                            "id": "inspirisyssolutionslimited",
                            "name": "Inspirisys Solutions Limited"
                        }
                    ]
                },
                {
                    "id": "114586.0",
                    "date": "2021-20-02 12:53",
                    "status": "Accepted-AOC",
                    "tenderers": [
                        {
                            "id": "bmginformaticspvtltd",
                            "name": "BMG Informatics Pvt Ltd"
                        }
                    ]
                }
            ]
        }
    ],
    "statistics": [
        {
            "id": "1",
            "value": 38994218.0,
            "currency": "INR",
            "measure": "contractValue"
        }
    ],
    "awards": [
        {
            "id": 1,
            "value": [
                {
                    "amount": 38994218.0,
                    "currency": "INR"
                }
            ],
            "suppliers": [
                {
                    "id": "bmginformaticspvtltd",
                    "name": "BMG Informatics Pvt Ltd"
                }
            ],
            "contractPeriod": [
                {
                    "startDate": "2024-12-03",
                    "durationInDays": 45
                }
            ]
        },
        {
            "id": 2,
            "value": [
                {
                    "amount": "38994218",
                    "currency": "INR"
                }
            ]
        }
    ]
}