{
    "ocid": "ocds-f5kvwu-2021_FCS_21846_1",
    "id": "1",
    "date": "2024-11-27",
    "tag": [
        "tender"
    ],
    "initiationType": "tender",
    "parties": [
        {
            "id": "foodcivilsuppliesandconsumeraffairsdepartment",
            "name": "Food Civil Supplies and Consumer Affairs Department",
            "roles": [
                "buyer"
            ]
        },
        {
            "id": "anuptradeandtransportprivatelimited",
            "name": "ANUP TRADE AND TRANSPORT PRIVATE LIMITED",
            "roles": [
                "tenderer"
            ]
        },
        {
            "id": "msnorthbankricemill",
            "name": "M/s North Bank Rice Mill",
            "roles": [
                "tenderer",
                "supplier"
            ]
        },
        {
            "id": "nipkonwar",
            "name": "Nip Konwar",
            "roles": [
                "tenderer",
                "supplier"
            ]
        },
        {
            "id": "pradiprathi",
            "name": "PRADIP RATHI",
            "roles": [
                "tenderer",
                "supplier"
            ]
        },
        {
            "id": "sawarmalagarwalla",
            "name": "SAWARMAL AGARWALLA",
            "roles": [
                "tenderer",
                "supplier"
            ]
        },
        {
            "id": "sushilkaman",
            "name": "Sushil Kaman",
            "address": [
                {
                    "streetAddress": "Asst. Director, FCS CA, Dhemaji"
                }
            ],
            "roles": [
                "procuringEntity"
            ]
        }
    ],
    "buyer": [
        {
            "name": "Food Civil Supplies and Consumer Affairs Department",
            "id": "foodcivilsuppliesandconsumeraffairsdepartment"
        }
    ],
    "tender": [
        {
            "id": "2021_FCS_21846_1",
            "identifiers": [
                {
                    "id": "DJS.11/2021/5",
                    "scheme": "external"
                }
            ],
            "title": "Transportation of Rice under NFSA Dhemaji district",
            "description": "Carrying / loading / unloading of allotted foodgrains under NFSA in two tier system",
            "datePublished": "2021-11-06 18:00",
            "contractType": "Tender",
            "submissionTerms": [
                {
                    "allowPreferentialBidder": "No",
                    "allowMultiCurrencyFee": "No",
                    "allowMultiCurrencyBQQ": "No",
                    "bidValidityPeriod": [
                        {
                            "durationInDays": 21
                        }
                    ]
                }
            ],
            "procuringEntity": [
                {
                    "name": "Sushil Kaman",
                    "id": "sushilkaman"
                }
            ],
            "items": [
                {
                    "id": "01",
                    "classification": [
                        {
                            "description": "Miscellaneous Works"
                        }
                    ],
                    "additionalClassifications": [
                        {
                            "description": "Work Item Details > Subcategory"
                        }
                    ],
                    "deliveryAddresses": [
                        {
                            "postalCode": "787057.0",
                            "streetAddress": "Dhemaji district"
                        }
                    ]
                }
            ],
            "value": [
                {
                    "amount": 10000000.0,
                    "currency": "INR"
                }
            ],
            "procurementMethod": "Open Tender",
            "mainProcurementCategory": "Supply",
            "tenderPeriod": [
                {
                    "startDate": "2021-11-06 18:00",
                    "endDate": "2021-07-07 15:00",
                    "durationInDays": 25
                }
            ],
            "contractPeriod": [
                {
                    "durationInDays": 30
                }
            ],
            "communication": [
                {
                    "id": 1,
                    "documentAvailabilityPeriod": [
                        {
                            "startDate": "2021-11-06 18:00",
                            "endDate": "2021-07-07 15:00"
                        }
                    ]
                }
            ],
            "bidOpening": [
                {
                    "date": "2021-09-07 14:30",
                    "address": [
                        {
                            "streetAddress": "Dhemaji"
                        }
                    ]
                }
            ],
            "participationFees": [
                {
                    "id": "01",
                    "value": [
                        {
                            "amount": 2000.0,
                            "currency": "INR"
                        }
                    ],
                    "description": "Deputy Commissioner"
                }
            ],
            "numberOfTenderers": 6,
            "milestones": [
                {
                    "id": "1",
                    "title": "Published Date",
                    "type": "Pre-procurement milestones",
                    "dueDate": "2021-11-06 18:00"
                },
                {
                    "id": "2",
                    "title": "Document Download / Sale Start Date",
                    "type": "Pre-procurement milestones",
                    "dueDate": "2021-11-06 18:00"
                },
                {
                    "id": "3",
                    "title": "Bid Submission Start Date",
                    "type": "Pre-procurement milestones",
                    "dueDate": "2021-16-06 12:00"
                },
                {
                    "id": "4",
                    "title": "Bid Opening Date",
                    "type": "Pre-procurement milestones",
                    "dueDate": "2021-09-07 14:30"
                },
                {
                    "id": "5",
                    "title": "Document Download / Sale End Date",
                    "type": "Pre-procurement milestones",
                    "dueDate": "2021-07-07 15:00"
                },
                {
                    "id": "6",
                    "title": "Bid Submission End Date",
                    "type": "Pre-procurement milestones",
                    "dueDate": "2021-07-07 15:00"
                },
                {
                    "id": "7",
                    "title": "Financial Bid Opening Date",
                    "type": "Pre-procurement milestones",
                    "dueDate": "2021-20-07 12:40"
                }
            ],
            "fiscalYear": "2021-2022"
        }
    ],
    "bids": [
        {
            "id": 1,
            "details": [
                {
                    "id": "118703.0",
                    "date": "2021-06-07 14:53",
                    "status": "Rejected-Technical",
                    "tenderers": [
                        {
                            "id": "anuptradeandtransportprivatelimited",
                            "name": "ANUP TRADE AND TRANSPORT PRIVATE LIMITED"
                        }
                    ]
                },
                {
                    "id": "118938.0",
                    "date": "2021-07-07 10:21",
                    "status": "Accepted-AOC",
                    "tenderers": [
                        {
                            "id": "msnorthbankricemill",
                            "name": "M/s North Bank Rice Mill"
                        }
                    ]
                },
                {
                    "id": "118635.0",
                    "date": "2021-07-07 09:54",
                    "status": "Accepted-AOC",
                    "tenderers": [
                        {
                            "id": "nipkonwar",
                            "name": "Nip Konwar"
                        }
                    ]
                },
                {
                    "id": "118973.0",
                    "date": "2021-07-07 08:53",
                    "status": "Accepted-AOC",
                    "tenderers": [
                        {
                            "id": "pradiprathi",
                            "name": "PRADIP RATHI"
                        }
                    ]
                },
                {
                    "id": "118892.0",
                    "date": "2021-07-07 09:05",
                    "status": "Accepted-AOC",
                    "tenderers": [
                        {
                            "id": "sawarmalagarwalla",
                            "name": "SAWARMAL AGARWALLA"
                        }
                    ]
                }
            ]
        }
    ],
    "statistics": [
        {
            "id": "1",
            "value": 44000000.0,
            "currency": "INR",
            "measure": "contractValue"
        }
    ],
    "awards": [
        {
            "id": 1,
            "description": "The Contract value is approximate.",
            "value": [
                {
                    "amount": 44000000.0,
                    "currency": "INR"
                }
            ],
            "suppliers": [
                {
                    "id": "nipkonwar",
                    "name": "Nip Konwar"
                },
                {
                    "id": "sawarmalagarwalla",
                    "name": "SAWARMAL AGARWALLA"
                },
                {
                    "id": "msnorthbankricemill",
                    "name": "M/s North Bank Rice Mill"
                },
                {
                    "id": "pradiprathi",
                    "name": "PRADIP RATHI"
                }
            ],
            "contractPeriod": [
                {
                    "startDate": "2024-22-08",
                    "durationInDays": 60
                }
            ]
        },
        {
            "id": 2,
            "value": [
                {
                    "amount": 115.1,
                    "currency": "INR"
                }
            ]
        }
    ]
}