{
    "ocid": "ocds-f5kvwu-2021_PWD_21135_2",
    "id": "1",
    "date": "2024-11-27",
    "tag": [
        "tender"
    ],
    "initiationType": "tender",
    "parties": [
        {
            "id": "publicworksroadsdepartment",
            "name": "Public Works Roads Department",
            "roles": [
                "buyer"
            ]
        },
        {
            "id": "bornilburagohain",
            "name": "BORNIL BURAGOHAIN",
            "roles": [
                "tenderer"
            ]
        },
        {
            "id": "palashprotimborah",
            "name": "Palashprotimborah",
            "roles": [
                "tenderer",
                "supplier"
            ]
        },
        {
            "id": "sepwdjrc",
            "name": "SE PWD JRC",
            "address": [
                {
                    "streetAddress": "O/O SE PWD JRC"
                }
            ],
            "roles": [
                "procuringEntity"
            ]
        }
    ],
    "buyer": [
        {
            "name": "Public Works Roads Department",
            "id": "publicworksroadsdepartment"
        }
    ],
    "tender": [
        {
            "id": "2021_PWD_21135_2",
            "identifiers": [
                {
                    "id": "SE/JRC/SOPD(G)/4480",
                    "scheme": "external"
                }
            ],
            "title": "Construction of Kohonor Ali under SOPD-G for the year 2020-21 in PWD Sivasagar and Thowra Territorial Road Division (Length-0.875 Km) Sivasagar LAC .Pkg.No. SOPD-G/20-21/STTRD/Siv/02",
            "description": "Construction of Kohonor Ali under SOPD-G for the year 2020-21 in PWD Sivasagar and Thowra Territorial Road Division (Length-0.875 Km) Sivasagar LAC .Pkg.No. SOPD-G/20-21/STTRD/Siv/02",
            "datePublished": "2021-11-02 10:00",
            "contractType": "Tender",
            "submissionTerms": [
                {
                    "allowPreferentialBidder": "No",
                    "allowMultiCurrencyFee": "No",
                    "allowMultiCurrencyBQQ": "No",
                    "bidValidityPeriod": [
                        {
                            "durationInDays": 180
                        }
                    ]
                }
            ],
            "procuringEntity": [
                {
                    "name": "SE PWD JRC",
                    "id": "sepwdjrc"
                }
            ],
            "items": [
                {
                    "id": "01",
                    "classification": [
                        {
                            "description": "Civil Works \u2013 Roads"
                        }
                    ],
                    "additionalClassifications": [
                        {
                            "description": "Work Item Details > Subcategory"
                        }
                    ],
                    "deliveryAddresses": [
                        {
                            "postalCode": "785640.0",
                            "streetAddress": "Sivasagar"
                        }
                    ]
                }
            ],
            "value": [
                {
                    "amount": 7404778.0,
                    "currency": "INR"
                }
            ],
            "procurementMethod": "Open Tender",
            "mainProcurementCategory": "Item Rate",
            "tenderPeriod": [
                {
                    "startDate": "2021-11-02 10:00",
                    "endDate": "2021-17-02 16:00",
                    "durationInDays": 6
                }
            ],
            "contractPeriod": [
                {
                    "durationInDays": 180
                }
            ],
            "communication": [
                {
                    "id": 1,
                    "documentAvailabilityPeriod": [
                        {
                            "startDate": "2021-11-02 10:00",
                            "endDate": "2021-17-02 16:00"
                        }
                    ]
                }
            ],
            "bidOpening": [
                {
                    "date": "2021-18-02 13:00",
                    "address": [
                        {
                            "streetAddress": "O/O SE PWD JRC"
                        }
                    ]
                }
            ],
            "participationFees": [
                {
                    "id": "01",
                    "value": [
                        {
                            "amount": 1500.0,
                            "currency": "INR"
                        }
                    ],
                    "description": "Empowered Officer ASRB"
                }
            ],
            "numberOfTenderers": 7,
            "milestones": [
                {
                    "id": "1",
                    "title": "Published Date",
                    "type": "Pre-procurement milestones",
                    "dueDate": "2021-11-02 10:00"
                },
                {
                    "id": "2",
                    "title": "Document Download / Sale Start Date",
                    "type": "Pre-procurement milestones",
                    "dueDate": "2021-11-02 10:00"
                },
                {
                    "id": "3",
                    "title": "Bid Submission Start Date",
                    "type": "Pre-procurement milestones",
                    "dueDate": "2021-11-02 10:00"
                },
                {
                    "id": "4",
                    "title": "Bid Opening Date",
                    "type": "Pre-procurement milestones",
                    "dueDate": "2021-18-02 13:00"
                },
                {
                    "id": "5",
                    "title": "Document Download / Sale End Date",
                    "type": "Pre-procurement milestones",
                    "dueDate": "2021-17-02 16:00"
                },
                {
                    "id": "6",
                    "title": "Bid Submission End Date",
                    "type": "Pre-procurement milestones",
                    "dueDate": "2021-17-02 16:00"
                },
                {
                    "id": "7",
                    "title": "Financial Bid Opening Date",
                    "type": "Pre-procurement milestones",
                    "dueDate": "2021-25-02 12:45"
                }
            ],
            "fiscalYear": "2020-2021"
        }
    ],
    "bids": [
        {
            "id": 1,
            "details": [
                {
                    "id": "109538.0",
                    "date": "2021-16-02 17:56",
                    "status": "Rejected-AOC",
                    "tenderers": [
                        {
                            "id": "bornilburagohain",
                            "name": "BORNIL BURAGOHAIN"
                        }
                    ]
                },
                {
                    "id": "109513.0",
                    "date": "2021-16-02 19:24",
                    "status": "Accepted-AOC",
                    "tenderers": [
                        {
                            "id": "palashprotimborah",
                            "name": "Palashprotimborah"
                        }
                    ]
                }
            ]
        }
    ],
    "statistics": [
        {
            "id": "1",
            "value": 7034539.0,
            "currency": "INR",
            "measure": "contractValue"
        }
    ],
    "awards": [
        {
            "id": 1,
            "description": "Formal Work Order",
            "value": [
                {
                    "amount": 7034539.0,
                    "currency": "INR"
                }
            ],
            "suppliers": [
                {
                    "id": "palashprotimborah",
                    "name": "Palashprotimborah"
                }
            ],
            "contractPeriod": [
                {
                    "startDate": "2022-21-02",
                    "durationInDays": 180
                }
            ]
        },
        {
            "id": 2,
            "value": [
                {
                    "amount": "70345391",
                    "currency": "INR"
                }
            ]
        }
    ]
}