{
    "ocid": "ocds-f5kvwu-2021_TDEP_22972_1",
    "id": "1",
    "date": "2024-11-27",
    "tag": [
        "tender"
    ],
    "initiationType": "tender",
    "parties": [
        {
            "id": "transportdepartmentexternallyfundedprojects",
            "name": "Transport Department- Externally Funded Projects",
            "roles": [
                "buyer"
            ]
        },
        {
            "id": "amazoninfosolutionprivatelimited",
            "name": "AMAZON INFOSOLUTION PRIVATE LIMITED",
            "roles": [
                "tenderer"
            ]
        },
        {
            "id": "blackboxgpstechnologyopcpvtltd",
            "name": "Blackbox GPS Technology (OPC) Pvt. Ltd.",
            "roles": [
                "tenderer"
            ]
        },
        {
            "id": "emotoeasttechnologyprivatelimited",
            "name": "EMOTOEAST TECHNOLOGY PRIVATE LIMITED",
            "roles": [
                "tenderer"
            ]
        },
        {
            "id": "gaadibachao",
            "name": "Gaadi Bachao",
            "roles": [
                "tenderer"
            ]
        },
        {
            "id": "msvenerasoftwareprivatelimited",
            "name": "M/s VENERA SOFTWARE PRIVATE LIMITED",
            "roles": [
                "tenderer",
                "supplier"
            ]
        },
        {
            "id": "patiodigitalprivatelimited",
            "name": "Patio Digital Private Limited",
            "roles": [
                "tenderer"
            ]
        },
        {
            "id": "stateprojectdirectoraiwtds",
            "name": "State Project Director, AIWTDS",
            "address": [
                {
                    "streetAddress": "3rd floor of DIWT office building, AIWTDS, Ulubari, Guwahati, Assam"
                }
            ],
            "roles": [
                "procuringEntity"
            ]
        }
    ],
    "buyer": [
        {
            "name": "Transport Department- Externally Funded Projects",
            "id": "transportdepartmentexternallyfundedprojects"
        }
    ],
    "tender": [
        {
            "id": "2021_TDEP_22972_1",
            "identifiers": [
                {
                    "id": "IN-IWT-245194-GO-RFQ",
                    "scheme": "external"
                }
            ],
            "title": "Supply of AIS 140 GPS devices includes GPS device cost, installation cost, 3 years warranty with software license fees per user per year and SIM card with 4G data package for IWT ferry vessels",
            "description": "Supply of AIS 140 GPS devices includes GPS device cost, installation cost, 3 years warranty with software license fees per user per year and SIM card with 4G data package for IWT ferry vessels",
            "datePublished": "2021-18-09 11:30",
            "contractType": "Tender",
            "submissionTerms": [
                {
                    "allowPreferentialBidder": "No",
                    "allowMultiCurrencyFee": "No",
                    "allowMultiCurrencyBQQ": "No",
                    "bidValidityPeriod": [
                        {
                            "durationInDays": 90
                        }
                    ]
                }
            ],
            "procuringEntity": [
                {
                    "name": "State Project Director, AIWTDS",
                    "id": "stateprojectdirectoraiwtds"
                }
            ],
            "items": [
                {
                    "id": "01",
                    "classification": [
                        {
                            "description": "Electronics Equipment"
                        }
                    ],
                    "additionalClassifications": [
                        {
                            "description": "Work Item Details > Subcategory"
                        }
                    ],
                    "deliveryAddresses": [
                        {
                            "postalCode": "781007.0",
                            "streetAddress": "On board of Inland Vessels of IWT Assam"
                        }
                    ]
                }
            ],
            "value": [
                {
                    "amount": 947600.0,
                    "currency": "INR"
                }
            ],
            "procurementMethod": "Open Tender",
            "mainProcurementCategory": "Supply",
            "tenderPeriod": [
                {
                    "startDate": "2021-18-09 11:30",
                    "endDate": "2021-25-10 14:00",
                    "durationInDays": 37
                }
            ],
            "contractPeriod": [
                {
                    "durationInDays": 30
                }
            ],
            "communication": [
                {
                    "id": 1,
                    "documentAvailabilityPeriod": [
                        {
                            "startDate": "2021-18-09 11:30",
                            "endDate": "2021-25-10 14:00"
                        }
                    ]
                }
            ],
            "bidOpening": [
                {
                    "date": "2021-25-10 16:00",
                    "address": [
                        {
                            "streetAddress": "AIWTD Society office"
                        }
                    ]
                }
            ],
            "participationFees": [
                {
                    "id": "01",
                    "value": [
                        {
                            "amount": 0.0,
                            "currency": "INR"
                        }
                    ],
                    "description": "Nil"
                }
            ],
            "numberOfTenderers": 7,
            "milestones": [
                {
                    "id": "1",
                    "title": "Published Date",
                    "type": "Pre-procurement milestones",
                    "dueDate": "2021-18-09 11:30"
                },
                {
                    "id": "2",
                    "title": "Document Download / Sale Start Date",
                    "type": "Pre-procurement milestones",
                    "dueDate": "2021-18-09 11:30"
                },
                {
                    "id": "3",
                    "title": "Bid Submission Start Date",
                    "type": "Pre-procurement milestones",
                    "dueDate": "2021-01-10 09:00"
                },
                {
                    "id": "4",
                    "title": "Bid Opening Date",
                    "type": "Pre-procurement milestones",
                    "dueDate": "2021-25-10 16:00"
                },
                {
                    "id": "5",
                    "title": "Document Download / Sale End Date",
                    "type": "Pre-procurement milestones",
                    "dueDate": "2021-25-10 14:00"
                },
                {
                    "id": "6",
                    "title": "Bid Submission End Date",
                    "type": "Pre-procurement milestones",
                    "dueDate": "2021-25-10 14:00"
                }
            ],
            "fiscalYear": "2021-2022"
        }
    ],
    "bids": [
        {
            "id": 1,
            "details": [
                {
                    "id": "124339.0",
                    "date": "2021-25-10 13:48",
                    "status": "Rejected-Finance",
                    "tenderers": [
                        {
                            "id": "amazoninfosolutionprivatelimited",
                            "name": "AMAZON INFOSOLUTION PRIVATE LIMITED"
                        }
                    ]
                },
                {
                    "id": "124529.0",
                    "date": "2021-21-10 11:56",
                    "status": "Rejected-Finance",
                    "tenderers": [
                        {
                            "id": "blackboxgpstechnologyopcpvtltd",
                            "name": "Blackbox GPS Technology (OPC) Pvt. Ltd."
                        }
                    ]
                },
                {
                    "id": "125261.0",
                    "date": "2021-25-10 11:47",
                    "status": "Rejected-Finance",
                    "tenderers": [
                        {
                            "id": "emotoeasttechnologyprivatelimited",
                            "name": "EMOTOEAST TECHNOLOGY PRIVATE LIMITED"
                        }
                    ]
                },
                {
                    "id": "124057.0",
                    "date": "2021-06-10 14:12",
                    "status": "Rejected-Finance",
                    "tenderers": [
                        {
                            "id": "gaadibachao",
                            "name": "Gaadi Bachao"
                        }
                    ]
                },
                {
                    "id": "124346.0",
                    "date": "2021-22-10 13:00",
                    "status": "Rejected-Finance",
                    "tenderers": [
                        {
                            "id": "patiodigitalprivatelimited",
                            "name": "Patio Digital Private Limited"
                        }
                    ]
                },
                {
                    "id": "125260.0",
                    "date": "2021-23-10 18:07",
                    "status": "Accepted-AOC",
                    "tenderers": [
                        {
                            "id": "msvenerasoftwareprivatelimited",
                            "name": "M/s VENERA SOFTWARE PRIVATE LIMITED"
                        }
                    ]
                }
            ]
        }
    ],
    "statistics": [
        {
            "id": "1",
            "value": 721000.0,
            "currency": "INR",
            "measure": "contractValue"
        }
    ],
    "awards": [
        {
            "id": 1,
            "value": [
                {
                    "amount": 721000.0,
                    "currency": "INR"
                }
            ],
            "suppliers": [
                {
                    "id": "msvenerasoftwareprivatelimited",
                    "name": "M/s VENERA SOFTWARE PRIVATE LIMITED"
                }
            ],
            "contractPeriod": [
                {
                    "startDate": "2024-28-08",
                    "durationInDays": 30
                }
            ]
        },
        {
            "id": 2,
            "value": [
                {
                    "amount": "721000",
                    "currency": "INR"
                }
            ]
        }
    ]
}