{
    "ocid": "ocds-f5kvwu-2021_FCS_22191_1",
    "id": "1",
    "date": "2024-11-27",
    "tag": [
        "tender"
    ],
    "initiationType": "tender",
    "parties": [
        {
            "id": "foodcivilsuppliesandconsumeraffairsdepartment",
            "name": "Food Civil Supplies and Consumer Affairs Department",
            "roles": [
                "buyer"
            ]
        },
        {
            "id": "alokassam",
            "name": "ALOK ASSAM",
            "roles": [
                "tenderer",
                "supplier"
            ]
        },
        {
            "id": "ambaindustriesunitiiaunitofmsambabanijyapvtltd",
            "name": "Amba Industries Unit II (A Unit of M/s Amba Banijya Pvt. Ltd.)",
            "roles": [
                "tenderer"
            ]
        },
        {
            "id": "amitenterprises",
            "name": "Amit Enterprises",
            "roles": [
                "tenderer",
                "supplier"
            ]
        },
        {
            "id": "anusaltsuppliers",
            "name": "ANU SALT SUPPLIERS",
            "roles": [
                "tenderer",
                "supplier"
            ]
        },
        {
            "id": "arihantenterprise",
            "name": "ARIHANT ENTERPRISE",
            "roles": [
                "tenderer",
                "supplier"
            ]
        },
        {
            "id": "assamsaltsupplier",
            "name": "Assam Salt Supplier",
            "roles": [
                "tenderer",
                "supplier"
            ]
        },
        {
            "id": "dineshsalescorporation",
            "name": "Dinesh Sales Corporation",
            "roles": [
                "tenderer",
                "supplier"
            ]
        },
        {
            "id": "eastwestindia",
            "name": "East West India",
            "roles": [
                "tenderer",
                "supplier"
            ]
        },
        {
            "id": "godhasalttradingco",
            "name": "Godha Salt Trading Co.",
            "roles": [
                "tenderer",
                "supplier"
            ]
        },
        {
            "id": "jainandjainco",
            "name": "jain and jain co",
            "roles": [
                "tenderer",
                "supplier"
            ]
        },
        {
            "id": "jainbijayandcompanypvtltd",
            "name": "JAIN BIJAY AND COMPANY PVT LTD",
            "roles": [
                "tenderer",
                "supplier"
            ]
        },
        {
            "id": "jainbrothers",
            "name": "JAIN BROTHERS",
            "roles": [
                "tenderer",
                "supplier"
            ]
        },
        {
            "id": "jaincorporation",
            "name": "Jain Corporation",
            "roles": [
                "tenderer",
                "supplier"
            ]
        },
        {
            "id": "jainenterprises",
            "name": "jain enterprises",
            "roles": [
                "tenderer",
                "supplier"
            ]
        },
        {
            "id": "jiwantradingco",
            "name": "JIWAN TRADING CO",
            "roles": [
                "tenderer",
                "supplier"
            ]
        },
        {
            "id": "kamakhyasaltsuppliers",
            "name": "KAMAKHYA SALT SUPPLIERS",
            "roles": [
                "tenderer",
                "supplier"
            ]
        },
        {
            "id": "kushsaltsuppliers",
            "name": "KUSH SALT SUPPLIERS",
            "roles": [
                "tenderer",
                "supplier"
            ]
        },
        {
            "id": "mahavirenterprise",
            "name": "Mahavir Enterprise",
            "roles": [
                "tenderer",
                "supplier"
            ]
        },
        {
            "id": "manojenterprise",
            "name": "MANOJ ENTERPRISE",
            "roles": [
                "tenderer",
                "supplier"
            ]
        },
        {
            "id": "mktrader",
            "name": "M K Trader",
            "roles": [
                "tenderer",
                "supplier"
            ]
        },
        {
            "id": "mohittradeagency",
            "name": "Mohit Trade Agency",
            "roles": [
                "tenderer",
                "supplier"
            ]
        },
        {
            "id": "monusaltsuppliers",
            "name": "MONU SALT SUPPLIERS",
            "roles": [
                "tenderer",
                "supplier"
            ]
        },
        {
            "id": "naveentrading",
            "name": "NAVEEN TRADING",
            "roles": [
                "tenderer",
                "supplier"
            ]
        },
        {
            "id": "navmanasfoodproducts",
            "name": "NAV MANAS FOOD PRODUCTS",
            "roles": [
                "tenderer",
                "supplier"
            ]
        },
        {
            "id": "padmawatitradingco",
            "name": "Padmawati Trading Co.",
            "roles": [
                "tenderer",
                "supplier"
            ]
        },
        {
            "id": "pmenterprise",
            "name": "P. M. Enterprise",
            "roles": [
                "tenderer",
                "supplier"
            ]
        },
        {
            "id": "pmenterprise",
            "name": "P. M. ENTERPRISE",
            "roles": [
                "tenderer",
                "supplier"
            ]
        },
        {
            "id": "prakashflourmill",
            "name": "Prakash Flour Mill",
            "roles": [
                "tenderer",
                "supplier"
            ]
        },
        {
            "id": "priyaenterprise",
            "name": "Priya Enterprise",
            "roles": [
                "tenderer",
                "supplier"
            ]
        },
        {
            "id": "rahultradingco",
            "name": "RAHUL TRADING CO.",
            "roles": [
                "tenderer",
                "supplier"
            ]
        },
        {
            "id": "rajattradingco",
            "name": "RAJAT TRADING CO.",
            "roles": [
                "tenderer",
                "supplier"
            ]
        },
        {
            "id": "rkjainandsons",
            "name": "R. K. JAIN AND SONS",
            "roles": [
                "tenderer",
                "supplier"
            ]
        },
        {
            "id": "rohittraders",
            "name": "ROHIT TRADERS",
            "roles": [
                "tenderer",
                "supplier"
            ]
        },
        {
            "id": "saltmarketingcentre",
            "name": "SALT MARKETING CENTRE",
            "roles": [
                "tenderer",
                "supplier"
            ]
        },
        {
            "id": "sdenterprise",
            "name": "s.d.enterprise",
            "roles": [
                "tenderer",
                "supplier"
            ]
        },
        {
            "id": "shreesalt",
            "name": "Shree Salt",
            "roles": [
                "tenderer",
                "supplier"
            ]
        },
        {
            "id": "sktradingco",
            "name": "S. K. TRADING CO.",
            "roles": [
                "tenderer",
                "supplier"
            ]
        },
        {
            "id": "smtradingco",
            "name": "S. M. TRADING CO.",
            "roles": [
                "tenderer",
                "supplier"
            ]
        },
        {
            "id": "srinarayanisalttrade",
            "name": "Sri Narayani Salt Trade",
            "roles": [
                "tenderer",
                "supplier"
            ]
        },
        {
            "id": "tinsukiasaltsuppliers",
            "name": "TINSUKIA SALT SUPPLIERS",
            "roles": [
                "tenderer",
                "supplier"
            ]
        },
        {
            "id": "upperassamsaltsuppliers",
            "name": "UPPER ASSAM SALT SUPPLIERS",
            "roles": [
                "tenderer",
                "supplier"
            ]
        },
        {
            "id": "vksaltsuppliers",
            "name": "VK Salt Suppliers",
            "roles": [
                "tenderer",
                "supplier"
            ]
        },
        {
            "id": "directorfcsandcaassamghy5",
            "name": "Director, FCS and CA, Assam, Ghy-5",
            "address": [
                {
                    "streetAddress": "Directorate of Food, Civil Supplies and Consumer Affairs, Assam, Bhangagarh, Sethi Trust Building Ground Flood, Guwahati, Pin-781005"
                }
            ],
            "roles": [
                "procuringEntity"
            ]
        }
    ],
    "buyer": [
        {
            "name": "Food Civil Supplies and Consumer Affairs Department",
            "id": "foodcivilsuppliesandconsumeraffairsdepartment"
        }
    ],
    "tender": [
        {
            "id": "2021_FCS_22191_1",
            "identifiers": [
                {
                    "id": "DS. 72/2021/18 dated 19-07-2021",
                    "scheme": "external"
                }
            ],
            "title": "E-tender for the allotment of Salt (under Zonal quota) detailed hereunder for the pperiod of 2021-22",
            "description": "E-tender for the allotment of Salt (under Zonal quota) detailed hereunder for the period of 2021-22.",
            "datePublished": "2021-19-07 12:00",
            "contractType": "Tender",
            "submissionTerms": [
                {
                    "allowPreferentialBidder": "No",
                    "allowMultiCurrencyFee": "No",
                    "allowMultiCurrencyBQQ": "No",
                    "bidValidityPeriod": [
                        {
                            "durationInDays": 365
                        }
                    ]
                }
            ],
            "procuringEntity": [
                {
                    "name": "Director, FCS and CA, Assam, Ghy-5",
                    "id": "directorfcsandcaassamghy5"
                }
            ],
            "items": [
                {
                    "id": "01",
                    "classification": [
                        {
                            "description": "Food Products"
                        }
                    ],
                    "additionalClassifications": [
                        {
                            "description": "Allotment of Salt and distribution  "
                        }
                    ],
                    "deliveryAddresses": [
                        {
                            "postalCode": "781005.0",
                            "streetAddress": "Assam"
                        }
                    ]
                }
            ],
            "procurementMethod": "Open Tender",
            "mainProcurementCategory": "EOI",
            "tenderPeriod": [
                {
                    "startDate": "2021-19-07 12:00",
                    "endDate": "2021-09-09 15:00",
                    "durationInDays": 52
                }
            ],
            "contractPeriod": [
                {
                    "durationInDays": 365
                }
            ],
            "communication": [
                {
                    "id": 1,
                    "documentAvailabilityPeriod": [
                        {
                            "startDate": "2021-19-07 14:00",
                            "endDate": "2021-09-09 15:00"
                        }
                    ]
                }
            ],
            "bidOpening": [
                {
                    "date": "2021-10-09 12:00",
                    "address": [
                        {
                            "streetAddress": "Directorate of FCS and CA, Assam, Guwahati-5"
                        }
                    ]
                }
            ],
            "participationFees": [
                {
                    "id": "01",
                    "value": [
                        {
                            "amount": 2000.0,
                            "currency": "INR"
                        }
                    ],
                    "description": "Director Food Civil Supplies and Consumer Affairs"
                }
            ],
            "numberOfTenderers": 43,
            "milestones": [
                {
                    "id": "1",
                    "title": "Published Date",
                    "type": "Pre-procurement milestones",
                    "dueDate": "2021-19-07 12:00"
                },
                {
                    "id": "2",
                    "title": "Document Download / Sale Start Date",
                    "type": "Pre-procurement milestones",
                    "dueDate": "2021-19-07 14:00"
                },
                {
                    "id": "3",
                    "title": "Bid Submission Start Date",
                    "type": "Pre-procurement milestones",
                    "dueDate": "2021-19-07 14:00"
                },
                {
                    "id": "4",
                    "title": "Bid Opening Date",
                    "type": "Pre-procurement milestones",
                    "dueDate": "2021-10-09 12:00"
                },
                {
                    "id": "5",
                    "title": "Document Download / Sale End Date",
                    "type": "Pre-procurement milestones",
                    "dueDate": "2021-09-09 15:00"
                },
                {
                    "id": "6",
                    "title": "Bid Submission End Date",
                    "type": "Pre-procurement milestones",
                    "dueDate": "2021-09-09 15:00"
                }
            ],
            "fiscalYear": "2021-2022"
        }
    ],
    "bids": [
        {
            "id": 1,
            "details": [
                {
                    "id": "122209.0",
                    "date": "2021-06-09 13:10",
                    "status": "Not Admitted-Fee/PreQual/Technical/Finance",
                    "tenderers": [
                        {
                            "id": "ambaindustriesunitiiaunitofmsambabanijyapvtltd",
                            "name": "Amba Industries Unit II (A Unit of M/s Amba Banijya Pvt. Ltd.)"
                        }
                    ]
                },
                {
                    "id": "122650.0",
                    "date": "2021-08-09 13:53",
                    "status": "Accepted-AOC",
                    "tenderers": [
                        {
                            "id": "alokassam",
                            "name": "ALOK ASSAM"
                        }
                    ]
                },
                {
                    "id": "122337.0",
                    "date": "2021-05-09 18:41",
                    "status": "Accepted-AOC",
                    "tenderers": [
                        {
                            "id": "amitenterprises",
                            "name": "Amit Enterprises"
                        }
                    ]
                },
                {
                    "id": "122606.0",
                    "date": "2021-07-09 13:33",
                    "status": "Accepted-AOC",
                    "tenderers": [
                        {
                            "id": "anusaltsuppliers",
                            "name": "ANU SALT SUPPLIERS"
                        }
                    ]
                },
                {
                    "id": "122318.0",
                    "date": "2021-09-09 11:53",
                    "status": "Accepted-AOC",
                    "tenderers": [
                        {
                            "id": "arihantenterprise",
                            "name": "ARIHANT ENTERPRISE"
                        }
                    ]
                },
                {
                    "id": "122329.0",
                    "date": "2021-05-09 18:54",
                    "status": "Accepted-AOC",
                    "tenderers": [
                        {
                            "id": "assamsaltsupplier",
                            "name": "Assam Salt Supplier"
                        }
                    ]
                },
                {
                    "id": "122274.0",
                    "date": "2021-05-09 14:49",
                    "status": "Accepted-AOC",
                    "tenderers": [
                        {
                            "id": "dineshsalescorporation",
                            "name": "Dinesh Sales Corporation"
                        }
                    ]
                },
                {
                    "id": "122431.0",
                    "date": "2021-05-09 20:02",
                    "status": "Accepted-AOC",
                    "tenderers": [
                        {
                            "id": "eastwestindia",
                            "name": "East West India"
                        }
                    ]
                },
                {
                    "id": "122668.0",
                    "date": "2021-08-09 16:37",
                    "status": "Accepted-AOC",
                    "tenderers": [
                        {
                            "id": "godhasalttradingco",
                            "name": "Godha Salt Trading Co."
                        }
                    ]
                },
                {
                    "id": "122210.0",
                    "date": "2021-05-09 14:22",
                    "status": "Accepted-AOC",
                    "tenderers": [
                        {
                            "id": "jainandjainco",
                            "name": "jain and jain co"
                        }
                    ]
                },
                {
                    "id": "122390.0",
                    "date": "2021-05-09 14:33",
                    "status": "Accepted-AOC",
                    "tenderers": [
                        {
                            "id": "jainbijayandcompanypvtltd",
                            "name": "JAIN BIJAY AND COMPANY PVT LTD"
                        }
                    ]
                },
                {
                    "id": "122579.0",
                    "date": "2021-09-09 12:16",
                    "status": "Accepted-AOC",
                    "tenderers": [
                        {
                            "id": "jainbrothers",
                            "name": "JAIN BROTHERS"
                        }
                    ]
                },
                {
                    "id": "122582.0",
                    "date": "2021-06-09 20:22",
                    "status": "Accepted-AOC",
                    "tenderers": [
                        {
                            "id": "jaincorporation",
                            "name": "Jain Corporation"
                        }
                    ]
                },
                {
                    "id": "122218.0",
                    "date": "2021-05-09 14:44",
                    "status": "Accepted-AOC",
                    "tenderers": [
                        {
                            "id": "jainenterprises",
                            "name": "jain enterprises"
                        }
                    ]
                },
                {
                    "id": "122058.0",
                    "date": "2021-06-09 23:30",
                    "status": "Accepted-AOC",
                    "tenderers": [
                        {
                            "id": "jiwantradingco",
                            "name": "JIWAN TRADING CO"
                        }
                    ]
                },
                {
                    "id": "122651.0",
                    "date": "2021-09-09 08:44",
                    "status": "Accepted-AOC",
                    "tenderers": [
                        {
                            "id": "kamakhyasaltsuppliers",
                            "name": "KAMAKHYA SALT SUPPLIERS"
                        }
                    ]
                },
                {
                    "id": "122314.0",
                    "date": "2021-08-09 02:35",
                    "status": "Accepted-AOC",
                    "tenderers": [
                        {
                            "id": "kushsaltsuppliers",
                            "name": "KUSH SALT SUPPLIERS"
                        }
                    ]
                },
                {
                    "id": "122655.0",
                    "date": "2021-08-09 14:22",
                    "status": "Accepted-AOC",
                    "tenderers": [
                        {
                            "id": "mahavirenterprise",
                            "name": "Mahavir Enterprise"
                        }
                    ]
                },
                {
                    "id": "122654.0",
                    "date": "2021-08-09 14:05",
                    "status": "Accepted-AOC",
                    "tenderers": [
                        {
                            "id": "manojenterprise",
                            "name": "MANOJ ENTERPRISE"
                        }
                    ]
                },
                {
                    "id": "122332.0",
                    "date": "2021-05-09 15:00",
                    "status": "Accepted-AOC",
                    "tenderers": [
                        {
                            "id": "mktrader",
                            "name": "M K Trader"
                        }
                    ]
                },
                {
                    "id": "122685.0",
                    "date": "2021-09-09 11:38",
                    "status": "Accepted-AOC",
                    "tenderers": [
                        {
                            "id": "mohittradeagency",
                            "name": "Mohit Trade Agency"
                        }
                    ]
                },
                {
                    "id": "122611.0",
                    "date": "2021-07-09 13:24",
                    "status": "Accepted-AOC",
                    "tenderers": [
                        {
                            "id": "monusaltsuppliers",
                            "name": "MONU SALT SUPPLIERS"
                        }
                    ]
                },
                {
                    "id": "122657.0",
                    "date": "2021-08-09 14:36",
                    "status": "Accepted-AOC",
                    "tenderers": [
                        {
                            "id": "naveentrading",
                            "name": "NAVEEN TRADING"
                        }
                    ]
                },
                {
                    "id": "122666.0",
                    "date": "2021-08-09 16:41",
                    "status": "Accepted-AOC",
                    "tenderers": [
                        {
                            "id": "navmanasfoodproducts",
                            "name": "NAV MANAS FOOD PRODUCTS"
                        }
                    ]
                },
                {
                    "id": "122508.0",
                    "date": "2021-07-09 00:05",
                    "status": "Accepted-AOC",
                    "tenderers": [
                        {
                            "id": "padmawatitradingco",
                            "name": "Padmawati Trading Co."
                        }
                    ]
                },
                {
                    "id": "122577.0",
                    "date": "2021-09-09 13:46",
                    "status": "Accepted-AOC",
                    "tenderers": [
                        {
                            "id": "pmenterprise",
                            "name": "P. M. Enterprise"
                        }
                    ]
                },
                {
                    "id": "122678.0",
                    "date": "2021-09-09 13:50",
                    "status": "Accepted-AOC",
                    "tenderers": [
                        {
                            "id": "pmenterprise",
                            "name": "P. M. ENTERPRISE"
                        }
                    ]
                },
                {
                    "id": "122287.0",
                    "date": "2021-05-09 19:08",
                    "status": "Accepted-AOC",
                    "tenderers": [
                        {
                            "id": "prakashflourmill",
                            "name": "Prakash Flour Mill"
                        }
                    ]
                },
                {
                    "id": "122573.0",
                    "date": "2021-06-09 20:07",
                    "status": "Accepted-AOC",
                    "tenderers": [
                        {
                            "id": "priyaenterprise",
                            "name": "Priya Enterprise"
                        }
                    ]
                },
                {
                    "id": "122345.0",
                    "date": "2021-07-09 14:07",
                    "status": "Accepted-AOC",
                    "tenderers": [
                        {
                            "id": "rahultradingco",
                            "name": "RAHUL TRADING CO."
                        }
                    ]
                },
                {
                    "id": "122348.0",
                    "date": "2021-05-09 18:32",
                    "status": "Accepted-AOC",
                    "tenderers": [
                        {
                            "id": "rajattradingco",
                            "name": "RAJAT TRADING CO."
                        }
                    ]
                },
                {
                    "id": "122331.0",
                    "date": "2021-05-09 18:40",
                    "status": "Accepted-AOC",
                    "tenderers": [
                        {
                            "id": "rkjainandsons",
                            "name": "R. K. JAIN AND SONS"
                        }
                    ]
                },
                {
                    "id": "122175.0",
                    "date": "2021-07-09 08:10",
                    "status": "Accepted-AOC",
                    "tenderers": [
                        {
                            "id": "rohittraders",
                            "name": "ROHIT TRADERS"
                        }
                    ]
                },
                {
                    "id": "122687.0",
                    "date": "2021-09-09 11:09",
                    "status": "Accepted-AOC",
                    "tenderers": [
                        {
                            "id": "saltmarketingcentre",
                            "name": "SALT MARKETING CENTRE"
                        }
                    ]
                },
                {
                    "id": "122285.0",
                    "date": "2021-05-09 14:55",
                    "status": "Accepted-AOC",
                    "tenderers": [
                        {
                            "id": "sdenterprise",
                            "name": "s.d.enterprise"
                        }
                    ]
                },
                {
                    "id": "122638.0",
                    "date": "2021-08-09 10:28",
                    "status": "Accepted-AOC",
                    "tenderers": [
                        {
                            "id": "shreesalt",
                            "name": "Shree Salt"
                        }
                    ]
                },
                {
                    "id": "122347.0",
                    "date": "2021-05-09 18:36",
                    "status": "Accepted-AOC",
                    "tenderers": [
                        {
                            "id": "sktradingco",
                            "name": "S. K. TRADING CO."
                        }
                    ]
                },
                {
                    "id": "122680.0",
                    "date": "2021-09-09 10:50",
                    "status": "Accepted-AOC",
                    "tenderers": [
                        {
                            "id": "smtradingco",
                            "name": "S. M. TRADING CO."
                        }
                    ]
                },
                {
                    "id": "121916.0",
                    "date": "2021-06-09 23:40",
                    "status": "Accepted-AOC",
                    "tenderers": [
                        {
                            "id": "srinarayanisalttrade",
                            "name": "Sri Narayani Salt Trade"
                        }
                    ]
                },
                {
                    "id": "122667.0",
                    "date": "2021-08-09 16:24",
                    "status": "Accepted-AOC",
                    "tenderers": [
                        {
                            "id": "tinsukiasaltsuppliers",
                            "name": "TINSUKIA SALT SUPPLIERS"
                        }
                    ]
                },
                {
                    "id": "122635.0",
                    "date": "2021-08-09 02:49",
                    "status": "Accepted-AOC",
                    "tenderers": [
                        {
                            "id": "upperassamsaltsuppliers",
                            "name": "UPPER ASSAM SALT SUPPLIERS"
                        }
                    ]
                },
                {
                    "id": "121960.0",
                    "date": "2021-06-09 23:56",
                    "status": "Accepted-AOC",
                    "tenderers": [
                        {
                            "id": "vksaltsuppliers",
                            "name": "VK Salt Suppliers"
                        }
                    ]
                }
            ]
        }
    ],
    "statistics": [
        {
            "id": "1",
            "value": 0.0,
            "currency": "INR",
            "measure": "contractValue"
        }
    ],
    "awards": [
        {
            "id": 1,
            "description": "Award of Contract",
            "value": [
                {
                    "amount": 0.0,
                    "currency": "INR"
                }
            ],
            "suppliers": [
                {
                    "id": "srinarayanisalttrade",
                    "name": "Sri Narayani Salt Trade"
                },
                {
                    "id": "vksaltsuppliers",
                    "name": "VK Salt Suppliers"
                },
                {
                    "id": "jiwantradingco",
                    "name": "JIWAN TRADING CO"
                },
                {
                    "id": "rohittraders",
                    "name": "ROHIT TRADERS"
                },
                {
                    "id": "jainandjainco",
                    "name": "jain and jain co"
                },
                {
                    "id": "jainenterprises",
                    "name": "jain enterprises"
                },
                {
                    "id": "dineshsalescorporation",
                    "name": "Dinesh Sales Corporation"
                },
                {
                    "id": "sdenterprise",
                    "name": "s.d.enterprise"
                },
                {
                    "id": "prakashflourmill",
                    "name": "Prakash Flour Mill"
                },
                {
                    "id": "kushsaltsuppliers",
                    "name": "KUSH SALT SUPPLIERS"
                },
                {
                    "id": "arihantenterprise",
                    "name": "ARIHANT ENTERPRISE"
                },
                {
                    "id": "assamsaltsupplier",
                    "name": "Assam Salt Supplier"
                },
                {
                    "id": "rkjainandsons",
                    "name": "R. K. JAIN AND SONS"
                },
                {
                    "id": "mktrader",
                    "name": "M K Trader"
                },
                {
                    "id": "amitenterprises",
                    "name": "Amit Enterprises"
                },
                {
                    "id": "rahultradingco",
                    "name": "RAHUL TRADING CO."
                },
                {
                    "id": "sktradingco",
                    "name": "S. K. TRADING CO."
                },
                {
                    "id": "rajattradingco",
                    "name": "RAJAT TRADING CO."
                },
                {
                    "id": "jainbijayandcompanypvtltd",
                    "name": "JAIN BIJAY AND COMPANY PVT LTD"
                },
                {
                    "id": "eastwestindia",
                    "name": "East West India"
                },
                {
                    "id": "padmawatitradingco",
                    "name": "Padmawati Trading Co."
                },
                {
                    "id": "priyaenterprise",
                    "name": "Priya Enterprise"
                },
                {
                    "id": "pmenterprise",
                    "name": "P. M. Enterprise"
                },
                {
                    "id": "jainbrothers",
                    "name": "JAIN BROTHERS"
                },
                {
                    "id": "jaincorporation",
                    "name": "Jain Corporation"
                },
                {
                    "id": "anusaltsuppliers",
                    "name": "ANU SALT SUPPLIERS"
                },
                {
                    "id": "monusaltsuppliers",
                    "name": "MONU SALT SUPPLIERS"
                },
                {
                    "id": "upperassamsaltsuppliers",
                    "name": "UPPER ASSAM SALT SUPPLIERS"
                },
                {
                    "id": "shreesalt",
                    "name": "Shree Salt"
                },
                {
                    "id": "alokassam",
                    "name": "ALOK ASSAM"
                },
                {
                    "id": "kamakhyasaltsuppliers",
                    "name": "KAMAKHYA SALT SUPPLIERS"
                },
                {
                    "id": "manojenterprise",
                    "name": "MANOJ ENTERPRISE"
                },
                {
                    "id": "mahavirenterprise",
                    "name": "Mahavir Enterprise"
                },
                {
                    "id": "naveentrading",
                    "name": "NAVEEN TRADING"
                },
                {
                    "id": "navmanasfoodproducts",
                    "name": "NAV MANAS FOOD PRODUCTS"
                },
                {
                    "id": "tinsukiasaltsuppliers",
                    "name": "TINSUKIA SALT SUPPLIERS"
                },
                {
                    "id": "godhasalttradingco",
                    "name": "Godha Salt Trading Co."
                },
                {
                    "id": "pmenterprise",
                    "name": "P. M. ENTERPRISE"
                },
                {
                    "id": "smtradingco",
                    "name": "S. M. TRADING CO."
                },
                {
                    "id": "mohittradeagency",
                    "name": "Mohit Trade Agency"
                },
                {
                    "id": "saltmarketingcentre",
                    "name": "SALT MARKETING CENTRE"
                }
            ],
            "contractPeriod": [
                {
                    "startDate": "2024-19-08",
                    "durationInDays": 365
                }
            ]
        },
        {
            "id": 2,
            "value": [
                {
                    "amount": 0.0,
                    "currency": "INR"
                }
            ]
        }
    ]
}