{
    "ocid": "ocds-f5kvwu-2021_TDEP_23090_1",
    "id": "1",
    "date": "2024-11-27",
    "tag": [
        "tender"
    ],
    "initiationType": "tender",
    "parties": [
        {
            "id": "transportdepartmentexternallyfundedprojects",
            "name": "Transport Department- Externally Funded Projects",
            "roles": [
                "buyer"
            ]
        },
        {
            "id": "terraconecotechprivatelimited",
            "name": "Terracon Ecotech Private Limited",
            "roles": [
                "tenderer",
                "supplier"
            ]
        },
        {
            "id": "stateprojectdirectoraiwtds",
            "name": "State Project Director, AIWTDS",
            "address": [
                {
                    "streetAddress": "3rd floor DIWT office building, AIWTDS Office, Ulubari, Guwahati -07"
                }
            ],
            "roles": [
                "procuringEntity"
            ]
        }
    ],
    "buyer": [
        {
            "name": "Transport Department- Externally Funded Projects",
            "id": "transportdepartmentexternallyfundedprojects"
        }
    ],
    "tender": [
        {
            "id": "2021_TDEP_23090_1",
            "identifiers": [
                {
                    "id": "IN-IWT-249475-CS-QCBS",
                    "scheme": "external"
                }
            ],
            "title": "Safeguard Monitoring Consultant (3rd Party Monitoring) at proposed development of terminal at Guwahati Gateway Ghat",
            "description": "Safeguard Monitoring Consultant (3rd Party Monitoring) at proposed development of terminal at Guwahati Gateway Ghat",
            "datePublished": "2021-30-09 17:00",
            "contractType": "Tender",
            "submissionTerms": [
                {
                    "allowPreferentialBidder": "No",
                    "allowMultiCurrencyFee": "No",
                    "allowMultiCurrencyBQQ": "No",
                    "bidValidityPeriod": [
                        {
                            "durationInDays": 120
                        }
                    ]
                }
            ],
            "procuringEntity": [
                {
                    "name": "State Project Director, AIWTDS",
                    "id": "stateprojectdirectoraiwtds"
                }
            ],
            "items": [
                {
                    "id": "01",
                    "classification": [
                        {
                            "description": "Consultancy"
                        }
                    ],
                    "additionalClassifications": [
                        {
                            "description": "Work Item Details > Subcategory"
                        }
                    ],
                    "deliveryAddresses": [
                        {
                            "postalCode": "781007.0",
                            "streetAddress": "AIWTDS OFFICE"
                        }
                    ]
                }
            ],
            "value": [
                {
                    "amount": 2035500.0,
                    "currency": "INR"
                }
            ],
            "procurementMethod": "Open Tender",
            "mainProcurementCategory": "Lump-sum",
            "tenderPeriod": [
                {
                    "startDate": "2021-30-09 17:00",
                    "endDate": "2021-23-11 14:00",
                    "durationInDays": 53
                }
            ],
            "contractPeriod": [
                {
                    "durationInDays": 900
                }
            ],
            "communication": [
                {
                    "id": 1,
                    "documentAvailabilityPeriod": [
                        {
                            "startDate": "2021-30-09 17:00",
                            "endDate": "2021-23-11 14:00"
                        }
                    ]
                }
            ],
            "bidOpening": [
                {
                    "date": "2021-23-11 16:00",
                    "address": [
                        {
                            "streetAddress": "AIWTDS Office"
                        }
                    ]
                }
            ],
            "participationFees": [
                {
                    "id": "01",
                    "value": [
                        {
                            "amount": 0.0,
                            "currency": "INR"
                        }
                    ],
                    "description": "Nil"
                }
            ],
            "numberOfTenderers": 8,
            "milestones": [
                {
                    "id": "1",
                    "title": "Published Date",
                    "type": "Pre-procurement milestones",
                    "dueDate": "2021-30-09 17:00"
                },
                {
                    "id": "2",
                    "title": "Document Download / Sale Start Date",
                    "type": "Pre-procurement milestones",
                    "dueDate": "2021-30-09 17:00"
                },
                {
                    "id": "3",
                    "title": "Bid Submission Start Date",
                    "type": "Pre-procurement milestones",
                    "dueDate": "2021-21-10 10:00"
                },
                {
                    "id": "4",
                    "title": "Bid Opening Date",
                    "type": "Pre-procurement milestones",
                    "dueDate": "2021-23-11 16:00"
                },
                {
                    "id": "5",
                    "title": "Document Download / Sale End Date",
                    "type": "Pre-procurement milestones",
                    "dueDate": "2021-23-11 14:00"
                },
                {
                    "id": "6",
                    "title": "Bid Submission End Date",
                    "type": "Pre-procurement milestones",
                    "dueDate": "2021-23-11 14:00"
                },
                {
                    "id": "7",
                    "title": "Financial Bid Opening Date",
                    "type": "Pre-procurement milestones",
                    "dueDate": "2022-23-05 16:00"
                }
            ],
            "fiscalYear": "2021-2022"
        }
    ],
    "bids": [
        {
            "id": 1,
            "details": [
                {
                    "id": "125439.0",
                    "date": "2021-28-10 11:31",
                    "status": "Accepted-AOC",
                    "tenderers": [
                        {
                            "id": "terraconecotechprivatelimited",
                            "name": "Terracon Ecotech Private Limited"
                        }
                    ]
                }
            ]
        }
    ],
    "statistics": [
        {
            "id": "1",
            "value": 4909600.0,
            "currency": "INR",
            "measure": "contractValue"
        }
    ],
    "awards": [
        {
            "id": 1,
            "value": [
                {
                    "amount": 4909600.0,
                    "currency": "INR"
                }
            ],
            "suppliers": [
                {
                    "id": "terraconecotechprivatelimited",
                    "name": "Terracon Ecotech Private Limited"
                }
            ],
            "contractPeriod": [
                {
                    "startDate": "2022-14-06",
                    "durationInDays": 900
                }
            ]
        },
        {
            "id": 2,
            "value": [
                {
                    "amount": "4909600",
                    "currency": "INR"
                }
            ]
        }
    ]
}