{
    "ocid": "ocds-f5kvwu-2021_PWBNH_23137_2",
    "id": "1",
    "date": "2024-11-27",
    "tag": [
        "tender"
    ],
    "initiationType": "tender",
    "parties": [
        {
            "id": "publicworksbuildingandnhdepartment",
            "name": "Public Works Building and NH Department",
            "roles": [
                "buyer"
            ]
        },
        {
            "id": "ellenengineeringenterprises",
            "name": "Ellen Engineering Enterprises",
            "roles": [
                "tenderer"
            ]
        },
        {
            "id": "industrialsystemsllp",
            "name": "Industrial Systems LLP",
            "roles": [
                "tenderer",
                "supplier"
            ]
        },
        {
            "id": "tntprojectsltd",
            "name": "T N T Projects Ltd",
            "roles": [
                "tenderer"
            ]
        },
        {
            "id": "addlcepwdelectassamchandmarighy3",
            "name": "Addl. CE, PWD(Elect.), Assam, Chandmari, Ghy-3",
            "address": [
                {
                    "streetAddress": "O/O The CE, PWD (Bldg), Assam, Chandmari, Ghy-3"
                }
            ],
            "roles": [
                "procuringEntity"
            ]
        }
    ],
    "buyer": [
        {
            "name": "Public Works Building and NH Department",
            "id": "publicworksbuildingandnhdepartment"
        }
    ],
    "tender": [
        {
            "id": "2021_PWBNH_23137_2",
            "identifiers": [
                {
                    "id": "CE/BLD/ ELECT/15/2021/Pt-1/32 Dated 04/10/2021",
                    "scheme": "external"
                }
            ],
            "title": "GROUP-B Construction of Mother and Child Hospital (500 bedded) at Gauhati Medical College and Hospital, Guwahati Under SOPD-ODS for the FY 2019-2020. (Providing 1600 KVA Transformer along with allied accessories etc.), GROUP-B",
            "description": "GROUP-B Construction of Mother and Child Hospital (500 bedded) at Gauhati Medical College and Hospital, Guwahati Under SOPD-ODS for the FY 2019-2020. (Providing 1600 KVA Transformer along with allied accessories etc.), GROUP-B",
            "datePublished": "2021-08-10 18:00",
            "contractType": "Tender",
            "submissionTerms": [
                {
                    "allowPreferentialBidder": "No",
                    "allowMultiCurrencyFee": "No",
                    "allowMultiCurrencyBQQ": "No",
                    "bidValidityPeriod": [
                        {
                            "durationInDays": 180
                        }
                    ]
                }
            ],
            "procuringEntity": [
                {
                    "name": "Addl. CE, PWD(Elect.), Assam, Chandmari, Ghy-3",
                    "id": "addlcepwdelectassamchandmarighy3"
                }
            ],
            "items": [
                {
                    "id": "01",
                    "classification": [
                        {
                            "description": "Electrical Works"
                        }
                    ],
                    "additionalClassifications": [
                        {
                            "description": "Work Item Details > Subcategory"
                        }
                    ],
                    "deliveryAddresses": [
                        {
                            "postalCode": "781005.0",
                            "streetAddress": "Guwahati"
                        }
                    ]
                }
            ],
            "value": [
                {
                    "amount": 18668021.0,
                    "currency": "INR"
                }
            ],
            "procurementMethod": "Open Tender",
            "mainProcurementCategory": "Item Rate",
            "tenderPeriod": [
                {
                    "startDate": "2021-08-10 18:00",
                    "endDate": "2021-19-10 15:00",
                    "durationInDays": 10
                }
            ],
            "contractPeriod": [
                {
                    "durationInDays": 365
                }
            ],
            "communication": [
                {
                    "id": 1,
                    "documentAvailabilityPeriod": [
                        {
                            "startDate": "2021-08-10 18:00",
                            "endDate": "2021-19-10 15:00"
                        }
                    ]
                }
            ],
            "bidOpening": [
                {
                    "date": "2021-19-10 15:30",
                    "address": [
                        {
                            "streetAddress": "O/O The CE, PWD (Bldg), Assam, Chandmari, Ghy-3"
                        }
                    ]
                }
            ],
            "participationFees": [
                {
                    "id": "01",
                    "value": [
                        {
                            "amount": 5600.0,
                            "currency": "INR"
                        }
                    ],
                    "description": "Assam State Road Board Maintenance (Road) Fund"
                }
            ],
            "numberOfTenderers": 7,
            "milestones": [
                {
                    "id": "1",
                    "title": "Published Date",
                    "type": "Pre-procurement milestones",
                    "dueDate": "2021-08-10 18:00"
                },
                {
                    "id": "2",
                    "title": "Document Download / Sale Start Date",
                    "type": "Pre-procurement milestones",
                    "dueDate": "2021-08-10 18:00"
                },
                {
                    "id": "3",
                    "title": "Bid Submission Start Date",
                    "type": "Pre-procurement milestones",
                    "dueDate": "2021-08-10 18:00"
                },
                {
                    "id": "4",
                    "title": "Bid Opening Date",
                    "type": "Pre-procurement milestones",
                    "dueDate": "2021-19-10 15:30"
                },
                {
                    "id": "5",
                    "title": "Document Download / Sale End Date",
                    "type": "Pre-procurement milestones",
                    "dueDate": "2021-19-10 15:00"
                },
                {
                    "id": "6",
                    "title": "Bid Submission End Date",
                    "type": "Pre-procurement milestones",
                    "dueDate": "2021-19-10 15:00"
                },
                {
                    "id": "7",
                    "title": "Financial Bid Opening Date",
                    "type": "Pre-procurement milestones",
                    "dueDate": "2021-12-11 17:00"
                }
            ],
            "fiscalYear": "2021-2022"
        }
    ],
    "bids": [
        {
            "id": 1,
            "details": [
                {
                    "id": "124594.0",
                    "date": "2021-18-10 18:52",
                    "status": "Rejected-Technical",
                    "tenderers": [
                        {
                            "id": "ellenengineeringenterprises",
                            "name": "Ellen Engineering Enterprises"
                        }
                    ]
                },
                {
                    "id": "124665.0",
                    "date": "2021-19-10 14:18",
                    "status": "Rejected-AOC",
                    "tenderers": [
                        {
                            "id": "tntprojectsltd",
                            "name": "T N T Projects Ltd"
                        }
                    ]
                },
                {
                    "id": "124621.0",
                    "date": "2021-18-10 20:48",
                    "status": "Accepted-AOC",
                    "tenderers": [
                        {
                            "id": "industrialsystemsllp",
                            "name": "Industrial Systems LLP"
                        }
                    ]
                }
            ]
        }
    ],
    "statistics": [
        {
            "id": "1",
            "value": 16803086.0,
            "currency": "INR",
            "measure": "contractValue"
        }
    ],
    "awards": [
        {
            "id": 1,
            "value": [
                {
                    "amount": 16803086.0,
                    "currency": "INR"
                }
            ],
            "suppliers": [
                {
                    "id": "industrialsystemsllp",
                    "name": "Industrial Systems LLP"
                }
            ],
            "contractPeriod": [
                {
                    "startDate": "2024-07-09",
                    "durationInDays": 365
                }
            ]
        },
        {
            "id": 2,
            "value": [
                {
                    "amount": "16803086",
                    "currency": "INR"
                }
            ]
        }
    ]
}