{
    "ocid": "ocds-f5kvwu-2021_WPTBC_23284_1",
    "id": "1",
    "date": "2024-11-27",
    "tag": [
        "tender"
    ],
    "initiationType": "tender",
    "parties": [
        {
            "id": "welfareofplaintribesandbackwardclasses",
            "name": "Welfare of Plain Tribes and Backward Classes",
            "roles": [
                "buyer"
            ]
        },
        {
            "id": "anupammazumdar",
            "name": "Anupam Mazumdar",
            "roles": [
                "tenderer"
            ]
        },
        {
            "id": "dskconstructions",
            "name": "DSK CONSTRUCTIONS",
            "roles": [
                "tenderer"
            ]
        },
        {
            "id": "paragbasumatary",
            "name": "PARAG BASUMATARY",
            "roles": [
                "tenderer",
                "supplier"
            ]
        },
        {
            "id": "tribeniassociates",
            "name": "Tribeni Associates",
            "roles": [
                "tenderer"
            ]
        },
        {
            "id": "umtechnoservices",
            "name": "UM-Techno Services",
            "roles": [
                "tenderer"
            ]
        },
        {
            "id": "managingdirector",
            "name": "Managing Director",
            "address": [
                {
                    "streetAddress": "Managing Director at APTDC Ltd. Ganeshguri, Guwahati - 05"
                }
            ],
            "roles": [
                "procuringEntity"
            ]
        }
    ],
    "buyer": [
        {
            "name": "Welfare of Plain Tribes and Backward Classes",
            "id": "welfareofplaintribesandbackwardclasses"
        }
    ],
    "tender": [
        {
            "id": "2021_WPTBC_23284_1",
            "identifiers": [
                {
                    "id": "PTDC/Engg/2018-19/239",
                    "scheme": "external"
                }
            ],
            "title": "Construction of Santipur (Murabari) community hall cum Auditorium hall with modern facilities in Kokrajhar District (Part-1) under infrastructure Dev in ITDP and outside ITDP areas during 2020-21",
            "description": "Construction of Santipur (Murabari) community hall cum Auditorium hall with modern facilities in Kokrajhar District (Part-1) under infrastructure Dev in ITDP and outside ITDP areas during 2020-21",
            "datePublished": "2021-02-11 14:30",
            "contractType": "Tender",
            "submissionTerms": [
                {
                    "allowPreferentialBidder": "No",
                    "allowMultiCurrencyFee": "No",
                    "allowMultiCurrencyBQQ": "No",
                    "bidValidityPeriod": [
                        {
                            "durationInDays": 120
                        }
                    ]
                }
            ],
            "procuringEntity": [
                {
                    "name": "Managing Director",
                    "id": "managingdirector"
                }
            ],
            "items": [
                {
                    "id": "01",
                    "classification": [
                        {
                            "description": "Civil Works"
                        }
                    ],
                    "additionalClassifications": [
                        {
                            "description": "Work Item Details > Subcategory"
                        }
                    ],
                    "deliveryAddresses": [
                        {
                            "postalCode": "783370.0",
                            "streetAddress": "Kokrajhar"
                        }
                    ]
                }
            ],
            "procurementMethod": "Open Tender",
            "mainProcurementCategory": "Item Rate",
            "tenderPeriod": [
                {
                    "startDate": "2021-02-11 14:30",
                    "endDate": "2021-29-11 15:00",
                    "durationInDays": 27
                }
            ],
            "enquiryPeriod": [
                {
                    "startDate": "2021-02-11 15:00",
                    "endDate": "2021-08-11 16:00",
                    "durationInDays": 6
                }
            ],
            "contractPeriod": [
                {
                    "durationInDays": 270
                }
            ],
            "communication": [
                {
                    "id": 1,
                    "documentAvailabilityPeriod": [
                        {
                            "startDate": "2021-02-11 15:00",
                            "endDate": "2021-29-11 15:00"
                        }
                    ]
                }
            ],
            "bidOpening": [
                {
                    "date": "2021-02-12 15:30",
                    "address": [
                        {
                            "streetAddress": "APTDC Ltd. Ganeshguri, Guwahati - 05"
                        }
                    ]
                }
            ],
            "participationFees": [
                {
                    "id": "01",
                    "value": [
                        {
                            "amount": 7500.0,
                            "currency": "INR"
                        }
                    ],
                    "description": "Managing Director"
                }
            ],
            "numberOfTenderers": 7,
            "milestones": [
                {
                    "id": "1",
                    "title": "Published Date",
                    "type": "Pre-procurement milestones",
                    "dueDate": "2021-02-11 14:30"
                },
                {
                    "id": "2",
                    "title": "Document Download / Sale Start Date",
                    "type": "Pre-procurement milestones",
                    "dueDate": "2021-02-11 15:00"
                },
                {
                    "id": "3",
                    "title": "Clarification Start Date",
                    "type": "Pre-procurement milestones",
                    "dueDate": "2021-02-11 15:00"
                },
                {
                    "id": "4",
                    "title": "Bid Submission Start Date",
                    "type": "Pre-procurement milestones",
                    "dueDate": "2021-02-11 15:30"
                },
                {
                    "id": "5",
                    "title": "Bid Opening Date",
                    "type": "Pre-procurement milestones",
                    "dueDate": "2021-02-12 15:30"
                },
                {
                    "id": "6",
                    "title": "Document Download / Sale End Date",
                    "type": "Pre-procurement milestones",
                    "dueDate": "2021-29-11 15:00"
                },
                {
                    "id": "7",
                    "title": "Clarification End Date",
                    "type": "Pre-procurement milestones",
                    "dueDate": "2021-08-11 16:00"
                },
                {
                    "id": "8",
                    "title": "Bid Submission End Date",
                    "type": "Pre-procurement milestones",
                    "dueDate": "2021-29-11 15:00"
                },
                {
                    "id": "9",
                    "title": "Financial Bid Opening Date",
                    "type": "Pre-procurement milestones",
                    "dueDate": "2022-06-01 12:05"
                }
            ],
            "fiscalYear": "2021-2022"
        }
    ],
    "bids": [
        {
            "id": 1,
            "details": [
                {
                    "id": "126953.0",
                    "date": "2021-29-11 00:10",
                    "status": "Rejected-Finance",
                    "tenderers": [
                        {
                            "id": "anupammazumdar",
                            "name": "Anupam Mazumdar"
                        }
                    ]
                },
                {
                    "id": "127061.0",
                    "date": "2021-29-11 13:40",
                    "status": "Rejected-Technical",
                    "tenderers": [
                        {
                            "id": "dskconstructions",
                            "name": "DSK CONSTRUCTIONS"
                        }
                    ]
                },
                {
                    "id": "127074.0",
                    "date": "2021-29-11 14:05",
                    "status": "Rejected-Technical",
                    "tenderers": [
                        {
                            "id": "tribeniassociates",
                            "name": "Tribeni Associates"
                        }
                    ]
                },
                {
                    "id": "127024.0",
                    "date": "2021-29-11 10:14",
                    "status": "Rejected-Finance",
                    "tenderers": [
                        {
                            "id": "umtechnoservices",
                            "name": "UM-Techno Services"
                        }
                    ]
                },
                {
                    "id": "126948.0",
                    "date": "2021-29-11 01:07",
                    "status": "Accepted-AOC",
                    "tenderers": [
                        {
                            "id": "paragbasumatary",
                            "name": "PARAG BASUMATARY"
                        }
                    ]
                }
            ]
        }
    ],
    "statistics": [
        {
            "id": "1",
            "value": 17399130.0,
            "currency": "INR",
            "measure": "contractValue"
        }
    ],
    "awards": [
        {
            "id": 1,
            "description": "AOC",
            "value": [
                {
                    "amount": 17399130.0,
                    "currency": "INR"
                }
            ],
            "suppliers": [
                {
                    "id": "paragbasumatary",
                    "name": "PARAG BASUMATARY"
                }
            ],
            "contractPeriod": [
                {
                    "startDate": "2024-08-02",
                    "durationInDays": 270
                }
            ]
        },
        {
            "id": 2,
            "value": [
                {
                    "amount": "17399130",
                    "currency": "INR"
                }
            ]
        }
    ]
}