{
    "ocid": "ocds-f5kvwu-2021_FD_23230_1",
    "id": "1",
    "date": "2024-11-27",
    "tag": [
        "tender"
    ],
    "initiationType": "tender",
    "parties": [
        {
            "id": "departmentoffisheries",
            "name": "Department of Fisheries",
            "roles": [
                "buyer"
            ]
        },
        {
            "id": "kklifesciences",
            "name": "KK LIFESCIENCES",
            "roles": [
                "tenderer"
            ]
        },
        {
            "id": "technofeederprivatelimited",
            "name": "Techno Feeder Private Limited",
            "roles": [
                "tenderer",
                "supplier"
            ]
        },
        {
            "id": "directoroffisheriesassam",
            "name": "Director of Fisheries, Assam",
            "address": [
                {
                    "streetAddress": "O/o the Director of Fisheries, Assam, Guwahati"
                }
            ],
            "roles": [
                "procuringEntity"
            ]
        }
    ],
    "buyer": [
        {
            "name": "Department of Fisheries",
            "id": "departmentoffisheries"
        }
    ],
    "tender": [
        {
            "id": "2021_FD_23230_1",
            "identifiers": [
                {
                    "id": "AF(S)59/RIDF/2021-22/6269-73 Dtd 21/10/2021",
                    "scheme": "external"
                }
            ],
            "title": "Supply and installation of Medium Fish Feed Mill Machineries",
            "description": "Supply and installation of Medium Fish Feed Mill Machineries in 5 districts",
            "datePublished": "2021-26-10 16:00",
            "contractType": "Tender",
            "submissionTerms": [
                {
                    "allowPreferentialBidder": "No",
                    "allowMultiCurrencyFee": "No",
                    "allowMultiCurrencyBQQ": "No",
                    "bidValidityPeriod": [
                        {
                            "durationInDays": 180
                        }
                    ]
                }
            ],
            "procuringEntity": [
                {
                    "name": "Director of Fisheries, Assam",
                    "id": "directoroffisheriesassam"
                }
            ],
            "items": [
                {
                    "id": "01",
                    "classification": [
                        {
                            "description": "Supply of Materials"
                        }
                    ],
                    "additionalClassifications": [
                        {
                            "description": "Work Item Details > Subcategory"
                        }
                    ],
                    "deliveryAddresses": [
                        {
                            "postalCode": "781016.0",
                            "streetAddress": "Guwahati"
                        }
                    ]
                }
            ],
            "value": [
                {
                    "amount": 6101400.0,
                    "currency": "INR"
                }
            ],
            "procurementMethod": "Open Tender",
            "mainProcurementCategory": "Supply",
            "tenderPeriod": [
                {
                    "startDate": "2021-26-10 16:00",
                    "endDate": "2021-30-11 12:00",
                    "durationInDays": 34
                }
            ],
            "contractPeriod": [
                {
                    "durationInDays": 60
                }
            ],
            "communication": [
                {
                    "id": 1,
                    "documentAvailabilityPeriod": [
                        {
                            "startDate": "2021-26-10 16:00",
                            "endDate": "2021-30-11 12:00"
                        }
                    ]
                }
            ],
            "bidOpening": [
                {
                    "date": "2021-01-12 14:30",
                    "address": [
                        {
                            "streetAddress": "Guwahati"
                        }
                    ]
                }
            ],
            "participationFees": [
                {
                    "id": "01",
                    "value": [
                        {
                            "amount": 1850.0,
                            "currency": "INR"
                        }
                    ],
                    "description": "Nil"
                }
            ],
            "numberOfTenderers": 7,
            "milestones": [
                {
                    "id": "1",
                    "title": "Published Date",
                    "type": "Pre-procurement milestones",
                    "dueDate": "2021-26-10 16:00"
                },
                {
                    "id": "2",
                    "title": "Document Download / Sale Start Date",
                    "type": "Pre-procurement milestones",
                    "dueDate": "2021-26-10 16:00"
                },
                {
                    "id": "3",
                    "title": "Bid Submission Start Date",
                    "type": "Pre-procurement milestones",
                    "dueDate": "2021-31-10 17:00"
                },
                {
                    "id": "4",
                    "title": "Bid Opening Date",
                    "type": "Pre-procurement milestones",
                    "dueDate": "2021-01-12 14:30"
                },
                {
                    "id": "5",
                    "title": "Document Download / Sale End Date",
                    "type": "Pre-procurement milestones",
                    "dueDate": "2021-30-11 12:00"
                },
                {
                    "id": "6",
                    "title": "Bid Submission End Date",
                    "type": "Pre-procurement milestones",
                    "dueDate": "2021-30-11 12:00"
                },
                {
                    "id": "7",
                    "title": "Financial Bid Opening Date",
                    "type": "Pre-procurement milestones",
                    "dueDate": "2022-16-03 12:00"
                }
            ],
            "fiscalYear": "2021-2022"
        }
    ],
    "bids": [
        {
            "id": 1,
            "details": [
                {
                    "id": "126770.0",
                    "date": "2021-24-11 19:34",
                    "status": "Rejected-Finance",
                    "tenderers": [
                        {
                            "id": "kklifesciences",
                            "name": "KK LIFESCIENCES"
                        }
                    ]
                },
                {
                    "id": "126774.0",
                    "date": "2021-29-11 18:39",
                    "status": "Accepted-AOC",
                    "tenderers": [
                        {
                            "id": "technofeederprivatelimited",
                            "name": "Techno Feeder Private Limited"
                        }
                    ]
                }
            ]
        }
    ],
    "statistics": [
        {
            "id": "1",
            "value": 6101400.0,
            "currency": "INR",
            "measure": "contractValue"
        }
    ],
    "awards": [
        {
            "id": 1,
            "description": "Formal Work Order",
            "value": [
                {
                    "amount": 6101400.0,
                    "currency": "INR"
                }
            ],
            "suppliers": [
                {
                    "id": "technofeederprivatelimited",
                    "name": "Techno Feeder Private Limited"
                }
            ],
            "contractPeriod": [
                {
                    "startDate": "2024-11-06",
                    "durationInDays": 90
                }
            ]
        },
        {
            "id": 2,
            "value": [
                {
                    "amount": "6096470",
                    "currency": "INR"
                }
            ]
        }
    ]
}