{
    "ocid": "ocds-f5kvwu-2022_NHM_24233_1",
    "id": "1",
    "date": "2024-11-27",
    "tag": [
        "tender"
    ],
    "initiationType": "tender",
    "parties": [
        {
            "id": "nationalhealthmission",
            "name": "National Health Mission",
            "roles": [
                "buyer"
            ]
        },
        {
            "id": "mdsarifali",
            "name": "Md. Sarif Ali",
            "roles": [
                "tenderer"
            ]
        },
        {
            "id": "msudayenterprise",
            "name": "MS UDAY ENTERPRISE",
            "roles": [
                "tenderer",
                "supplier"
            ]
        },
        {
            "id": "sriranjitdas",
            "name": "SRI RANJIT DAS",
            "roles": [
                "tenderer"
            ]
        },
        {
            "id": "missiondirectornhmassam",
            "name": "Mission Director NHM Assam",
            "address": [
                {
                    "streetAddress": "O/o Mission Director,NHM,Assam,Christanbasti,Ghy-5"
                }
            ],
            "roles": [
                "procuringEntity"
            ]
        }
    ],
    "buyer": [
        {
            "name": "National Health Mission",
            "id": "nationalhealthmission"
        }
    ],
    "tender": [
        {
            "id": "2022_NHM_24233_1",
            "identifiers": [
                {
                    "id": "NHM 32031 4 2021 Construction NHM 35 2 Feb 2022",
                    "scheme": "external"
                }
            ],
            "title": "Establishing 20 bedded wards closer to the CHCs at various Places of Assam under NHM Assam on Turnkey Basis Group 1 1 no 20 Bedded Ward at CHCs in Baksa District",
            "description": "Establishing 20 bedded wards closer to the CHCs at various Places of Assam under NHM Assam on Turnkey Basis Group 1 1 no 20 Bedded Ward at CHCs in Baksa District",
            "datePublished": "2022-05-02 09:00",
            "contractType": "Tender",
            "submissionTerms": [
                {
                    "allowPreferentialBidder": "No",
                    "allowMultiCurrencyFee": "No",
                    "allowMultiCurrencyBQQ": "No",
                    "bidValidityPeriod": [
                        {
                            "durationInDays": 180
                        }
                    ]
                }
            ],
            "procuringEntity": [
                {
                    "name": "Mission Director NHM Assam",
                    "id": "missiondirectornhmassam"
                }
            ],
            "items": [
                {
                    "id": "01",
                    "classification": [
                        {
                            "description": "Civil Works - Building"
                        }
                    ],
                    "additionalClassifications": [
                        {
                            "description": "Work Item Details > Subcategory"
                        }
                    ],
                    "deliveryAddresses": [
                        {
                            "postalCode": "781372.0",
                            "streetAddress": "Baksa District"
                        }
                    ]
                }
            ],
            "value": [
                {
                    "amount": 3224821.0,
                    "currency": "INR"
                }
            ],
            "procurementMethod": "Open Tender",
            "mainProcurementCategory": "Turn-key",
            "tenderPeriod": [
                {
                    "startDate": "2022-05-02 09:00",
                    "endDate": "2022-11-02 14:00",
                    "durationInDays": 6
                }
            ],
            "contractPeriod": [
                {
                    "durationInDays": 60
                }
            ],
            "communication": [
                {
                    "id": 1,
                    "documentAvailabilityPeriod": [
                        {
                            "startDate": "2022-05-02 09:00",
                            "endDate": "2022-11-02 14:00"
                        }
                    ]
                }
            ],
            "bidOpening": [
                {
                    "date": "2022-11-02 16:30",
                    "address": [
                        {
                            "streetAddress": "O/o Mission Director,NHM,Assam,Christanbasti,Ghy-5"
                        }
                    ]
                }
            ],
            "participationFees": [
                {
                    "id": "01",
                    "value": [
                        {
                            "amount": 700.0,
                            "currency": "INR"
                        }
                    ],
                    "description": "Nil"
                }
            ],
            "numberOfTenderers": 6,
            "milestones": [
                {
                    "id": "1",
                    "title": "Published Date",
                    "type": "Pre-procurement milestones",
                    "dueDate": "2022-05-02 09:00"
                },
                {
                    "id": "2",
                    "title": "Document Download / Sale Start Date",
                    "type": "Pre-procurement milestones",
                    "dueDate": "2022-05-02 09:00"
                },
                {
                    "id": "3",
                    "title": "Bid Submission Start Date",
                    "type": "Pre-procurement milestones",
                    "dueDate": "2022-05-02 09:00"
                },
                {
                    "id": "4",
                    "title": "Bid Opening Date",
                    "type": "Pre-procurement milestones",
                    "dueDate": "2022-11-02 16:30"
                },
                {
                    "id": "5",
                    "title": "Document Download / Sale End Date",
                    "type": "Pre-procurement milestones",
                    "dueDate": "2022-11-02 14:00"
                },
                {
                    "id": "6",
                    "title": "Bid Submission End Date",
                    "type": "Pre-procurement milestones",
                    "dueDate": "2022-11-02 14:00"
                }
            ],
            "fiscalYear": "2021-2022"
        }
    ],
    "bids": [
        {
            "id": 1,
            "details": [
                {
                    "id": "132495.0",
                    "date": "2022-10-02 17:41",
                    "status": "Not Admitted-Fee/PreQual/Technical/Finance",
                    "tenderers": [
                        {
                            "id": "mdsarifali",
                            "name": "Md. Sarif Ali"
                        }
                    ]
                },
                {
                    "id": "132590.0",
                    "date": "2022-11-02 09:54",
                    "status": "Not Admitted-Fee/PreQual/Technical/Finance",
                    "tenderers": [
                        {
                            "id": "sriranjitdas",
                            "name": "SRI RANJIT DAS"
                        }
                    ]
                },
                {
                    "id": "132636.0",
                    "date": "2022-11-02 13:48",
                    "status": "Accepted-AOC",
                    "tenderers": [
                        {
                            "id": "msudayenterprise",
                            "name": "MS UDAY ENTERPRISE"
                        }
                    ]
                }
            ]
        }
    ],
    "statistics": [
        {
            "id": "1",
            "value": 2728199.0,
            "currency": "INR",
            "measure": "contractValue"
        }
    ],
    "awards": [
        {
            "id": 1,
            "value": [
                {
                    "amount": 2728199.0,
                    "currency": "INR"
                }
            ],
            "suppliers": [
                {
                    "id": "msudayenterprise",
                    "name": "MS UDAY ENTERPRISE"
                }
            ],
            "contractPeriod": [
                {
                    "startDate": "2024-09-01",
                    "durationInDays": 60
                }
            ]
        },
        {
            "id": 2,
            "value": [
                {
                    "amount": "2728199",
                    "currency": "INR"
                }
            ]
        }
    ]
}