{
    "ocid": "ocds-f5kvwu-2022_SWD_26588_1",
    "id": "1",
    "date": "2024-11-27",
    "tag": [
        "tender"
    ],
    "initiationType": "tender",
    "parties": [
        {
            "id": "socialwelfaredepartment",
            "name": "Social Welfare Department",
            "roles": [
                "buyer"
            ]
        },
        {
            "id": "agampharmaceuticals",
            "name": "Agam Pharmaceuticals",
            "roles": [
                "tenderer",
                "supplier"
            ]
        },
        {
            "id": "itasgpharma",
            "name": "ITAS G. PHARMA",
            "roles": [
                "tenderer",
                "supplier"
            ]
        },
        {
            "id": "mmassociates",
            "name": "M. M. Associates",
            "roles": [
                "tenderer",
                "supplier"
            ]
        },
        {
            "id": "progressiveenterprises",
            "name": "Progressive Enterprises",
            "roles": [
                "tenderer",
                "supplier"
            ]
        },
        {
            "id": "directorwomenandchilddevelopmentassam",
            "name": "Director, Women and Child Development, Assam",
            "address": [
                {
                    "streetAddress": "Directorate of Women and Child Development, Uzanbazar, Guwahati-1"
                }
            ],
            "roles": [
                "procuringEntity"
            ]
        }
    ],
    "buyer": [
        {
            "name": "Social Welfare Department",
            "id": "socialwelfaredepartment"
        }
    ],
    "tender": [
        {
            "id": "2022_SWD_26588_1",
            "identifiers": [
                {
                    "id": "No.DWCD(ICDS)G/41/2022/6, Date 08/08/2022",
                    "scheme": "external"
                }
            ],
            "title": "Supply of Medicine Kits for Anganwadi Centres and Medicine Kits for Mini Anganwadi Centres",
            "description": "Supply of Medicine Kits for Anganwadi Centres and Medicine Kits for Mini Anganwadi Centres for the year 2022-23",
            "datePublished": "2022-08-08 17:00",
            "contractType": "Tender",
            "submissionTerms": [
                {
                    "allowPreferentialBidder": "No",
                    "allowMultiCurrencyFee": "No",
                    "allowMultiCurrencyBQQ": "No",
                    "bidValidityPeriod": [
                        {
                            "durationInDays": 120
                        }
                    ]
                }
            ],
            "procuringEntity": [
                {
                    "name": "Director, Women and Child Development, Assam",
                    "id": "directorwomenandchilddevelopmentassam"
                }
            ],
            "items": [
                {
                    "id": "01",
                    "classification": [
                        {
                            "description": "Medicines"
                        }
                    ],
                    "additionalClassifications": [
                        {
                            "description": "Work Item Details > Subcategory"
                        }
                    ],
                    "deliveryAddresses": [
                        {
                            "postalCode": "781001.0",
                            "streetAddress": "All over Assam"
                        }
                    ]
                }
            ],
            "value": [
                {
                    "amount": 73347000.0,
                    "currency": "INR"
                }
            ],
            "procurementMethod": "Open Tender",
            "mainProcurementCategory": "Supply",
            "tenderPeriod": [
                {
                    "startDate": "2022-08-08 17:00",
                    "endDate": "2022-09-09 15:00",
                    "durationInDays": 31
                }
            ],
            "communication": [
                {
                    "id": 1,
                    "documentAvailabilityPeriod": [
                        {
                            "startDate": "2022-08-08 17:00",
                            "endDate": "2022-09-09 15:00"
                        }
                    ]
                }
            ],
            "bidOpening": [
                {
                    "date": "2022-12-09 11:00",
                    "address": [
                        {
                            "streetAddress": "Directorate of Women and Child Development"
                        }
                    ]
                }
            ],
            "participationFees": [
                {
                    "id": "01",
                    "value": [
                        {
                            "amount": 20000.0,
                            "currency": "INR"
                        }
                    ],
                    "description": "Nil"
                }
            ],
            "numberOfTenderers": 5,
            "milestones": [
                {
                    "id": "1",
                    "title": "Published Date",
                    "type": "Pre-procurement milestones",
                    "dueDate": "2022-08-08 17:00"
                },
                {
                    "id": "2",
                    "title": "Document Download / Sale Start Date",
                    "type": "Pre-procurement milestones",
                    "dueDate": "2022-08-08 17:00"
                },
                {
                    "id": "3",
                    "title": "Bid Submission Start Date",
                    "type": "Pre-procurement milestones",
                    "dueDate": "2022-08-08 17:00"
                },
                {
                    "id": "4",
                    "title": "Bid Opening Date",
                    "type": "Pre-procurement milestones",
                    "dueDate": "2022-12-09 11:00"
                },
                {
                    "id": "5",
                    "title": "Document Download / Sale End Date",
                    "type": "Pre-procurement milestones",
                    "dueDate": "2022-09-09 15:00"
                },
                {
                    "id": "6",
                    "title": "Bid Submission End Date",
                    "type": "Pre-procurement milestones",
                    "dueDate": "2022-09-09 15:00"
                },
                {
                    "id": "7",
                    "title": "Financial Bid Opening Date",
                    "type": "Pre-procurement milestones",
                    "dueDate": "2022-28-09 10:30"
                }
            ],
            "fiscalYear": "2022-2023"
        }
    ],
    "bids": [
        {
            "id": 1,
            "details": [
                {
                    "id": "157848.0",
                    "date": "2022-09-09 14:36",
                    "status": "Accepted-AOC",
                    "tenderers": [
                        {
                            "id": "agampharmaceuticals",
                            "name": "Agam Pharmaceuticals"
                        }
                    ]
                },
                {
                    "id": "157811.0",
                    "date": "2022-09-09 13:06",
                    "status": "Accepted-AOC",
                    "tenderers": [
                        {
                            "id": "itasgpharma",
                            "name": "ITAS G. PHARMA"
                        }
                    ]
                },
                {
                    "id": "157787.0",
                    "date": "2022-09-09 12:33",
                    "status": "Accepted-AOC",
                    "tenderers": [
                        {
                            "id": "mmassociates",
                            "name": "M. M. Associates"
                        }
                    ]
                },
                {
                    "id": "157789.0",
                    "date": "2022-09-09 11:34",
                    "status": "Accepted-AOC",
                    "tenderers": [
                        {
                            "id": "progressiveenterprises",
                            "name": "Progressive Enterprises"
                        }
                    ]
                }
            ]
        }
    ],
    "statistics": [
        {
            "id": "1",
            "value": 72533415.0,
            "currency": "INR",
            "measure": "contractValue"
        }
    ],
    "awards": [
        {
            "id": 1,
            "value": [
                {
                    "amount": 72533415.0,
                    "currency": "INR"
                }
            ],
            "suppliers": [
                {
                    "id": "agampharmaceuticals",
                    "name": "Agam Pharmaceuticals"
                },
                {
                    "id": "itasgpharma",
                    "name": "ITAS G. PHARMA"
                },
                {
                    "id": "progressiveenterprises",
                    "name": "Progressive Enterprises"
                },
                {
                    "id": "mmassociates",
                    "name": "M. M. Associates"
                }
            ],
            "contractPeriod": [
                {
                    "startDate": "2023-28-02",
                    "durationInDays": 90
                }
            ]
        },
        {
            "id": 2,
            "value": [
                {
                    "amount": "18157335",
                    "currency": "INR"
                }
            ]
        }
    ]
}