{
    "ocid": "ocds-f5kvwu-2022_PWD_25392_3",
    "id": "1",
    "date": "2024-11-27",
    "tag": [
        "tender"
    ],
    "initiationType": "tender",
    "parties": [
        {
            "id": "publicworksroadsdepartment",
            "name": "Public Works Roads Department",
            "roles": [
                "buyer"
            ]
        },
        {
            "id": "bhartiainfraprojectsltd",
            "name": "Bhartia Infra Projects Ltd",
            "roles": [
                "tenderer"
            ]
        },
        {
            "id": "sribabulnath",
            "name": "Sri Babul Nath",
            "roles": [
                "tenderer",
                "supplier"
            ]
        },
        {
            "id": "chiefengineerpwdborderroadsandnecworks",
            "name": "Chief Engineer, PWD (Border Roads and NEC Works)",
            "address": [
                {
                    "streetAddress": "O/o the C.E , PWD (Roads)Chandmari, Guwahati-3"
                }
            ],
            "roles": [
                "procuringEntity"
            ]
        }
    ],
    "buyer": [
        {
            "name": "Public Works Roads Department",
            "id": "publicworksroadsdepartment"
        }
    ],
    "tender": [
        {
            "id": "2022_PWD_25392_3",
            "identifiers": [
                {
                    "id": "CE/NEC/NESIDS/2021-22/01/8",
                    "scheme": "external"
                }
            ],
            "title": "Sonitpur_NESIDS_2021-22_01",
            "description": "Improvement and Upgradation of Jamuguri to Nagsankar Mandir connected Road (Ch.0.00km to Ch.12.50km) in Sonitpur District, Assam under NESIDS for the year 2021-22",
            "datePublished": "2022-04-05 16:00",
            "contractType": "Tender",
            "submissionTerms": [
                {
                    "allowPreferentialBidder": "No",
                    "allowMultiCurrencyFee": "No",
                    "allowMultiCurrencyBQQ": "No",
                    "bidValidityPeriod": [
                        {
                            "durationInDays": 180
                        }
                    ]
                }
            ],
            "procuringEntity": [
                {
                    "name": "Chief Engineer, PWD (Border Roads and NEC Works)",
                    "id": "chiefengineerpwdborderroadsandnecworks"
                }
            ],
            "items": [
                {
                    "id": "01",
                    "classification": [
                        {
                            "description": "Civil Works"
                        }
                    ],
                    "additionalClassifications": [
                        {
                            "description": "Work Item Details > Subcategory"
                        }
                    ],
                    "deliveryAddresses": [
                        {
                            "postalCode": "781003.0",
                            "streetAddress": "Sonitpur"
                        }
                    ]
                }
            ],
            "value": [
                {
                    "amount": 234268184.0,
                    "currency": "INR"
                }
            ],
            "procurementMethod": "Open Tender",
            "mainProcurementCategory": "Turn-key",
            "tenderPeriod": [
                {
                    "startDate": "2022-04-05 16:00",
                    "endDate": "2022-24-05 14:00",
                    "durationInDays": 19
                }
            ],
            "enquiryPeriod": [
                {
                    "startDate": "2022-04-05 16:00",
                    "endDate": "2022-24-05 14:00",
                    "durationInDays": 19
                }
            ],
            "contractPeriod": [
                {
                    "durationInDays": 545
                }
            ],
            "communication": [
                {
                    "id": 1,
                    "documentAvailabilityPeriod": [
                        {
                            "startDate": "2022-04-05 16:00",
                            "endDate": "2022-24-05 14:00"
                        }
                    ]
                }
            ],
            "bidOpening": [
                {
                    "date": "2022-25-05 14:00",
                    "address": [
                        {
                            "streetAddress": "Chief Engineer, PWD (Roads)"
                        }
                    ]
                }
            ],
            "participationFees": [
                {
                    "id": "01",
                    "value": [
                        {
                            "amount": 10000.0,
                            "currency": "INR"
                        }
                    ],
                    "description": "Nil"
                }
            ],
            "numberOfTenderers": 9,
            "milestones": [
                {
                    "id": "1",
                    "title": "Published Date",
                    "type": "Pre-procurement milestones",
                    "dueDate": "2022-04-05 16:00"
                },
                {
                    "id": "2",
                    "title": "Document Download / Sale Start Date",
                    "type": "Pre-procurement milestones",
                    "dueDate": "2022-04-05 16:00"
                },
                {
                    "id": "3",
                    "title": "Clarification Start Date",
                    "type": "Pre-procurement milestones",
                    "dueDate": "2022-04-05 16:00"
                },
                {
                    "id": "4",
                    "title": "Bid Submission Start Date",
                    "type": "Pre-procurement milestones",
                    "dueDate": "2022-04-05 16:00"
                },
                {
                    "id": "5",
                    "title": "Bid Opening Date",
                    "type": "Pre-procurement milestones",
                    "dueDate": "2022-25-05 14:00"
                },
                {
                    "id": "6",
                    "title": "Document Download / Sale End Date",
                    "type": "Pre-procurement milestones",
                    "dueDate": "2022-24-05 14:00"
                },
                {
                    "id": "7",
                    "title": "Clarification End Date",
                    "type": "Pre-procurement milestones",
                    "dueDate": "2022-24-05 14:00"
                },
                {
                    "id": "8",
                    "title": "Bid Submission End Date",
                    "type": "Pre-procurement milestones",
                    "dueDate": "2022-24-05 14:00"
                },
                {
                    "id": "9",
                    "title": "Financial Bid Opening Date",
                    "type": "Pre-procurement milestones",
                    "dueDate": "2022-04-06 13:10"
                }
            ],
            "fiscalYear": "2022-2023"
        }
    ],
    "bids": [
        {
            "id": 1,
            "details": [
                {
                    "id": "147974.0",
                    "date": "2022-24-05 11:00",
                    "status": "Rejected-AOC",
                    "tenderers": [
                        {
                            "id": "bhartiainfraprojectsltd",
                            "name": "Bhartia Infra Projects Ltd"
                        }
                    ]
                },
                {
                    "id": "148540.0",
                    "date": "2022-24-05 11:43",
                    "status": "Accepted-AOC",
                    "tenderers": [
                        {
                            "id": "sribabulnath",
                            "name": "Sri Babul Nath"
                        }
                    ]
                }
            ]
        }
    ],
    "statistics": [
        {
            "id": "1",
            "value": 234244757.0,
            "currency": "INR",
            "measure": "contractValue"
        }
    ],
    "awards": [
        {
            "id": 1,
            "description": "Admitted",
            "value": [
                {
                    "amount": 234244757.0,
                    "currency": "INR"
                }
            ],
            "suppliers": [
                {
                    "id": "sribabulnath",
                    "name": "Sri Babul Nath"
                }
            ],
            "contractPeriod": [
                {
                    "startDate": "2024-18-05",
                    "durationInDays": 545
                }
            ]
        },
        {
            "id": 2,
            "value": [
                {
                    "amount": "234244757",
                    "currency": "INR"
                }
            ]
        }
    ]
}