{
    "ocid": "ocds-f5kvwu-2022_BoTC_27838_20",
    "id": "1",
    "date": "2024-11-27",
    "tag": [
        "tender"
    ],
    "initiationType": "tender",
    "parties": [
        {
            "id": "bodolandterritorialcouncil",
            "name": "Bodoland Territorial Council",
            "roles": [
                "buyer"
            ]
        },
        {
            "id": "digantarabha",
            "name": "Diganta Rabha",
            "roles": [
                "tenderer"
            ]
        },
        {
            "id": "digenswargiwary",
            "name": "DIGEN SWARGIWARY",
            "roles": [
                "tenderer"
            ]
        },
        {
            "id": "kamrupenterprise",
            "name": "Kamrup Enterprise",
            "roles": [
                "tenderer",
                "supplier"
            ]
        },
        {
            "id": "chdirrigationbtc",
            "name": "CHD, Irrigation, BTC",
            "address": [
                {
                    "streetAddress": "o/o the CHD, Irrigation, BTC, Kokrajhar"
                }
            ],
            "roles": [
                "procuringEntity"
            ]
        }
    ],
    "buyer": [
        {
            "name": "Bodoland Territorial Council",
            "id": "bodolandterritorialcouncil"
        }
    ],
    "tender": [
        {
            "id": "2022_BoTC_27838_20",
            "identifiers": [
                {
                    "id": "CHDI/ET/2022-23/2",
                    "scheme": "external"
                }
            ],
            "title": "Different works of Extension, Renovation and Modernization of (ERM), Sukla Irrigation Project under PMKSY-AIBP for the year 2021-22 _Group No.20",
            "description": "C.C. lining including earth work at Main Canal D1 from Chainage 19020 m to 19470 m (Surface Area 4482 sqm)of ERM,Sukla Irrigation Project under PMKSY-AIBP for the year 2021-22 _Group No.20",
            "datePublished": "2022-21-11 10:00",
            "contractType": "Tender",
            "submissionTerms": [
                {
                    "allowPreferentialBidder": "No",
                    "allowMultiCurrencyFee": "No",
                    "allowMultiCurrencyBQQ": "No",
                    "bidValidityPeriod": [
                        {
                            "durationInDays": 180
                        }
                    ]
                }
            ],
            "procuringEntity": [
                {
                    "name": "CHD, Irrigation, BTC",
                    "id": "chdirrigationbtc"
                }
            ],
            "items": [
                {
                    "id": "01",
                    "classification": [
                        {
                            "description": "Civil Works"
                        }
                    ],
                    "additionalClassifications": [
                        {
                            "description": "Work Item Details > Subcategory"
                        }
                    ],
                    "deliveryAddresses": [
                        {
                            "postalCode": "781364.0",
                            "streetAddress": "At Sukla FIS"
                        }
                    ]
                }
            ],
            "value": [
                {
                    "amount": 10387445.0,
                    "currency": "INR"
                }
            ],
            "procurementMethod": "Open Tender",
            "mainProcurementCategory": "Works",
            "tenderPeriod": [
                {
                    "startDate": "2022-21-11 10:00",
                    "endDate": "2022-12-12 12:00",
                    "durationInDays": 21
                }
            ],
            "contractPeriod": [
                {
                    "durationInDays": 180
                }
            ],
            "communication": [
                {
                    "id": 1,
                    "documentAvailabilityPeriod": [
                        {
                            "startDate": "2022-21-11 10:00",
                            "endDate": "2022-12-12 12:00"
                        }
                    ]
                }
            ],
            "bidOpening": [
                {
                    "date": "2022-12-12 14:00",
                    "address": [
                        {
                            "streetAddress": "Kokrajhar"
                        }
                    ]
                }
            ],
            "participationFees": [
                {
                    "id": "01",
                    "value": [
                        {
                            "amount": 2100.0,
                            "currency": "INR"
                        }
                    ],
                    "description": "Nil"
                }
            ],
            "numberOfTenderers": 4,
            "milestones": [
                {
                    "id": "1",
                    "title": "Published Date",
                    "type": "Pre-procurement milestones",
                    "dueDate": "2022-21-11 10:00"
                },
                {
                    "id": "2",
                    "title": "Document Download / Sale Start Date",
                    "type": "Pre-procurement milestones",
                    "dueDate": "2022-21-11 10:00"
                },
                {
                    "id": "3",
                    "title": "Bid Submission Start Date",
                    "type": "Pre-procurement milestones",
                    "dueDate": "2022-26-11 10:00"
                },
                {
                    "id": "4",
                    "title": "Bid Opening Date",
                    "type": "Pre-procurement milestones",
                    "dueDate": "2022-12-12 14:00"
                },
                {
                    "id": "5",
                    "title": "Document Download / Sale End Date",
                    "type": "Pre-procurement milestones",
                    "dueDate": "2022-12-12 12:00"
                },
                {
                    "id": "6",
                    "title": "Bid Submission End Date",
                    "type": "Pre-procurement milestones",
                    "dueDate": "2022-12-12 12:00"
                },
                {
                    "id": "7",
                    "title": "Financial Bid Opening Date",
                    "type": "Pre-procurement milestones",
                    "dueDate": "2023-04-01 14:30"
                }
            ],
            "fiscalYear": "2022-2023"
        }
    ],
    "bids": [
        {
            "id": 1,
            "details": [
                {
                    "id": "165931.0",
                    "date": "2022-10-12 13:15",
                    "status": "Rejected-Finance",
                    "tenderers": [
                        {
                            "id": "digantarabha",
                            "name": "Diganta Rabha"
                        }
                    ]
                },
                {
                    "id": "166144.0",
                    "date": "2022-12-12 05:32",
                    "status": "Rejected-Finance",
                    "tenderers": [
                        {
                            "id": "digenswargiwary",
                            "name": "DIGEN SWARGIWARY"
                        }
                    ]
                },
                {
                    "id": "165999.0",
                    "date": "2022-12-12 11:55",
                    "status": "Accepted-AOC",
                    "tenderers": [
                        {
                            "id": "kamrupenterprise",
                            "name": "Kamrup Enterprise"
                        }
                    ]
                }
            ]
        }
    ],
    "statistics": [
        {
            "id": "1",
            "value": 9348700.5,
            "currency": "INR",
            "measure": "contractValue"
        }
    ],
    "awards": [
        {
            "id": 1,
            "value": [
                {
                    "amount": 9348700.5,
                    "currency": "INR"
                }
            ],
            "suppliers": [
                {
                    "id": "kamrupenterprise",
                    "name": "Kamrup Enterprise"
                }
            ],
            "contractPeriod": [
                {
                    "startDate": "2024-16-03",
                    "durationInDays": 180
                }
            ]
        },
        {
            "id": 2,
            "value": [
                {
                    "amount": "93487005",
                    "currency": "INR"
                }
            ]
        }
    ]
}