{
    "ocid": "ocds-f5kvwu-2022_HFWD_27697_1",
    "id": "1",
    "date": "2024-11-27",
    "tag": [
        "tender"
    ],
    "initiationType": "tender",
    "parties": [
        {
            "id": "healthandfamilywelfaredepartment",
            "name": "Health and Family Welfare Department",
            "roles": [
                "buyer"
            ]
        },
        {
            "id": "drschumacherindiapvtltd",
            "name": "Dr. Schumacher India Pvt. Ltd.",
            "roles": [
                "tenderer",
                "supplier"
            ]
        },
        {
            "id": "hindustansurgicalagency",
            "name": "HINDUSTAN SURGICAL AGENCY",
            "roles": [
                "tenderer",
                "supplier"
            ]
        },
        {
            "id": "jyotipharmaceuticals",
            "name": "Jyoti Pharmaceuticals",
            "roles": [
                "tenderer",
                "supplier"
            ]
        },
        {
            "id": "msmbtraders",
            "name": "M/s M.B. Traders",
            "roles": [
                "tenderer",
                "supplier"
            ]
        },
        {
            "id": "ramanandweilpvtltd",
            "name": "Raman And Weil Pvt. Ltd.",
            "roles": [
                "tenderer",
                "supplier"
            ]
        },
        {
            "id": "sbsuppliers",
            "name": "S.B Suppliers",
            "roles": [
                "tenderer",
                "supplier"
            ]
        },
        {
            "id": "solutionsnortheast",
            "name": "SOLUTIONS NORTH EAST",
            "roles": [
                "tenderer",
                "supplier"
            ]
        },
        {
            "id": "superintendentcummembersecretary",
            "name": "Superintendent cum Member Secretary",
            "address": [
                {
                    "streetAddress": "Office of the Superintendent,GMCH"
                }
            ],
            "roles": [
                "procuringEntity"
            ]
        }
    ],
    "buyer": [
        {
            "name": "Health and Family Welfare Department",
            "id": "healthandfamilywelfaredepartment"
        }
    ],
    "tender": [
        {
            "id": "2022_HFWD_27697_1",
            "identifiers": [
                {
                    "id": "MCH/HMS/ARC/2016-17/170/PtIV/",
                    "scheme": "external"
                }
            ],
            "title": "Supply of Chemical items required for various Laboratories under, HMS, GMCH, Guwahati.",
            "description": "Supply of Chemical items required for various Laboratories under, HMS, GMCH, Guwahati.",
            "datePublished": "2022-10-11 16:30",
            "contractType": "Tender",
            "submissionTerms": [
                {
                    "allowPreferentialBidder": "No",
                    "allowMultiCurrencyFee": "No",
                    "allowMultiCurrencyBQQ": "No",
                    "bidValidityPeriod": [
                        {
                            "durationInDays": 180
                        }
                    ]
                }
            ],
            "procuringEntity": [
                {
                    "name": "Superintendent cum Member Secretary",
                    "id": "superintendentcummembersecretary"
                }
            ],
            "items": [
                {
                    "id": "01",
                    "classification": [
                        {
                            "description": "Lab Chemistry Reagents"
                        }
                    ],
                    "additionalClassifications": [
                        {
                            "description": "Work Item Details > Subcategory"
                        }
                    ],
                    "deliveryAddresses": [
                        {
                            "postalCode": "781032.0",
                            "streetAddress": "GMCH,Guwahati"
                        }
                    ]
                }
            ],
            "procurementMethod": "Open Tender",
            "mainProcurementCategory": "Item Wise",
            "tenderPeriod": [
                {
                    "startDate": "2022-10-11 16:30",
                    "endDate": "2022-23-11 11:00",
                    "durationInDays": 12
                }
            ],
            "contractPeriod": [
                {
                    "durationInDays": 365
                }
            ],
            "communication": [
                {
                    "id": 1,
                    "documentAvailabilityPeriod": [
                        {
                            "startDate": "2022-10-11 16:30",
                            "endDate": "2022-23-11 11:00"
                        }
                    ]
                }
            ],
            "bidOpening": [
                {
                    "date": "2022-23-11 13:00",
                    "address": [
                        {
                            "streetAddress": "Office of the Superintendent,GMCH"
                        }
                    ]
                }
            ],
            "participationFees": [
                {
                    "id": "01",
                    "value": [
                        {
                            "amount": 2000.0,
                            "currency": "INR"
                        }
                    ],
                    "description": "Nil"
                }
            ],
            "numberOfTenderers": 8,
            "milestones": [
                {
                    "id": "1",
                    "title": "Published Date",
                    "type": "Pre-procurement milestones",
                    "dueDate": "2022-10-11 16:30"
                },
                {
                    "id": "2",
                    "title": "Document Download / Sale Start Date",
                    "type": "Pre-procurement milestones",
                    "dueDate": "2022-10-11 16:30"
                },
                {
                    "id": "3",
                    "title": "Bid Submission Start Date",
                    "type": "Pre-procurement milestones",
                    "dueDate": "2022-19-11 13:00"
                },
                {
                    "id": "4",
                    "title": "Bid Opening Date",
                    "type": "Pre-procurement milestones",
                    "dueDate": "2022-23-11 13:00"
                },
                {
                    "id": "5",
                    "title": "Document Download / Sale End Date",
                    "type": "Pre-procurement milestones",
                    "dueDate": "2022-23-11 11:00"
                },
                {
                    "id": "6",
                    "title": "Bid Submission End Date",
                    "type": "Pre-procurement milestones",
                    "dueDate": "2022-23-11 11:00"
                },
                {
                    "id": "7",
                    "title": "Financial Bid Opening Date",
                    "type": "Pre-procurement milestones",
                    "dueDate": "2022-29-11 13:00"
                }
            ],
            "fiscalYear": "2022-2023"
        }
    ],
    "bids": [
        {
            "id": 1,
            "details": [
                {
                    "id": "163228.0",
                    "date": "2022-19-11 17:45",
                    "status": "Accepted-AOC",
                    "tenderers": [
                        {
                            "id": "drschumacherindiapvtltd",
                            "name": "Dr. Schumacher India Pvt. Ltd."
                        }
                    ]
                },
                {
                    "id": "163586.0",
                    "date": "2022-22-11 20:43",
                    "status": "Accepted-AOC",
                    "tenderers": [
                        {
                            "id": "hindustansurgicalagency",
                            "name": "HINDUSTAN SURGICAL AGENCY"
                        }
                    ]
                },
                {
                    "id": "163517.0",
                    "date": "2022-23-11 10:49",
                    "status": "Accepted-AOC",
                    "tenderers": [
                        {
                            "id": "jyotipharmaceuticals",
                            "name": "Jyoti Pharmaceuticals"
                        }
                    ]
                },
                {
                    "id": "163528.0",
                    "date": "2022-23-11 10:20",
                    "status": "Accepted-AOC",
                    "tenderers": [
                        {
                            "id": "msmbtraders",
                            "name": "M/s M.B. Traders"
                        }
                    ]
                },
                {
                    "id": "163218.0",
                    "date": "2022-19-11 15:05",
                    "status": "Accepted-AOC",
                    "tenderers": [
                        {
                            "id": "ramanandweilpvtltd",
                            "name": "Raman And Weil Pvt. Ltd."
                        }
                    ]
                },
                {
                    "id": "163215.0",
                    "date": "2022-22-11 18:01",
                    "status": "Accepted-AOC",
                    "tenderers": [
                        {
                            "id": "sbsuppliers",
                            "name": "S.B Suppliers"
                        }
                    ]
                },
                {
                    "id": "163225.0",
                    "date": "2022-19-11 16:16",
                    "status": "Accepted-AOC",
                    "tenderers": [
                        {
                            "id": "solutionsnortheast",
                            "name": "SOLUTIONS NORTH EAST"
                        }
                    ]
                }
            ]
        }
    ],
    "statistics": [
        {
            "id": "1",
            "value": 181691.0,
            "currency": "INR",
            "measure": "contractValue"
        }
    ],
    "awards": [
        {
            "id": 1,
            "value": [
                {
                    "amount": 181691.0,
                    "currency": "INR"
                }
            ],
            "suppliers": [
                {
                    "id": "hindustansurgicalagency",
                    "name": "HINDUSTAN SURGICAL AGENCY"
                },
                {
                    "id": "msmbtraders",
                    "name": "M/s M.B. Traders"
                },
                {
                    "id": "jyotipharmaceuticals",
                    "name": "Jyoti Pharmaceuticals"
                },
                {
                    "id": "drschumacherindiapvtltd",
                    "name": "Dr. Schumacher India Pvt. Ltd."
                },
                {
                    "id": "solutionsnortheast",
                    "name": "SOLUTIONS NORTH EAST"
                },
                {
                    "id": "ramanandweilpvtltd",
                    "name": "Raman And Weil Pvt. Ltd."
                },
                {
                    "id": "sbsuppliers",
                    "name": "S.B Suppliers"
                }
            ],
            "contractPeriod": [
                {
                    "startDate": "2024-02-03",
                    "durationInDays": 365
                }
            ]
        },
        {
            "id": 2,
            "value": [
                {
                    "amount": "214052",
                    "currency": "INR"
                }
            ]
        }
    ]
}