{
    "ocid": "ocds-f5kvwu-2022_NHM_28018_175",
    "id": "1",
    "date": "2024-11-27",
    "tag": [
        "tender"
    ],
    "initiationType": "tender",
    "parties": [
        {
            "id": "nationalhealthmission",
            "name": "National Health Mission",
            "roles": [
                "buyer"
            ]
        },
        {
            "id": "dilipkumardas",
            "name": "DILIP KUMAR DAS",
            "roles": [
                "tenderer"
            ]
        },
        {
            "id": "smtamphuteronpi",
            "name": "SMT. AMPHU TERONPI",
            "roles": [
                "tenderer"
            ]
        },
        {
            "id": "sridhantupator",
            "name": "SRI DHANTU PATOR",
            "roles": [
                "tenderer",
                "supplier"
            ]
        },
        {
            "id": "missiondirectornhmassam",
            "name": "Mission Director NHM Assam",
            "address": [
                {
                    "streetAddress": "O/o Mission Director,NHM,Assam,Christanbasti,Ghy-5"
                }
            ],
            "roles": [
                "procuringEntity"
            ]
        }
    ],
    "buyer": [
        {
            "name": "National Health Mission",
            "id": "nationalhealthmission"
        }
    ],
    "tender": [
        {
            "id": "2022_NHM_28018_175",
            "identifiers": [
                {
                    "id": "NHM 32031 4 2021 Construction NHM Part 34 62",
                    "scheme": "external"
                }
            ],
            "title": "Establishment of Proposed 6 bedded ward at various SHCs n PHCs of Assam under ECRP II NHM Assam Group 144 5 nos scheme in Karbi Anglong district",
            "description": "Establishment of Proposed 6 bedded ward at various SHCs n PHCs of Assam under ECRP II NHM Assam Group 144 5 nos scheme in Karbi Anglong district",
            "datePublished": "2022-09-12 17:00",
            "contractType": "Tender",
            "submissionTerms": [
                {
                    "allowPreferentialBidder": "No",
                    "allowMultiCurrencyFee": "No",
                    "allowMultiCurrencyBQQ": "No",
                    "bidValidityPeriod": [
                        {
                            "durationInDays": 180
                        }
                    ]
                }
            ],
            "procuringEntity": [
                {
                    "name": "Mission Director NHM Assam",
                    "id": "missiondirectornhmassam"
                }
            ],
            "items": [
                {
                    "id": "01",
                    "classification": [
                        {
                            "description": "Civil Works - Building"
                        }
                    ],
                    "additionalClassifications": [
                        {
                            "description": "Work Item Details > Subcategory"
                        }
                    ],
                    "deliveryAddresses": [
                        {
                            "postalCode": "782460.0",
                            "streetAddress": "Karbi Anglong District"
                        }
                    ]
                }
            ],
            "value": [
                {
                    "amount": 5799785.0,
                    "currency": "INR"
                }
            ],
            "procurementMethod": "Open Tender",
            "mainProcurementCategory": "Turn-key",
            "tenderPeriod": [
                {
                    "startDate": "2022-09-12 17:00",
                    "endDate": "2023-05-01 14:00",
                    "durationInDays": 26
                }
            ],
            "contractPeriod": [
                {
                    "durationInDays": 120
                }
            ],
            "communication": [
                {
                    "id": 1,
                    "documentAvailabilityPeriod": [
                        {
                            "startDate": "2022-09-12 17:00",
                            "endDate": "2023-05-01 14:00"
                        }
                    ]
                }
            ],
            "bidOpening": [
                {
                    "date": "2023-07-01 15:30",
                    "address": [
                        {
                            "streetAddress": "O/o Mission Director,NHM,Assam,Christanbasti,Ghy-5"
                        }
                    ]
                }
            ],
            "participationFees": [
                {
                    "id": "01",
                    "value": [
                        {
                            "amount": 1150.0,
                            "currency": "INR"
                        }
                    ],
                    "description": "Nil"
                }
            ],
            "numberOfTenderers": 6,
            "milestones": [
                {
                    "id": "1",
                    "title": "Published Date",
                    "type": "Pre-procurement milestones",
                    "dueDate": "2022-09-12 17:00"
                },
                {
                    "id": "2",
                    "title": "Document Download / Sale Start Date",
                    "type": "Pre-procurement milestones",
                    "dueDate": "2022-09-12 17:00"
                },
                {
                    "id": "3",
                    "title": "Bid Submission Start Date",
                    "type": "Pre-procurement milestones",
                    "dueDate": "2022-09-12 17:10"
                },
                {
                    "id": "4",
                    "title": "Bid Opening Date",
                    "type": "Pre-procurement milestones",
                    "dueDate": "2023-07-01 15:30"
                },
                {
                    "id": "5",
                    "title": "Document Download / Sale End Date",
                    "type": "Pre-procurement milestones",
                    "dueDate": "2023-05-01 14:00"
                },
                {
                    "id": "6",
                    "title": "Bid Submission End Date",
                    "type": "Pre-procurement milestones",
                    "dueDate": "2023-05-01 14:00"
                },
                {
                    "id": "7",
                    "title": "Financial Bid Opening Date",
                    "type": "Pre-procurement milestones",
                    "dueDate": "2023-28-04 13:25"
                }
            ],
            "fiscalYear": "2022-2023"
        }
    ],
    "bids": [
        {
            "id": 1,
            "details": [
                {
                    "id": "170873.0",
                    "date": "2023-01-01 11:54",
                    "status": "Rejected-Finance",
                    "tenderers": [
                        {
                            "id": "dilipkumardas",
                            "name": "DILIP KUMAR DAS"
                        }
                    ]
                },
                {
                    "id": "170947.0",
                    "date": "2022-29-12 10:49",
                    "status": "Not Admitted-Fee/PreQual/Technical",
                    "tenderers": [
                        {
                            "id": "smtamphuteronpi",
                            "name": "SMT. AMPHU TERONPI"
                        }
                    ]
                },
                {
                    "id": "170945.0",
                    "date": "2022-29-12 11:10",
                    "status": "Accepted-AOC",
                    "tenderers": [
                        {
                            "id": "sridhantupator",
                            "name": "SRI DHANTU PATOR"
                        }
                    ]
                }
            ]
        }
    ],
    "statistics": [
        {
            "id": "1",
            "value": 5741787.0,
            "currency": "INR",
            "measure": "contractValue"
        }
    ],
    "awards": [
        {
            "id": 1,
            "description": "AOC",
            "value": [
                {
                    "amount": 5741787.0,
                    "currency": "INR"
                }
            ],
            "suppliers": [
                {
                    "id": "sridhantupator",
                    "name": "SRI DHANTU PATOR"
                }
            ],
            "contractPeriod": [
                {
                    "startDate": "2024-02-09",
                    "durationInDays": 120
                }
            ]
        },
        {
            "id": 2,
            "value": [
                {
                    "amount": "5741787",
                    "currency": "INR"
                }
            ]
        }
    ]
}