{
    "ocid": "ocds-f5kvwu-2022_PWBNH_26626_1",
    "id": "1",
    "date": "2024-11-27",
    "tag": [
        "tender"
    ],
    "initiationType": "tender",
    "parties": [
        {
            "id": "publicworksbuildingandnhdepartment",
            "name": "Public Works Building and NH Department",
            "roles": [
                "buyer"
            ]
        },
        {
            "id": "irclasssystemsandsolutionspvtltd",
            "name": "IRCLASS SYSTEMS AND SOLUTIONS PVT LTD",
            "roles": [
                "tenderer"
            ]
        },
        {
            "id": "solutusconsultingengineersprivatelimited",
            "name": "SOLUTUS CONSULTING ENGINEERS PRIVATE LIMITED",
            "roles": [
                "tenderer",
                "supplier"
            ]
        },
        {
            "id": "cepwdbldgassamchandmarighy3",
            "name": "CE, PWD (Bldg), Assam, Chandmari, Ghy-3",
            "address": [
                {
                    "streetAddress": "O/O The CE, PWD (Bldg), Assam, Chandmari, Ghy-3"
                }
            ],
            "roles": [
                "procuringEntity"
            ]
        }
    ],
    "buyer": [
        {
            "name": "Public Works Building and NH Department",
            "id": "publicworksbuildingandnhdepartment"
        }
    ],
    "tender": [
        {
            "id": "2022_PWBNH_26626_1",
            "identifiers": [
                {
                    "id": "CE/BLDG/ARC-II/74/2022/07 Dated Ghy 28th June 2022",
                    "scheme": "external"
                }
            ],
            "title": "PMC services for Balance work of 800 Capacity Auditorium Complex for Srimanta Sankardev Kalakhetra Society at Panjabari, Guwahati (Excluding Foundation Part) in the campus of Srimanta Sankardev Kalakhetra at Panjabari, Guwahati-37",
            "description": "PMC services for Balance work of 800 Capacity Auditorium Complex for Srimanta Sankardev Kalakhetra Society at Panjabari, Guwahati (Excluding Foundation Part) in the campus of Srimanta Sankardev Kalakhetra at Panjabari, Guwahati-37",
            "datePublished": "2022-13-08 09:00",
            "contractType": "Tender",
            "submissionTerms": [
                {
                    "allowPreferentialBidder": "No",
                    "allowMultiCurrencyFee": "No",
                    "allowMultiCurrencyBQQ": "No",
                    "bidValidityPeriod": [
                        {
                            "durationInDays": 180
                        }
                    ]
                }
            ],
            "procuringEntity": [
                {
                    "name": "CE, PWD (Bldg), Assam, Chandmari, Ghy-3",
                    "id": "cepwdbldgassamchandmarighy3"
                }
            ],
            "items": [
                {
                    "id": "01",
                    "classification": [
                        {
                            "description": "Civil Works - Building"
                        }
                    ],
                    "additionalClassifications": [
                        {
                            "description": "Work Item Details > Subcategory"
                        }
                    ],
                    "deliveryAddresses": [
                        {
                            "postalCode": "781037.0",
                            "streetAddress": "Guwahati"
                        }
                    ]
                }
            ],
            "value": [
                {
                    "amount": 9635880.0,
                    "currency": "INR"
                }
            ],
            "procurementMethod": "Open Tender",
            "mainProcurementCategory": "Item Rate",
            "tenderPeriod": [
                {
                    "startDate": "2022-13-08 09:00",
                    "endDate": "2022-09-09 14:00",
                    "durationInDays": 27
                }
            ],
            "contractPeriod": [
                {
                    "durationInDays": 1095
                }
            ],
            "communication": [
                {
                    "id": 1,
                    "documentAvailabilityPeriod": [
                        {
                            "startDate": "2022-13-08 09:00",
                            "endDate": "2022-09-09 14:00"
                        }
                    ]
                }
            ],
            "bidOpening": [
                {
                    "date": "2022-13-09 14:00",
                    "address": [
                        {
                            "streetAddress": "O/O The CE, PWD (Bldg), Assam, Chandmari, Ghy-3"
                        }
                    ]
                }
            ],
            "participationFees": [
                {
                    "id": "01",
                    "value": [
                        {
                            "amount": 2275.0,
                            "currency": "INR"
                        }
                    ],
                    "description": "Nil"
                }
            ],
            "numberOfTenderers": 6,
            "milestones": [
                {
                    "id": "1",
                    "title": "Published Date",
                    "type": "Pre-procurement milestones",
                    "dueDate": "2022-13-08 09:00"
                },
                {
                    "id": "2",
                    "title": "Document Download / Sale Start Date",
                    "type": "Pre-procurement milestones",
                    "dueDate": "2022-13-08 09:00"
                },
                {
                    "id": "3",
                    "title": "Bid Submission Start Date",
                    "type": "Pre-procurement milestones",
                    "dueDate": "2022-22-08 14:00"
                },
                {
                    "id": "4",
                    "title": "Bid Opening Date",
                    "type": "Pre-procurement milestones",
                    "dueDate": "2022-13-09 14:00"
                },
                {
                    "id": "5",
                    "title": "Document Download / Sale End Date",
                    "type": "Pre-procurement milestones",
                    "dueDate": "2022-09-09 14:00"
                },
                {
                    "id": "6",
                    "title": "Bid Submission End Date",
                    "type": "Pre-procurement milestones",
                    "dueDate": "2022-09-09 14:00"
                },
                {
                    "id": "7",
                    "title": "Financial Bid Opening Date",
                    "type": "Pre-procurement milestones",
                    "dueDate": "2023-21-07 14:55"
                }
            ],
            "fiscalYear": "2022-2023"
        }
    ],
    "bids": [
        {
            "id": 1,
            "details": [
                {
                    "id": "157645.0",
                    "date": "2022-08-09 14:41",
                    "status": "Rejected-AOC",
                    "tenderers": [
                        {
                            "id": "irclasssystemsandsolutionspvtltd",
                            "name": "IRCLASS SYSTEMS AND SOLUTIONS PVT LTD"
                        }
                    ]
                },
                {
                    "id": "157352.0",
                    "date": "2022-08-09 11:22",
                    "status": "Accepted-AOC",
                    "tenderers": [
                        {
                            "id": "solutusconsultingengineersprivatelimited",
                            "name": "SOLUTUS CONSULTING ENGINEERS PRIVATE LIMITED"
                        }
                    ]
                }
            ]
        }
    ],
    "statistics": [
        {
            "id": "1",
            "value": 9635880.0,
            "currency": "INR",
            "measure": "contractValue"
        }
    ],
    "awards": [
        {
            "id": 1,
            "value": [
                {
                    "amount": 9635880.0,
                    "currency": "INR"
                }
            ],
            "suppliers": [
                {
                    "id": "solutusconsultingengineersprivatelimited",
                    "name": "SOLUTUS CONSULTING ENGINEERS PRIVATE LIMITED"
                }
            ],
            "contractPeriod": [
                {
                    "startDate": "2024-27-03",
                    "durationInDays": 1095
                }
            ]
        },
        {
            "id": 2,
            "value": [
                {
                    "amount": "7400000",
                    "currency": "INR"
                }
            ]
        }
    ]
}