{
    "ocid": "ocds-f5kvwu-2022_PWBNH_27716_1",
    "id": "1",
    "date": "2024-11-27",
    "tag": [
        "tender"
    ],
    "initiationType": "tender",
    "parties": [
        {
            "id": "publicworksbuildingandnhdepartment",
            "name": "Public Works Building and NH Department",
            "roles": [
                "buyer"
            ]
        },
        {
            "id": "bbenterprise",
            "name": "B B Enterprise",
            "roles": [
                "tenderer",
                "supplier"
            ]
        },
        {
            "id": "sridhrubajyotikakati",
            "name": "Sri Dhrubajyoti Kakati",
            "roles": [
                "tenderer"
            ]
        },
        {
            "id": "srihemantamoran",
            "name": "Sri Hemanta Moran",
            "roles": [
                "tenderer"
            ]
        },
        {
            "id": "superintendingengineerpwddibrugarhbuildingci",
            "name": "Superintending Engineer, PWD Dibrugarh Building Ci",
            "address": [
                {
                    "streetAddress": "Superintending Engineer, PWD Dibrugarh Building Circle, Dibrugarh."
                }
            ],
            "roles": [
                "procuringEntity"
            ]
        }
    ],
    "buyer": [
        {
            "name": "Public Works Building and NH Department",
            "id": "publicworksbuildingandnhdepartment"
        }
    ],
    "tender": [
        {
            "id": "2022_PWBNH_27716_1",
            "identifiers": [
                {
                    "id": "SE(B)/DIB/CS-09/22-23/895-A",
                    "scheme": "external"
                }
            ],
            "title": "Development of Astabhuj Prakalpa Phase II under One Time Special Grant for Development of Moran Community for the year 2021-22 Gr No 24",
            "description": "Development of Astabhuj Prakalpa Phase II under One Time Special Grant for Development of Moran Community for the year 2021-22 Gr No 24",
            "datePublished": "2022-11-11 09:00",
            "contractType": "Tender",
            "submissionTerms": [
                {
                    "allowPreferentialBidder": "No",
                    "allowMultiCurrencyFee": "No",
                    "allowMultiCurrencyBQQ": "No",
                    "bidValidityPeriod": [
                        {
                            "durationInDays": 180
                        }
                    ]
                }
            ],
            "procuringEntity": [
                {
                    "name": "Superintending Engineer, PWD Dibrugarh Building Ci",
                    "id": "superintendingengineerpwddibrugarhbuildingci"
                }
            ],
            "items": [
                {
                    "id": "01",
                    "classification": [
                        {
                            "description": "Civil Works - Building"
                        }
                    ],
                    "additionalClassifications": [
                        {
                            "description": "Work Item Details > Subcategory"
                        }
                    ],
                    "deliveryAddresses": [
                        {
                            "postalCode": "786125.0",
                            "streetAddress": "Astabhuj Prakalpa Phase II"
                        }
                    ]
                }
            ],
            "value": [
                {
                    "amount": 3828400.0,
                    "currency": "INR"
                }
            ],
            "procurementMethod": "Open Tender",
            "mainProcurementCategory": "Item Rate",
            "tenderPeriod": [
                {
                    "startDate": "2022-11-11 09:00",
                    "endDate": "2022-17-11 14:00",
                    "durationInDays": 6
                }
            ],
            "contractPeriod": [
                {
                    "durationInDays": 180
                }
            ],
            "communication": [
                {
                    "id": 1,
                    "documentAvailabilityPeriod": [
                        {
                            "startDate": "2022-11-11 09:00",
                            "endDate": "2022-17-11 14:00"
                        }
                    ]
                }
            ],
            "bidOpening": [
                {
                    "date": "2022-17-11 15:00",
                    "address": [
                        {
                            "streetAddress": "Superintending Engineer, PWD Dibrugarh Building Ci"
                        }
                    ]
                }
            ],
            "participationFees": [
                {
                    "id": "01",
                    "value": [
                        {
                            "amount": 1000.0,
                            "currency": "INR"
                        }
                    ],
                    "description": "Nil"
                }
            ],
            "numberOfTenderers": 7,
            "milestones": [
                {
                    "id": "1",
                    "title": "Published Date",
                    "type": "Pre-procurement milestones",
                    "dueDate": "2022-11-11 09:00"
                },
                {
                    "id": "2",
                    "title": "Document Download / Sale Start Date",
                    "type": "Pre-procurement milestones",
                    "dueDate": "2022-11-11 09:00"
                },
                {
                    "id": "3",
                    "title": "Bid Submission Start Date",
                    "type": "Pre-procurement milestones",
                    "dueDate": "2022-11-11 09:00"
                },
                {
                    "id": "4",
                    "title": "Bid Opening Date",
                    "type": "Pre-procurement milestones",
                    "dueDate": "2022-17-11 15:00"
                },
                {
                    "id": "5",
                    "title": "Document Download / Sale End Date",
                    "type": "Pre-procurement milestones",
                    "dueDate": "2022-17-11 14:00"
                },
                {
                    "id": "6",
                    "title": "Bid Submission End Date",
                    "type": "Pre-procurement milestones",
                    "dueDate": "2022-17-11 14:00"
                },
                {
                    "id": "7",
                    "title": "Financial Bid Opening Date",
                    "type": "Pre-procurement milestones",
                    "dueDate": "2022-21-12 09:10"
                }
            ],
            "fiscalYear": "2022-2023"
        }
    ],
    "bids": [
        {
            "id": 1,
            "details": [
                {
                    "id": "161863.0",
                    "date": "2022-16-11 21:57",
                    "status": "Rejected-AOC",
                    "tenderers": [
                        {
                            "id": "sridhrubajyotikakati",
                            "name": "Sri Dhrubajyoti Kakati"
                        }
                    ]
                },
                {
                    "id": "161854.0",
                    "date": "2022-16-11 22:33",
                    "status": "Rejected-AOC",
                    "tenderers": [
                        {
                            "id": "srihemantamoran",
                            "name": "Sri Hemanta Moran"
                        }
                    ]
                },
                {
                    "id": "161894.0",
                    "date": "2022-16-11 22:09",
                    "status": "Accepted-AOC",
                    "tenderers": [
                        {
                            "id": "bbenterprise",
                            "name": "B B Enterprise"
                        }
                    ]
                }
            ]
        }
    ],
    "statistics": [
        {
            "id": "1",
            "value": 3827716.0,
            "currency": "INR",
            "measure": "contractValue"
        }
    ],
    "awards": [
        {
            "id": 1,
            "description": "FWO",
            "value": [
                {
                    "amount": 3827716.0,
                    "currency": "INR"
                }
            ],
            "suppliers": [
                {
                    "id": "bbenterprise",
                    "name": "B B Enterprise"
                }
            ],
            "contractPeriod": [
                {
                    "startDate": "2024-28-02",
                    "durationInDays": 180
                }
            ]
        },
        {
            "id": 2,
            "value": [
                {
                    "amount": "3827716",
                    "currency": "INR"
                }
            ]
        }
    ]
}