{
    "ocid": "ocds-f5kvwu-2022_PWD_26485_11",
    "id": "1",
    "date": "2024-11-27",
    "tag": [
        "tender"
    ],
    "initiationType": "tender",
    "parties": [
        {
            "id": "publicworksroadsdepartment",
            "name": "Public Works Roads Department",
            "roles": [
                "buyer"
            ]
        },
        {
            "id": "anildasconstructionpvtltd",
            "name": "ANIL DAS CONSTRUCTION PVT LTD",
            "roles": [
                "tenderer"
            ]
        },
        {
            "id": "anupamnirmanpvtltd",
            "name": "ANUPAM NIRMAN PVT. LTD.",
            "roles": [
                "tenderer",
                "supplier"
            ]
        },
        {
            "id": "chiefengineerpwdroadsassam",
            "name": "Chief Engineer, PWD(Roads), Assam",
            "address": [
                {
                    "streetAddress": "O/o the Chief Engineer, PWD(Roads), Assam"
                }
            ],
            "roles": [
                "procuringEntity"
            ]
        }
    ],
    "buyer": [
        {
            "name": "Public Works Roads Department",
            "id": "publicworksroadsdepartment"
        }
    ],
    "tender": [
        {
            "id": "2022_PWD_26485_11",
            "identifiers": [
                {
                    "id": "CE/CW/06/2022-23/2(25Group)",
                    "scheme": "external"
                }
            ],
            "title": "Jalukbari-1",
            "description": "Reconstruction of damaged portion of A.T. road and Kamakhya temple road under state priority under SOPD-G for the year 2022-23",
            "datePublished": "2022-28-07 14:00",
            "contractType": "Tender",
            "submissionTerms": [
                {
                    "allowPreferentialBidder": "No",
                    "allowMultiCurrencyFee": "No",
                    "allowMultiCurrencyBQQ": "No",
                    "bidValidityPeriod": [
                        {
                            "durationInDays": 180
                        }
                    ]
                }
            ],
            "procuringEntity": [
                {
                    "name": "Chief Engineer, PWD(Roads), Assam",
                    "id": "chiefengineerpwdroadsassam"
                }
            ],
            "items": [
                {
                    "id": "01",
                    "classification": [
                        {
                            "description": "Civil Works \u2013 Roads"
                        }
                    ],
                    "additionalClassifications": [
                        {
                            "description": "Work Item Details > Subcategory"
                        }
                    ],
                    "deliveryAddresses": [
                        {
                            "postalCode": "781013.0",
                            "streetAddress": "Guwahati"
                        }
                    ]
                }
            ],
            "value": [
                {
                    "amount": 88123000.0,
                    "currency": "INR"
                }
            ],
            "procurementMethod": "Open Tender",
            "mainProcurementCategory": "Item Rate",
            "tenderPeriod": [
                {
                    "startDate": "2022-28-07 14:00",
                    "endDate": "2022-10-08 14:00",
                    "durationInDays": 13
                }
            ],
            "enquiryPeriod": [
                {
                    "startDate": "2022-28-07 14:00",
                    "endDate": "2022-10-08 14:00",
                    "durationInDays": 13
                }
            ],
            "contractPeriod": [
                {
                    "durationInDays": 180
                }
            ],
            "communication": [
                {
                    "id": 1,
                    "documentAvailabilityPeriod": [
                        {
                            "startDate": "2022-28-07 14:00",
                            "endDate": "2022-10-08 14:00"
                        }
                    ]
                }
            ],
            "bidOpening": [
                {
                    "date": "2022-10-08 14:30",
                    "address": [
                        {
                            "streetAddress": "O/o the Chief Engineer, PWD(Roads), Assam"
                        }
                    ]
                }
            ],
            "participationFees": [
                {
                    "id": "01",
                    "value": [
                        {
                            "amount": 10000.0,
                            "currency": "INR"
                        }
                    ],
                    "description": "Nil"
                }
            ],
            "numberOfTenderers": 6,
            "milestones": [
                {
                    "id": "1",
                    "title": "Published Date",
                    "type": "Pre-procurement milestones",
                    "dueDate": "2022-28-07 14:00"
                },
                {
                    "id": "2",
                    "title": "Document Download / Sale Start Date",
                    "type": "Pre-procurement milestones",
                    "dueDate": "2022-28-07 14:00"
                },
                {
                    "id": "3",
                    "title": "Clarification Start Date",
                    "type": "Pre-procurement milestones",
                    "dueDate": "2022-28-07 14:00"
                },
                {
                    "id": "4",
                    "title": "Bid Submission Start Date",
                    "type": "Pre-procurement milestones",
                    "dueDate": "2022-28-07 14:00"
                },
                {
                    "id": "5",
                    "title": "Bid Opening Date",
                    "type": "Pre-procurement milestones",
                    "dueDate": "2022-10-08 14:30"
                },
                {
                    "id": "6",
                    "title": "Document Download / Sale End Date",
                    "type": "Pre-procurement milestones",
                    "dueDate": "2022-10-08 14:00"
                },
                {
                    "id": "7",
                    "title": "Clarification End Date",
                    "type": "Pre-procurement milestones",
                    "dueDate": "2022-10-08 14:00"
                },
                {
                    "id": "8",
                    "title": "Bid Submission End Date",
                    "type": "Pre-procurement milestones",
                    "dueDate": "2022-10-08 14:00"
                },
                {
                    "id": "9",
                    "title": "Financial Bid Opening Date",
                    "type": "Pre-procurement milestones",
                    "dueDate": "2022-23-08 15:15"
                }
            ],
            "fiscalYear": "2022-2023"
        }
    ],
    "bids": [
        {
            "id": 1,
            "details": [
                {
                    "id": "155437.0",
                    "date": "2022-09-08 22:33",
                    "status": "Rejected-AOC",
                    "tenderers": [
                        {
                            "id": "anildasconstructionpvtltd",
                            "name": "ANIL DAS CONSTRUCTION PVT LTD"
                        }
                    ]
                },
                {
                    "id": "155269.0",
                    "date": "2022-10-08 12:03",
                    "status": "Accepted-AOC",
                    "tenderers": [
                        {
                            "id": "anupamnirmanpvtltd",
                            "name": "ANUPAM NIRMAN PVT. LTD."
                        }
                    ]
                }
            ]
        }
    ],
    "statistics": [
        {
            "id": "1",
            "value": 84085000.0,
            "currency": "INR",
            "measure": "contractValue"
        }
    ],
    "awards": [
        {
            "id": 1,
            "description": "AOC",
            "value": [
                {
                    "amount": 84085000.0,
                    "currency": "INR"
                }
            ],
            "suppliers": [
                {
                    "id": "anupamnirmanpvtltd",
                    "name": "ANUPAM NIRMAN PVT. LTD."
                }
            ],
            "contractPeriod": [
                {
                    "startDate": "2024-28-03",
                    "durationInDays": 180
                }
            ]
        },
        {
            "id": 2,
            "value": [
                {
                    "amount": "84085000",
                    "currency": "INR"
                }
            ]
        }
    ]
}