{
    "ocid": "ocds-f5kvwu-2022_PWBNH_28363_1",
    "id": "1",
    "date": "2024-11-27",
    "tag": [
        "tender"
    ],
    "initiationType": "tender",
    "parties": [
        {
            "id": "publicworksbuildingandnhdepartment",
            "name": "Public Works Building and NH Department",
            "roles": [
                "buyer"
            ]
        },
        {
            "id": "davidphonglo",
            "name": "David Phonglo",
            "roles": [
                "tenderer"
            ]
        },
        {
            "id": "sripeheisangraimme",
            "name": "Sri Peheisang Raimme",
            "roles": [
                "tenderer",
                "supplier"
            ]
        },
        {
            "id": "cepwdbldgassamchandmarighy3",
            "name": "CE, PWD (Bldg), Assam, Chandmari, Ghy-3",
            "address": [
                {
                    "streetAddress": "O/O The CE, PWD (Bldg), Assam, Chandmari, Ghy-3"
                }
            ],
            "roles": [
                "procuringEntity"
            ]
        }
    ],
    "buyer": [
        {
            "name": "Public Works Building and NH Department",
            "id": "publicworksbuildingandnhdepartment"
        }
    ],
    "tender": [
        {
            "id": "2022_PWBNH_28363_1",
            "identifiers": [
                {
                    "id": "CEB/CS/TB-VIII/34/2022/02 Dated 07-12-2022",
                    "scheme": "external"
                }
            ],
            "title": "Construction of 20 (Twenty) new BOPs along the Inter- State Boundary for the F.Y. 2022-23 (Dukurdisha)",
            "description": "Construction of 20 (Twenty) new BOPs along the Inter- State Boundary for the F.Y. 2022-23 (Dukurdisha)",
            "datePublished": "2022-22-12 09:00",
            "contractType": "Tender",
            "submissionTerms": [
                {
                    "allowPreferentialBidder": "No",
                    "allowMultiCurrencyFee": "No",
                    "allowMultiCurrencyBQQ": "No",
                    "bidValidityPeriod": [
                        {
                            "durationInDays": 180
                        }
                    ]
                }
            ],
            "procuringEntity": [
                {
                    "name": "CE, PWD (Bldg), Assam, Chandmari, Ghy-3",
                    "id": "cepwdbldgassamchandmarighy3"
                }
            ],
            "items": [
                {
                    "id": "01",
                    "classification": [
                        {
                            "description": "Civil Works - Building"
                        }
                    ],
                    "additionalClassifications": [
                        {
                            "description": "Work Item Details > Subcategory"
                        }
                    ],
                    "deliveryAddresses": [
                        {
                            "postalCode": "788025.0",
                            "streetAddress": "Dukurdisha"
                        }
                    ]
                }
            ],
            "value": [
                {
                    "amount": 29041361.0,
                    "currency": "INR"
                }
            ],
            "procurementMethod": "Open Tender",
            "mainProcurementCategory": "Item Rate",
            "tenderPeriod": [
                {
                    "startDate": "2022-22-12 09:00",
                    "endDate": "2023-09-01 14:00",
                    "durationInDays": 18
                }
            ],
            "contractPeriod": [
                {
                    "durationInDays": 365
                }
            ],
            "communication": [
                {
                    "id": 1,
                    "documentAvailabilityPeriod": [
                        {
                            "startDate": "2022-22-12 09:00",
                            "endDate": "2023-09-01 14:00"
                        }
                    ]
                }
            ],
            "bidOpening": [
                {
                    "date": "2023-11-01 15:00",
                    "address": [
                        {
                            "streetAddress": "O/O The CE, PWD (Bldg), Assam, Chandmari, Ghy-3"
                        }
                    ]
                }
            ],
            "participationFees": [
                {
                    "id": "01",
                    "value": [
                        {
                            "amount": 5800.0,
                            "currency": "INR"
                        }
                    ],
                    "description": "Nil"
                }
            ],
            "numberOfTenderers": 5,
            "milestones": [
                {
                    "id": "1",
                    "title": "Published Date",
                    "type": "Pre-procurement milestones",
                    "dueDate": "2022-22-12 09:00"
                },
                {
                    "id": "2",
                    "title": "Document Download / Sale Start Date",
                    "type": "Pre-procurement milestones",
                    "dueDate": "2022-22-12 09:00"
                },
                {
                    "id": "3",
                    "title": "Bid Submission Start Date",
                    "type": "Pre-procurement milestones",
                    "dueDate": "2022-28-12 15:00"
                },
                {
                    "id": "4",
                    "title": "Bid Opening Date",
                    "type": "Pre-procurement milestones",
                    "dueDate": "2023-11-01 15:00"
                },
                {
                    "id": "5",
                    "title": "Document Download / Sale End Date",
                    "type": "Pre-procurement milestones",
                    "dueDate": "2023-09-01 14:00"
                },
                {
                    "id": "6",
                    "title": "Bid Submission End Date",
                    "type": "Pre-procurement milestones",
                    "dueDate": "2023-09-01 14:00"
                },
                {
                    "id": "7",
                    "title": "Financial Bid Opening Date",
                    "type": "Pre-procurement milestones",
                    "dueDate": "2023-14-02 14:30"
                }
            ],
            "fiscalYear": "2022-2023"
        }
    ],
    "bids": [
        {
            "id": 1,
            "details": [
                {
                    "id": "172136.0",
                    "date": "2023-09-01 11:26",
                    "status": "Rejected-AOC",
                    "tenderers": [
                        {
                            "id": "davidphonglo",
                            "name": "David Phonglo"
                        }
                    ]
                },
                {
                    "id": "172134.0",
                    "date": "2023-09-01 11:14",
                    "status": "Accepted-AOC",
                    "tenderers": [
                        {
                            "id": "sripeheisangraimme",
                            "name": "Sri Peheisang Raimme"
                        }
                    ]
                }
            ]
        }
    ],
    "statistics": [
        {
            "id": "1",
            "value": 29895758.0,
            "currency": "INR",
            "measure": "contractValue"
        }
    ],
    "awards": [
        {
            "id": 1,
            "value": [
                {
                    "amount": 29895758.0,
                    "currency": "INR"
                }
            ],
            "suppliers": [
                {
                    "id": "sripeheisangraimme",
                    "name": "Sri Peheisang Raimme"
                }
            ],
            "contractPeriod": [
                {
                    "startDate": "2024-03-08",
                    "durationInDays": 365
                }
            ]
        },
        {
            "id": 2,
            "value": [
                {
                    "amount": "29895758",
                    "currency": "INR"
                }
            ]
        }
    ]
}