{
    "ocid": "ocds-f5kvwu-2022_NHM_28534_105",
    "id": "1",
    "date": "2024-11-27",
    "tag": [
        "tender"
    ],
    "initiationType": "tender",
    "parties": [
        {
            "id": "nationalhealthmission",
            "name": "National Health Mission",
            "roles": [
                "buyer"
            ]
        },
        {
            "id": "farukhahmed",
            "name": "Farukh Ahmed",
            "roles": [
                "tenderer",
                "supplier"
            ]
        },
        {
            "id": "mspmconstructionandgroups",
            "name": "M/S P.M. CONSTRUCTION AND GROUPS",
            "roles": [
                "tenderer"
            ]
        },
        {
            "id": "mstmenterprise",
            "name": "M/S T.M. ENTERPRISE",
            "roles": [
                "tenderer"
            ]
        },
        {
            "id": "nozrulislam",
            "name": "Nozrul Islam",
            "roles": [
                "tenderer"
            ]
        },
        {
            "id": "sahanurislammandal",
            "name": "Sahanur Islam Mandal",
            "roles": [
                "tenderer"
            ]
        },
        {
            "id": "samimakhterchoudhury",
            "name": "SAMIM AKHTER CHOUDHURY",
            "roles": [
                "tenderer"
            ]
        },
        {
            "id": "mdnhmassam",
            "name": "MD, NHM, Assam",
            "address": [
                {
                    "streetAddress": "O/o MD, NHM, Assam, Christanbasti, Guwahati-05"
                }
            ],
            "roles": [
                "procuringEntity"
            ]
        }
    ],
    "buyer": [
        {
            "name": "National Health Mission",
            "id": "nationalhealthmission"
        }
    ],
    "tender": [
        {
            "id": "2022_NHM_28534_105",
            "identifiers": [
                {
                    "id": "NHM-32023/11/2022-CONS-NHM/88",
                    "scheme": "external"
                }
            ],
            "title": "Construction of Buildingless Sub Health Centre at Jordanga SC in South Salmara Mancahar District for FY 2021 22 under PM ABHIM on Turnkey basis",
            "description": "Construction of Buildingless Sub Health Centre at Jordanga SC in South Salmara Mancahar District for FY 2021 22 under PM ABHIM on Turnkey basis",
            "datePublished": "2023-03-01 18:55",
            "contractType": "Tender",
            "submissionTerms": [
                {
                    "allowPreferentialBidder": "No",
                    "allowMultiCurrencyFee": "No",
                    "allowMultiCurrencyBQQ": "No",
                    "bidValidityPeriod": [
                        {
                            "durationInDays": 180
                        }
                    ]
                }
            ],
            "procuringEntity": [
                {
                    "name": "MD, NHM, Assam",
                    "id": "mdnhmassam"
                }
            ],
            "items": [
                {
                    "id": "01",
                    "classification": [
                        {
                            "description": "Civil Works - Building"
                        }
                    ],
                    "additionalClassifications": [
                        {
                            "description": "Work Item Details > Subcategory"
                        }
                    ],
                    "deliveryAddresses": [
                        {
                            "postalCode": "783127.0",
                            "streetAddress": "South Salmara Mancachar"
                        }
                    ]
                }
            ],
            "value": [
                {
                    "amount": 5203000.0,
                    "currency": "INR"
                }
            ],
            "procurementMethod": "Open Tender",
            "mainProcurementCategory": "Turn-key",
            "tenderPeriod": [
                {
                    "startDate": "2023-03-01 18:55",
                    "endDate": "2023-07-02 14:00",
                    "durationInDays": 34
                }
            ],
            "contractPeriod": [
                {
                    "durationInDays": 180
                }
            ],
            "communication": [
                {
                    "id": 1,
                    "documentAvailabilityPeriod": [
                        {
                            "startDate": "2023-03-01 18:55",
                            "endDate": "2023-07-02 14:00"
                        }
                    ]
                }
            ],
            "bidOpening": [
                {
                    "date": "2023-08-02 15:30",
                    "address": [
                        {
                            "streetAddress": "O/o MD, NHM, Assam"
                        }
                    ]
                }
            ],
            "participationFees": [
                {
                    "id": "01",
                    "value": [
                        {
                            "amount": 1500.0,
                            "currency": "INR"
                        }
                    ],
                    "description": "Nil"
                }
            ],
            "numberOfTenderers": 7,
            "milestones": [
                {
                    "id": "1",
                    "title": "Published Date",
                    "type": "Pre-procurement milestones",
                    "dueDate": "2023-03-01 18:55"
                },
                {
                    "id": "2",
                    "title": "Document Download / Sale Start Date",
                    "type": "Pre-procurement milestones",
                    "dueDate": "2023-03-01 18:55"
                },
                {
                    "id": "3",
                    "title": "Bid Submission Start Date",
                    "type": "Pre-procurement milestones",
                    "dueDate": "2023-03-01 18:55"
                },
                {
                    "id": "4",
                    "title": "Bid Opening Date",
                    "type": "Pre-procurement milestones",
                    "dueDate": "2023-08-02 15:30"
                },
                {
                    "id": "5",
                    "title": "Document Download / Sale End Date",
                    "type": "Pre-procurement milestones",
                    "dueDate": "2023-07-02 14:00"
                },
                {
                    "id": "6",
                    "title": "Bid Submission End Date",
                    "type": "Pre-procurement milestones",
                    "dueDate": "2023-07-02 14:00"
                },
                {
                    "id": "7",
                    "title": "Financial Bid Opening Date",
                    "type": "Pre-procurement milestones",
                    "dueDate": "2023-21-06 17:15"
                }
            ],
            "fiscalYear": "2022-2023"
        }
    ],
    "bids": [
        {
            "id": 1,
            "details": [
                {
                    "id": "176063.0",
                    "date": "2023-31-01 19:19",
                    "status": "Not Admitted-Fee/PreQual/Technical",
                    "tenderers": [
                        {
                            "id": "mspmconstructionandgroups",
                            "name": "M/S P.M. CONSTRUCTION AND GROUPS"
                        }
                    ]
                },
                {
                    "id": "176055.0",
                    "date": "2023-31-01 19:01",
                    "status": "Rejected-Finance",
                    "tenderers": [
                        {
                            "id": "mstmenterprise",
                            "name": "M/S T.M. ENTERPRISE"
                        }
                    ]
                },
                {
                    "id": "176555.0",
                    "date": "2023-07-02 13:26",
                    "status": "Not Admitted-Fee/PreQual/Technical",
                    "tenderers": [
                        {
                            "id": "nozrulislam",
                            "name": "Nozrul Islam"
                        }
                    ]
                },
                {
                    "id": "175961.0",
                    "date": "2023-31-01 18:43",
                    "status": "Rejected-Finance",
                    "tenderers": [
                        {
                            "id": "sahanurislammandal",
                            "name": "Sahanur Islam Mandal"
                        }
                    ]
                },
                {
                    "id": "176120.0",
                    "date": "2023-31-01 23:57",
                    "status": "Rejected-Finance",
                    "tenderers": [
                        {
                            "id": "samimakhterchoudhury",
                            "name": "SAMIM AKHTER CHOUDHURY"
                        }
                    ]
                },
                {
                    "id": "175912.0",
                    "date": "2023-06-02 19:23",
                    "status": "Accepted-AOC",
                    "tenderers": [
                        {
                            "id": "farukhahmed",
                            "name": "Farukh Ahmed"
                        }
                    ]
                }
            ]
        }
    ],
    "statistics": [
        {
            "id": "1",
            "value": 4500595.0,
            "currency": "INR",
            "measure": "contractValue"
        }
    ],
    "awards": [
        {
            "id": 1,
            "description": "WORK ORDER",
            "value": [
                {
                    "amount": 4500595.0,
                    "currency": "INR"
                }
            ],
            "suppliers": [
                {
                    "id": "farukhahmed",
                    "name": "Farukh Ahmed"
                }
            ],
            "contractPeriod": [
                {
                    "startDate": "2024-04-01",
                    "durationInDays": 180
                }
            ]
        },
        {
            "id": 2,
            "value": [
                {
                    "amount": "4500595",
                    "currency": "INR"
                }
            ]
        }
    ]
}