{
    "ocid": "ocds-f5kvwu-2022_GMDA_27108_1",
    "id": "1",
    "date": "2024-11-27",
    "tag": [
        "tender"
    ],
    "initiationType": "tender",
    "parties": [
        {
            "id": "guwahatimetropolitandevelopmentauthority",
            "name": "Guwahati Metropolitan Development Authority",
            "roles": [
                "buyer"
            ]
        },
        {
            "id": "leaassociatessouthasiapvtltd",
            "name": "LEA Associates South Asia Pvt. Ltd.",
            "roles": [
                "tenderer"
            ]
        },
        {
            "id": "meinhardtsingaporepteltd",
            "name": "Meinhardt Singapore Pte. Ltd.",
            "roles": [
                "tenderer"
            ]
        },
        {
            "id": "surbanajuronginfrastructurepteltd",
            "name": "Surbana Jurong Infrastructure Pte Ltd",
            "roles": [
                "tenderer",
                "supplier"
            ]
        },
        {
            "id": "ceogmda",
            "name": "CEO, GMDA",
            "address": [
                {
                    "streetAddress": "Bhangagarh, Guwahati-05"
                }
            ],
            "roles": [
                "procuringEntity"
            ]
        }
    ],
    "buyer": [
        {
            "name": "Guwahati Metropolitan Development Authority",
            "id": "guwahatimetropolitandevelopmentauthority"
        }
    ],
    "tender": [
        {
            "id": "2022_GMDA_27108_1",
            "identifiers": [
                {
                    "id": "GMDA/GEN/02/2022/32",
                    "scheme": "external"
                }
            ],
            "title": "Consultancy Services For Feasibility Study, Master Plan, Development Plan of Integrated Satellite Township in the periphery of Guwahati Metropolitan Area in Assam, India",
            "description": "Consultancy Services For Feasibility Study, Master Plan, Development Plan of Integrated Satellite Township in the periphery of Guwahati Metropolitan Area in Assam, India",
            "datePublished": "2022-22-09 10:45",
            "contractType": "Tender",
            "submissionTerms": [
                {
                    "allowPreferentialBidder": "No",
                    "allowMultiCurrencyFee": "No",
                    "allowMultiCurrencyBQQ": "No",
                    "bidValidityPeriod": [
                        {
                            "durationInDays": 180
                        }
                    ]
                }
            ],
            "procuringEntity": [
                {
                    "name": "CEO, GMDA",
                    "id": "ceogmda"
                }
            ],
            "items": [
                {
                    "id": "01",
                    "classification": [
                        {
                            "description": "Consultancy"
                        }
                    ],
                    "additionalClassifications": [
                        {
                            "description": "Work Item Details > Subcategory"
                        }
                    ],
                    "deliveryAddresses": [
                        {
                            "postalCode": "781005.0",
                            "streetAddress": "Guwahati"
                        }
                    ]
                }
            ],
            "value": [
                {
                    "amount": 0.0,
                    "currency": "INR"
                }
            ],
            "procurementMethod": "Open Tender",
            "mainProcurementCategory": "Item Rate",
            "tenderPeriod": [
                {
                    "startDate": "2022-22-09 10:45",
                    "endDate": "2022-19-10 14:00",
                    "durationInDays": 27
                }
            ],
            "contractPeriod": [
                {
                    "durationInDays": 180
                }
            ],
            "communication": [
                {
                    "id": 1,
                    "documentAvailabilityPeriod": [
                        {
                            "startDate": "2022-22-09 10:45",
                            "endDate": "2022-19-10 14:00"
                        }
                    ]
                }
            ],
            "bidOpening": [
                {
                    "date": "2022-19-10 15:00",
                    "address": [
                        {
                            "streetAddress": "Office of CEO, GMDA"
                        }
                    ]
                }
            ],
            "participationFees": [
                {
                    "id": "01",
                    "value": [
                        {
                            "amount": 20000.0,
                            "currency": "INR"
                        }
                    ],
                    "description": "Nil"
                }
            ],
            "numberOfTenderers": 5,
            "milestones": [
                {
                    "id": "1",
                    "title": "Published Date",
                    "type": "Pre-procurement milestones",
                    "dueDate": "2022-22-09 10:45"
                },
                {
                    "id": "2",
                    "title": "Document Download / Sale Start Date",
                    "type": "Pre-procurement milestones",
                    "dueDate": "2022-22-09 10:45"
                },
                {
                    "id": "3",
                    "title": "Bid Submission Start Date",
                    "type": "Pre-procurement milestones",
                    "dueDate": "2022-30-09 14:00"
                },
                {
                    "id": "4",
                    "title": "Bid Opening Date",
                    "type": "Pre-procurement milestones",
                    "dueDate": "2022-19-10 15:00"
                },
                {
                    "id": "5",
                    "title": "Document Download / Sale End Date",
                    "type": "Pre-procurement milestones",
                    "dueDate": "2022-19-10 14:00"
                },
                {
                    "id": "6",
                    "title": "Bid Submission End Date",
                    "type": "Pre-procurement milestones",
                    "dueDate": "2022-19-10 14:00"
                },
                {
                    "id": "7",
                    "title": "Financial Bid Opening Date",
                    "type": "Pre-procurement milestones",
                    "dueDate": "2022-31-10 11:00"
                }
            ],
            "amendments": [
                {
                    "date": "2022-02-11 15:41"
                }
            ],
            "fiscalYear": "2022-2023"
        }
    ],
    "bids": [
        {
            "id": 1,
            "details": [
                {
                    "id": "159746.0",
                    "date": "2022-19-10 02:02",
                    "status": "Rejected-AOC",
                    "tenderers": [
                        {
                            "id": "leaassociatessouthasiapvtltd",
                            "name": "LEA Associates South Asia Pvt. Ltd."
                        }
                    ]
                },
                {
                    "id": "160112.0",
                    "date": "2022-19-10 12:19",
                    "status": "Rejected-AOC",
                    "tenderers": [
                        {
                            "id": "meinhardtsingaporepteltd",
                            "name": "Meinhardt Singapore Pte. Ltd."
                        }
                    ]
                },
                {
                    "id": "160089.0",
                    "date": "2022-19-10 11:28",
                    "status": "Accepted-AOC",
                    "tenderers": [
                        {
                            "id": "surbanajuronginfrastructurepteltd",
                            "name": "Surbana Jurong Infrastructure Pte Ltd"
                        }
                    ]
                }
            ]
        }
    ],
    "statistics": [
        {
            "id": "1",
            "value": 68000000.0,
            "currency": "INR",
            "measure": "contractValue"
        }
    ],
    "awards": [
        {
            "id": 1,
            "description": "Work order issued",
            "value": [
                {
                    "amount": 68000000.0,
                    "currency": "INR"
                }
            ],
            "suppliers": [
                {
                    "id": "surbanajuronginfrastructurepteltd",
                    "name": "Surbana Jurong Infrastructure Pte Ltd"
                }
            ],
            "contractPeriod": [
                {
                    "startDate": "2022-23-11",
                    "durationInDays": 180
                }
            ]
        },
        {
            "id": 2,
            "value": [
                {
                    "amount": "68000000",
                    "currency": "INR"
                }
            ]
        }
    ]
}