{
    "ocid": "ocds-f5kvwu-2022_PWBNH_27964_1",
    "id": "1",
    "date": "2024-11-27",
    "tag": [
        "tender"
    ],
    "initiationType": "tender",
    "parties": [
        {
            "id": "publicworksbuildingandnhdepartment",
            "name": "Public Works Building and NH Department",
            "roles": [
                "buyer"
            ]
        },
        {
            "id": "kushalkonwar",
            "name": "KUSHAL KONWAR",
            "roles": [
                "tenderer",
                "supplier"
            ]
        },
        {
            "id": "superintendingengineerpwddibrugarhbuildingci",
            "name": "Superintending Engineer, PWD Dibrugarh Building Ci",
            "address": [
                {
                    "streetAddress": "Superintending Engineer, PWD Dibrugarh Building Circle, Dibrugarh"
                }
            ],
            "roles": [
                "procuringEntity"
            ]
        }
    ],
    "buyer": [
        {
            "name": "Public Works Building and NH Department",
            "id": "publicworksbuildingandnhdepartment"
        }
    ],
    "tender": [
        {
            "id": "2022_PWBNH_27964_1",
            "identifiers": [
                {
                    "id": "SE(B)/DIB/CS-08/22-23/1022-A",
                    "scheme": "external"
                }
            ],
            "title": "Construction of RCC Retaining wall brick boundary wall in the periphery of the Cancer Hospital Campus at AMCH, Dibrugarh, Group No 1",
            "description": "Construction of RCC Retaining wall brick boundary wall in the periphery of the Cancer Hospital Campus at AMCH, Dibrugarh, Group No 1",
            "datePublished": "2022-30-11 09:00",
            "contractType": "Tender",
            "submissionTerms": [
                {
                    "allowPreferentialBidder": "No",
                    "allowMultiCurrencyFee": "No",
                    "allowMultiCurrencyBQQ": "No",
                    "bidValidityPeriod": [
                        {
                            "durationInDays": 180
                        }
                    ]
                }
            ],
            "procuringEntity": [
                {
                    "name": "Superintending Engineer, PWD Dibrugarh Building Ci",
                    "id": "superintendingengineerpwddibrugarhbuildingci"
                }
            ],
            "items": [
                {
                    "id": "01",
                    "classification": [
                        {
                            "description": "Civil Works - Building"
                        }
                    ],
                    "additionalClassifications": [
                        {
                            "description": "Work Item Details > Subcategory"
                        }
                    ],
                    "deliveryAddresses": [
                        {
                            "postalCode": "786001.0",
                            "streetAddress": "Cancer Hospital Campus at AMCH, Dibrugarh"
                        }
                    ]
                }
            ],
            "value": [
                {
                    "amount": 25344703.0,
                    "currency": "INR"
                }
            ],
            "procurementMethod": "Open Tender",
            "mainProcurementCategory": "Item Rate",
            "tenderPeriod": [
                {
                    "startDate": "2022-30-11 09:00",
                    "endDate": "2022-06-12 14:00",
                    "durationInDays": 6
                }
            ],
            "contractPeriod": [
                {
                    "durationInDays": 365
                }
            ],
            "communication": [
                {
                    "id": 1,
                    "documentAvailabilityPeriod": [
                        {
                            "startDate": "2022-30-11 09:00",
                            "endDate": "2022-06-12 14:00"
                        }
                    ]
                }
            ],
            "bidOpening": [
                {
                    "date": "2022-06-12 15:00",
                    "address": [
                        {
                            "streetAddress": "Superintending Engineer, PWD Dibrugarh Building Ci"
                        }
                    ]
                }
            ],
            "participationFees": [
                {
                    "id": "01",
                    "value": [
                        {
                            "amount": 5069.0,
                            "currency": "INR"
                        }
                    ],
                    "description": "Nil"
                }
            ],
            "numberOfTenderers": 7,
            "milestones": [
                {
                    "id": "1",
                    "title": "Published Date",
                    "type": "Pre-procurement milestones",
                    "dueDate": "2022-30-11 09:00"
                },
                {
                    "id": "2",
                    "title": "Document Download / Sale Start Date",
                    "type": "Pre-procurement milestones",
                    "dueDate": "2022-30-11 09:00"
                },
                {
                    "id": "3",
                    "title": "Bid Submission Start Date",
                    "type": "Pre-procurement milestones",
                    "dueDate": "2022-30-11 09:00"
                },
                {
                    "id": "4",
                    "title": "Bid Opening Date",
                    "type": "Pre-procurement milestones",
                    "dueDate": "2022-06-12 15:00"
                },
                {
                    "id": "5",
                    "title": "Document Download / Sale End Date",
                    "type": "Pre-procurement milestones",
                    "dueDate": "2022-06-12 14:00"
                },
                {
                    "id": "6",
                    "title": "Bid Submission End Date",
                    "type": "Pre-procurement milestones",
                    "dueDate": "2022-06-12 14:00"
                },
                {
                    "id": "7",
                    "title": "Financial Bid Opening Date",
                    "type": "Pre-procurement milestones",
                    "dueDate": "2022-21-12 09:35"
                }
            ],
            "fiscalYear": "2022-2023"
        }
    ],
    "bids": [
        {
            "id": 1,
            "details": [
                {
                    "id": "165025.0",
                    "date": "2022-05-12 17:47",
                    "status": "Accepted-AOC",
                    "tenderers": [
                        {
                            "id": "kushalkonwar",
                            "name": "KUSHAL KONWAR"
                        }
                    ]
                }
            ]
        }
    ],
    "statistics": [
        {
            "id": "1",
            "value": 25344344.0,
            "currency": "INR",
            "measure": "contractValue"
        }
    ],
    "awards": [
        {
            "id": 1,
            "description": "fwo",
            "value": [
                {
                    "amount": 25344344.0,
                    "currency": "INR"
                }
            ],
            "suppliers": [
                {
                    "id": "kushalkonwar",
                    "name": "KUSHAL KONWAR"
                }
            ],
            "contractPeriod": [
                {
                    "startDate": "2024-08-08",
                    "durationInDays": 365
                }
            ]
        },
        {
            "id": 2,
            "value": [
                {
                    "amount": "25344344",
                    "currency": "INR"
                }
            ]
        }
    ]
}