{
    "ocid": "ocds-f5kvwu-2022_AEGCL_28337_1",
    "id": "1",
    "date": "2024-11-27",
    "tag": [
        "tender"
    ],
    "initiationType": "tender",
    "parties": [
        {
            "id": "assamelectricitygridcorporationltd",
            "name": "Assam Electricity Grid Corporation Ltd",
            "roles": [
                "buyer"
            ]
        },
        {
            "id": "aradhanaagency",
            "name": "ARADHANA AGENCY",
            "roles": [
                "tenderer"
            ]
        },
        {
            "id": "ejaelectricals",
            "name": "EJA ELECTRICALS",
            "roles": [
                "tenderer"
            ]
        },
        {
            "id": "everliteengineeringindustries",
            "name": "Everlite Engineering Industries",
            "roles": [
                "tenderer",
                "supplier"
            ]
        },
        {
            "id": "smpmarketing",
            "name": "SMP MARKETING",
            "roles": [
                "tenderer"
            ]
        },
        {
            "id": "dgmbttcaegcldhaligaon",
            "name": "DGM, BTTC, AEGCL, DHALIGAON",
            "address": [
                {
                    "streetAddress": "DGM OFFICE AEGCL DHALIGAON"
                }
            ],
            "roles": [
                "procuringEntity"
            ]
        }
    ],
    "buyer": [
        {
            "name": "Assam Electricity Grid Corporation Ltd",
            "id": "assamelectricitygridcorporationltd"
        }
    ],
    "tender": [
        {
            "id": "2022_AEGCL_28337_1",
            "identifiers": [
                {
                    "id": "AEGCL/DGM/BONG/T-1/2022/110",
                    "scheme": "external"
                }
            ],
            "title": "Supply and delivery of 132kV and 33kV Lightning Arresters for GSS under Bongaigaon TT Circle AEGCL",
            "description": "SUPPLY OF LIGHTNING ARRESTERS (132KV and 33KV) IN VARIOUS GSS UNDER BONGAIGAON Tand T CIRCLE",
            "datePublished": "2022-21-12 12:00",
            "contractType": "Tender",
            "submissionTerms": [
                {
                    "allowPreferentialBidder": "No",
                    "allowMultiCurrencyFee": "No",
                    "allowMultiCurrencyBQQ": "No",
                    "bidValidityPeriod": [
                        {
                            "durationInDays": 180
                        }
                    ]
                }
            ],
            "procuringEntity": [
                {
                    "name": "DGM, BTTC, AEGCL, DHALIGAON",
                    "id": "dgmbttcaegcldhaligaon"
                }
            ],
            "items": [
                {
                    "id": "01",
                    "classification": [
                        {
                            "description": "Supply of Materials"
                        }
                    ],
                    "additionalClassifications": [
                        {
                            "description": "Work Item Details > Subcategory"
                        }
                    ],
                    "deliveryAddresses": [
                        {
                            "postalCode": "783385.0",
                            "streetAddress": "DGM OFFICE AEGCL DHALIGAON"
                        }
                    ]
                }
            ],
            "value": [
                {
                    "amount": 1862323.0,
                    "currency": "INR"
                }
            ],
            "procurementMethod": "Open Tender",
            "mainProcurementCategory": "Supply",
            "tenderPeriod": [
                {
                    "startDate": "2022-21-12 12:00",
                    "endDate": "2023-27-01 14:00",
                    "durationInDays": 37
                }
            ],
            "enquiryPeriod": [
                {
                    "startDate": "2022-22-12 12:00",
                    "endDate": "2023-25-01 12:00",
                    "durationInDays": 34
                }
            ],
            "contractPeriod": [
                {
                    "durationInDays": 180
                }
            ],
            "communication": [
                {
                    "id": 1,
                    "documentAvailabilityPeriod": [
                        {
                            "startDate": "2022-22-12 12:00",
                            "endDate": "2023-27-01 14:00"
                        }
                    ]
                }
            ],
            "bidOpening": [
                {
                    "date": "2023-31-01 12:00",
                    "address": [
                        {
                            "streetAddress": "DGM OFFICE AEGCL DHALIGAON"
                        }
                    ]
                }
            ],
            "participationFees": [
                {
                    "id": "01",
                    "value": [
                        {
                            "amount": 1000.0,
                            "currency": "INR"
                        }
                    ],
                    "description": "Nil"
                }
            ],
            "numberOfTenderers": 5,
            "milestones": [
                {
                    "id": "1",
                    "title": "Published Date",
                    "type": "Pre-procurement milestones",
                    "dueDate": "2022-21-12 12:00"
                },
                {
                    "id": "2",
                    "title": "Document Download / Sale Start Date",
                    "type": "Pre-procurement milestones",
                    "dueDate": "2022-22-12 12:00"
                },
                {
                    "id": "3",
                    "title": "Clarification Start Date",
                    "type": "Pre-procurement milestones",
                    "dueDate": "2022-22-12 12:00"
                },
                {
                    "id": "4",
                    "title": "Bid Submission Start Date",
                    "type": "Pre-procurement milestones",
                    "dueDate": "2022-22-12 12:00"
                },
                {
                    "id": "5",
                    "title": "Bid Opening Date",
                    "type": "Pre-procurement milestones",
                    "dueDate": "2023-31-01 12:00"
                },
                {
                    "id": "6",
                    "title": "Document Download / Sale End Date",
                    "type": "Pre-procurement milestones",
                    "dueDate": "2023-27-01 14:00"
                },
                {
                    "id": "7",
                    "title": "Clarification End Date",
                    "type": "Pre-procurement milestones",
                    "dueDate": "2023-25-01 12:00"
                },
                {
                    "id": "8",
                    "title": "Bid Submission End Date",
                    "type": "Pre-procurement milestones",
                    "dueDate": "2023-27-01 14:00"
                },
                {
                    "id": "9",
                    "title": "Financial Bid Opening Date",
                    "type": "Pre-procurement milestones",
                    "dueDate": "2023-25-04 12:00"
                }
            ],
            "fiscalYear": "2022-2023"
        }
    ],
    "bids": [
        {
            "id": 1,
            "details": [
                {
                    "id": "172750.0",
                    "date": "2023-24-01 17:53",
                    "status": "Rejected-Technical",
                    "tenderers": [
                        {
                            "id": "aradhanaagency",
                            "name": "ARADHANA AGENCY"
                        }
                    ]
                },
                {
                    "id": "170607.0",
                    "date": "2023-24-01 20:38",
                    "status": "Rejected-Finance",
                    "tenderers": [
                        {
                            "id": "ejaelectricals",
                            "name": "EJA ELECTRICALS"
                        }
                    ]
                },
                {
                    "id": "174954.0",
                    "date": "2023-23-01 16:45",
                    "status": "Rejected-Finance",
                    "tenderers": [
                        {
                            "id": "smpmarketing",
                            "name": "SMP MARKETING"
                        }
                    ]
                },
                {
                    "id": "172230.0",
                    "date": "2023-27-01 10:43",
                    "status": "Accepted-AOC",
                    "tenderers": [
                        {
                            "id": "everliteengineeringindustries",
                            "name": "Everlite Engineering Industries"
                        }
                    ]
                }
            ]
        }
    ],
    "statistics": [
        {
            "id": "1",
            "value": 1413994.0,
            "currency": "INR",
            "measure": "contractValue"
        }
    ],
    "awards": [
        {
            "id": 1,
            "description": "AOC",
            "value": [
                {
                    "amount": 1413994.0,
                    "currency": "INR"
                }
            ],
            "suppliers": [
                {
                    "id": "everliteengineeringindustries",
                    "name": "Everlite Engineering Industries"
                }
            ],
            "contractPeriod": [
                {
                    "startDate": "2023-15-10",
                    "durationInDays": 180
                }
            ]
        },
        {
            "id": 2,
            "value": [
                {
                    "amount": "1413994",
                    "currency": "INR"
                }
            ]
        }
    ]
}