{
    "ocid": "ocds-f5kvwu-2022_NHM_28534_5",
    "id": "1",
    "date": "2024-11-27",
    "tag": [
        "tender"
    ],
    "initiationType": "tender",
    "parties": [
        {
            "id": "nationalhealthmission",
            "name": "National Health Mission",
            "roles": [
                "buyer"
            ]
        },
        {
            "id": "dulenbaruah",
            "name": "DULEN BARUAH",
            "roles": [
                "tenderer"
            ]
        },
        {
            "id": "kushalkonwar",
            "name": "KUSHAL KONWAR",
            "roles": [
                "tenderer",
                "supplier"
            ]
        },
        {
            "id": "kusumbargogoi",
            "name": "KUSUMBAR GOGOI",
            "roles": [
                "tenderer"
            ]
        },
        {
            "id": "mdtofiquiddinahmed",
            "name": "Md Tofiquiddin Ahmed",
            "roles": [
                "tenderer"
            ]
        },
        {
            "id": "mrarupjyotigohain",
            "name": "Mr. Arupjyoti Gohain",
            "roles": [
                "tenderer"
            ]
        },
        {
            "id": "mshorizonenterprise",
            "name": "M/S HORIZON ENTERPRISE",
            "roles": [
                "tenderer"
            ]
        },
        {
            "id": "sriuttambaishya",
            "name": "SRI UTTAM BAISHYA",
            "roles": [
                "tenderer"
            ]
        },
        {
            "id": "mdnhmassam",
            "name": "MD, NHM, Assam",
            "address": [
                {
                    "streetAddress": "O/o MD, NHM, Assam, Christanbasti, Guwahati-05"
                }
            ],
            "roles": [
                "procuringEntity"
            ]
        }
    ],
    "buyer": [
        {
            "name": "National Health Mission",
            "id": "nationalhealthmission"
        }
    ],
    "tender": [
        {
            "id": "2022_NHM_28534_5",
            "identifiers": [
                {
                    "id": "NHM-32023/11/2022-CONS-NHM/88",
                    "scheme": "external"
                }
            ],
            "title": "Construction of Buildingless Sub Health Centre at Chagalikata SC in Dibrugarh District for FY 2021 22 under PM ABHIM on Turnkey basis",
            "description": "Construction of Buildingless Sub Health Centre at Chagalikata SC in Dibrugarh District for FY 2021 22 under PM ABHIM on Turnkey basis",
            "datePublished": "2022-29-12 18:55",
            "contractType": "Tender",
            "submissionTerms": [
                {
                    "allowPreferentialBidder": "No",
                    "allowMultiCurrencyFee": "No",
                    "allowMultiCurrencyBQQ": "No",
                    "bidValidityPeriod": [
                        {
                            "durationInDays": 180
                        }
                    ]
                }
            ],
            "procuringEntity": [
                {
                    "name": "MD, NHM, Assam",
                    "id": "mdnhmassam"
                }
            ],
            "items": [
                {
                    "id": "01",
                    "classification": [
                        {
                            "description": "Civil Works - Building"
                        }
                    ],
                    "additionalClassifications": [
                        {
                            "description": "Work Item Details > Subcategory"
                        }
                    ],
                    "deliveryAddresses": [
                        {
                            "postalCode": "786001.0",
                            "streetAddress": "Dibrugarh"
                        }
                    ]
                }
            ],
            "value": [
                {
                    "amount": 5203000.0,
                    "currency": "INR"
                }
            ],
            "procurementMethod": "Open Tender",
            "mainProcurementCategory": "Turn-key",
            "tenderPeriod": [
                {
                    "startDate": "2022-29-12 18:55",
                    "endDate": "2023-07-02 14:00",
                    "durationInDays": 39
                }
            ],
            "contractPeriod": [
                {
                    "durationInDays": 180
                }
            ],
            "communication": [
                {
                    "id": 1,
                    "documentAvailabilityPeriod": [
                        {
                            "startDate": "2022-29-12 18:55",
                            "endDate": "2023-07-02 14:00"
                        }
                    ]
                }
            ],
            "bidOpening": [
                {
                    "date": "2023-08-02 15:30",
                    "address": [
                        {
                            "streetAddress": "O/o MD, NHM, Assam"
                        }
                    ]
                }
            ],
            "participationFees": [
                {
                    "id": "01",
                    "value": [
                        {
                            "amount": 1500.0,
                            "currency": "INR"
                        }
                    ],
                    "description": "Nil"
                }
            ],
            "numberOfTenderers": 8,
            "milestones": [
                {
                    "id": "1",
                    "title": "Published Date",
                    "type": "Pre-procurement milestones",
                    "dueDate": "2022-29-12 18:55"
                },
                {
                    "id": "2",
                    "title": "Document Download / Sale Start Date",
                    "type": "Pre-procurement milestones",
                    "dueDate": "2022-29-12 18:55"
                },
                {
                    "id": "3",
                    "title": "Bid Submission Start Date",
                    "type": "Pre-procurement milestones",
                    "dueDate": "2022-29-12 18:55"
                },
                {
                    "id": "4",
                    "title": "Bid Opening Date",
                    "type": "Pre-procurement milestones",
                    "dueDate": "2023-08-02 15:30"
                },
                {
                    "id": "5",
                    "title": "Document Download / Sale End Date",
                    "type": "Pre-procurement milestones",
                    "dueDate": "2023-07-02 14:00"
                },
                {
                    "id": "6",
                    "title": "Bid Submission End Date",
                    "type": "Pre-procurement milestones",
                    "dueDate": "2023-07-02 14:00"
                },
                {
                    "id": "7",
                    "title": "Financial Bid Opening Date",
                    "type": "Pre-procurement milestones",
                    "dueDate": "2023-13-06 11:05"
                }
            ],
            "fiscalYear": "2022-2023"
        }
    ],
    "bids": [
        {
            "id": 1,
            "details": [
                {
                    "id": "176060.0",
                    "date": "2023-31-01 19:05",
                    "status": "Not Admitted-Fee/PreQual/Technical",
                    "tenderers": [
                        {
                            "id": "dulenbaruah",
                            "name": "DULEN BARUAH"
                        }
                    ]
                },
                {
                    "id": "175927.0",
                    "date": "2023-07-02 13:14",
                    "status": "Not Admitted-Fee/PreQual/Technical",
                    "tenderers": [
                        {
                            "id": "kusumbargogoi",
                            "name": "KUSUMBAR GOGOI"
                        }
                    ]
                },
                {
                    "id": "174218.0",
                    "date": "2023-01-02 12:35",
                    "status": "Not Admitted-Fee/PreQual/Technical",
                    "tenderers": [
                        {
                            "id": "mdtofiquiddinahmed",
                            "name": "Md Tofiquiddin Ahmed"
                        }
                    ]
                },
                {
                    "id": "175985.0",
                    "date": "2023-31-01 14:09",
                    "status": "Rejected-Finance",
                    "tenderers": [
                        {
                            "id": "mrarupjyotigohain",
                            "name": "Mr. Arupjyoti Gohain"
                        }
                    ]
                },
                {
                    "id": "175882.0",
                    "date": "2023-07-02 12:00",
                    "status": "Not Admitted-Fee/PreQual/Technical",
                    "tenderers": [
                        {
                            "id": "mshorizonenterprise",
                            "name": "M/S HORIZON ENTERPRISE"
                        }
                    ]
                },
                {
                    "id": "176024.0",
                    "date": "2023-31-01 23:32",
                    "status": "Not Admitted-Fee/PreQual/Technical",
                    "tenderers": [
                        {
                            "id": "sriuttambaishya",
                            "name": "SRI UTTAM BAISHYA"
                        }
                    ]
                },
                {
                    "id": "175989.0",
                    "date": "2023-01-02 11:27",
                    "status": "Accepted-AOC",
                    "tenderers": [
                        {
                            "id": "kushalkonwar",
                            "name": "KUSHAL KONWAR"
                        }
                    ]
                }
            ]
        }
    ],
    "statistics": [
        {
            "id": "1",
            "value": 5176985.0,
            "currency": "INR",
            "measure": "contractValue"
        }
    ],
    "awards": [
        {
            "id": 1,
            "description": "WORK ALLOTED",
            "value": [
                {
                    "amount": 5176985.0,
                    "currency": "INR"
                }
            ],
            "suppliers": [
                {
                    "id": "kushalkonwar",
                    "name": "KUSHAL KONWAR"
                }
            ],
            "contractPeriod": [
                {
                    "startDate": "2024-04-01",
                    "durationInDays": 180
                }
            ]
        },
        {
            "id": 2,
            "value": [
                {
                    "amount": "5176985",
                    "currency": "INR"
                }
            ]
        }
    ]
}