{
    "ocid": "ocds-f5kvwu-2022_NHM_28056_40",
    "id": "1",
    "date": "2024-11-27",
    "tag": [
        "tender"
    ],
    "initiationType": "tender",
    "parties": [
        {
            "id": "nationalhealthmission",
            "name": "National Health Mission",
            "roles": [
                "buyer"
            ]
        },
        {
            "id": "dilipkumarbora",
            "name": "Dilip Kumar Bora",
            "roles": [
                "tenderer"
            ]
        },
        {
            "id": "msuniqueconstruction",
            "name": "MS Unique Construction",
            "roles": [
                "tenderer",
                "supplier"
            ]
        },
        {
            "id": "nabajyotibaruah",
            "name": "Nabajyoti Baruah",
            "roles": [
                "tenderer"
            ]
        },
        {
            "id": "sauravphukan",
            "name": "SAURAV PHUKAN",
            "roles": [
                "tenderer"
            ]
        },
        {
            "id": "mdnhmassam",
            "name": "MD, NHM, ASSAM",
            "address": [
                {
                    "streetAddress": "O/O MD, NHM, ASSAM, CHRISTANBASTI, GUWAHATI-05"
                }
            ],
            "roles": [
                "procuringEntity"
            ]
        }
    ],
    "buyer": [
        {
            "name": "National Health Mission",
            "id": "nationalhealthmission"
        }
    ],
    "tender": [
        {
            "id": "2022_NHM_28056_40",
            "identifiers": [
                {
                    "id": "NHM-32034/33/2022-CON-NHM/363",
                    "scheme": "external"
                }
            ],
            "title": "Construction of Buildingless Sub Health Centre in Kutayoni SC in Nagaon District under PM ABHIM for the FY 2021 22 under NHM on Turnkey Basis",
            "description": "Construction of Buildingless Sub Health Centre in Kutayoni SC in Nagaon District under PM ABHIM for the FY 2021 22 under NHM on Turnkey Basis",
            "datePublished": "2022-07-12 14:00",
            "contractType": "Tender",
            "submissionTerms": [
                {
                    "allowPreferentialBidder": "No",
                    "allowMultiCurrencyFee": "No",
                    "allowMultiCurrencyBQQ": "No",
                    "bidValidityPeriod": [
                        {
                            "durationInDays": 180
                        }
                    ]
                }
            ],
            "procuringEntity": [
                {
                    "name": "MD, NHM, ASSAM",
                    "id": "mdnhmassam"
                }
            ],
            "items": [
                {
                    "id": "01",
                    "classification": [
                        {
                            "description": "Civil Works - Building"
                        }
                    ],
                    "additionalClassifications": [
                        {
                            "description": "Work Item Details > Subcategory"
                        }
                    ],
                    "deliveryAddresses": [
                        {
                            "postalCode": "782001.0",
                            "streetAddress": "Nagaon"
                        }
                    ]
                }
            ],
            "value": [
                {
                    "amount": 5203000.0,
                    "currency": "INR"
                }
            ],
            "procurementMethod": "Open Tender",
            "mainProcurementCategory": "Turn-key",
            "tenderPeriod": [
                {
                    "startDate": "2022-07-12 14:00",
                    "endDate": "2022-27-12 14:00",
                    "durationInDays": 20
                }
            ],
            "contractPeriod": [
                {
                    "durationInDays": 180
                }
            ],
            "communication": [
                {
                    "id": 1,
                    "documentAvailabilityPeriod": [
                        {
                            "startDate": "2022-07-12 14:00",
                            "endDate": "2022-27-12 14:00"
                        }
                    ]
                }
            ],
            "bidOpening": [
                {
                    "date": "2022-28-12 15:30",
                    "address": [
                        {
                            "streetAddress": "O/O MD, NHM, ASSAM"
                        }
                    ]
                }
            ],
            "participationFees": [
                {
                    "id": "01",
                    "value": [
                        {
                            "amount": 1500.0,
                            "currency": "INR"
                        }
                    ],
                    "description": "Nil"
                }
            ],
            "numberOfTenderers": 6,
            "milestones": [
                {
                    "id": "1",
                    "title": "Published Date",
                    "type": "Pre-procurement milestones",
                    "dueDate": "2022-07-12 14:00"
                },
                {
                    "id": "2",
                    "title": "Document Download / Sale Start Date",
                    "type": "Pre-procurement milestones",
                    "dueDate": "2022-07-12 14:00"
                },
                {
                    "id": "3",
                    "title": "Bid Submission Start Date",
                    "type": "Pre-procurement milestones",
                    "dueDate": "2022-07-12 14:00"
                },
                {
                    "id": "4",
                    "title": "Bid Opening Date",
                    "type": "Pre-procurement milestones",
                    "dueDate": "2022-28-12 15:30"
                },
                {
                    "id": "5",
                    "title": "Document Download / Sale End Date",
                    "type": "Pre-procurement milestones",
                    "dueDate": "2022-27-12 14:00"
                },
                {
                    "id": "6",
                    "title": "Bid Submission End Date",
                    "type": "Pre-procurement milestones",
                    "dueDate": "2022-27-12 14:00"
                },
                {
                    "id": "7",
                    "title": "Financial Bid Opening Date",
                    "type": "Pre-procurement milestones",
                    "dueDate": "2023-01-09 16:35"
                }
            ],
            "fiscalYear": "2022-2023"
        }
    ],
    "bids": [
        {
            "id": 1,
            "details": [
                {
                    "id": "170487.0",
                    "date": "2022-26-12 19:55",
                    "status": "Rejected-Finance",
                    "tenderers": [
                        {
                            "id": "dilipkumarbora",
                            "name": "Dilip Kumar Bora"
                        }
                    ]
                },
                {
                    "id": "170671.0",
                    "date": "2022-26-12 22:20",
                    "status": "Not Admitted-Fee/PreQual/Technical",
                    "tenderers": [
                        {
                            "id": "nabajyotibaruah",
                            "name": "Nabajyoti Baruah"
                        }
                    ]
                },
                {
                    "id": "170682.0",
                    "date": "2022-27-12 12:21",
                    "status": "Rejected-Finance",
                    "tenderers": [
                        {
                            "id": "sauravphukan",
                            "name": "SAURAV PHUKAN"
                        }
                    ]
                },
                {
                    "id": "170658.0",
                    "date": "2022-26-12 20:12",
                    "status": "Accepted-AOC",
                    "tenderers": [
                        {
                            "id": "msuniqueconstruction",
                            "name": "MS Unique Construction"
                        }
                    ]
                }
            ]
        }
    ],
    "statistics": [
        {
            "id": "1",
            "value": 4920000.0,
            "currency": "INR",
            "measure": "contractValue"
        }
    ],
    "awards": [
        {
            "id": 1,
            "description": "AOC",
            "value": [
                {
                    "amount": 4920000.0,
                    "currency": "INR"
                }
            ],
            "suppliers": [
                {
                    "id": "msuniqueconstruction",
                    "name": "MS Unique Construction"
                }
            ],
            "contractPeriod": [
                {
                    "startDate": "2024-17-07",
                    "durationInDays": 180
                }
            ]
        },
        {
            "id": 2,
            "value": [
                {
                    "amount": "4920000",
                    "currency": "INR"
                }
            ]
        }
    ]
}