{
    "ocid": "ocds-f5kvwu-2022_BoTC_28565_1",
    "id": "1",
    "date": "2024-11-27",
    "tag": [
        "tender"
    ],
    "initiationType": "tender",
    "parties": [
        {
            "id": "bodolandterritorialcouncil",
            "name": "Bodoland Territorial Council",
            "roles": [
                "buyer"
            ]
        },
        {
            "id": "paragbasumatary",
            "name": "PARAG BASUMATARY",
            "roles": [
                "tenderer"
            ]
        },
        {
            "id": "pulakchbasumatary",
            "name": "PULAK CH BASUMATARY",
            "roles": [
                "tenderer"
            ]
        },
        {
            "id": "srisanjaymachahary",
            "name": "Sri Sanjay Machahary",
            "roles": [
                "tenderer",
                "supplier"
            ]
        },
        {
            "id": "directorpnrdbtckokrajhar",
            "name": "Director PNRD BTC Kokrajhar",
            "address": [
                {
                    "streetAddress": "Director PNRD BTC Kokrajhar"
                }
            ],
            "roles": [
                "procuringEntity"
            ]
        }
    ],
    "buyer": [
        {
            "name": "Bodoland Territorial Council",
            "id": "bodolandterritorialcouncil"
        }
    ],
    "tender": [
        {
            "id": "2022_BoTC_28565_1",
            "identifiers": [
                {
                    "id": "DPRD/BTC/SOPD/Bak/11/22-23/28",
                    "scheme": "external"
                }
            ],
            "title": "Const of concrete paver road from Sanparia Library house to Bhakru Lahary house under SOPD 2022-23.",
            "description": "DPRD/BTC/SOPD(Baksa)-11/2022-23/28",
            "datePublished": "2022-31-12 10:30",
            "contractType": "Tender",
            "submissionTerms": [
                {
                    "allowPreferentialBidder": "No",
                    "allowMultiCurrencyFee": "No",
                    "allowMultiCurrencyBQQ": "No",
                    "bidValidityPeriod": [
                        {
                            "durationInDays": 180
                        }
                    ]
                }
            ],
            "procuringEntity": [
                {
                    "name": "Director PNRD BTC Kokrajhar",
                    "id": "directorpnrdbtckokrajhar"
                }
            ],
            "items": [
                {
                    "id": "01",
                    "classification": [
                        {
                            "description": "Civil Works"
                        }
                    ],
                    "additionalClassifications": [
                        {
                            "description": "Work Item Details > Subcategory"
                        }
                    ],
                    "deliveryAddresses": [
                        {
                            "postalCode": "781327.0",
                            "streetAddress": "Baksa"
                        }
                    ]
                }
            ],
            "value": [
                {
                    "amount": 4465482.0,
                    "currency": "INR"
                }
            ],
            "procurementMethod": "Open Tender",
            "mainProcurementCategory": "Item Rate",
            "tenderPeriod": [
                {
                    "startDate": "2022-31-12 10:30",
                    "endDate": "2023-24-01 14:30",
                    "durationInDays": 24
                }
            ],
            "enquiryPeriod": [
                {
                    "startDate": "2022-31-12 10:30",
                    "endDate": "2023-24-01 14:00",
                    "durationInDays": 24
                }
            ],
            "contractPeriod": [
                {
                    "durationInDays": 50
                }
            ],
            "communication": [
                {
                    "id": 1,
                    "documentAvailabilityPeriod": [
                        {
                            "startDate": "2022-31-12 10:30",
                            "endDate": "2023-24-01 14:30"
                        }
                    ]
                }
            ],
            "bidOpening": [
                {
                    "date": "2023-25-01 14:30",
                    "address": [
                        {
                            "streetAddress": "Director PNRD BTC Kokrajhar"
                        }
                    ]
                }
            ],
            "participationFees": [
                {
                    "id": "01",
                    "value": [
                        {
                            "amount": 900.0,
                            "currency": "INR"
                        }
                    ],
                    "description": "Nil"
                }
            ],
            "numberOfTenderers": 5,
            "milestones": [
                {
                    "id": "1",
                    "title": "Published Date",
                    "type": "Pre-procurement milestones",
                    "dueDate": "2022-31-12 10:30"
                },
                {
                    "id": "2",
                    "title": "Document Download / Sale Start Date",
                    "type": "Pre-procurement milestones",
                    "dueDate": "2022-31-12 10:30"
                },
                {
                    "id": "3",
                    "title": "Clarification Start Date",
                    "type": "Pre-procurement milestones",
                    "dueDate": "2022-31-12 10:30"
                },
                {
                    "id": "4",
                    "title": "Bid Submission Start Date",
                    "type": "Pre-procurement milestones",
                    "dueDate": "2023-18-01 10:30"
                },
                {
                    "id": "5",
                    "title": "Bid Opening Date",
                    "type": "Pre-procurement milestones",
                    "dueDate": "2023-25-01 14:30"
                },
                {
                    "id": "6",
                    "title": "Document Download / Sale End Date",
                    "type": "Pre-procurement milestones",
                    "dueDate": "2023-24-01 14:30"
                },
                {
                    "id": "7",
                    "title": "Clarification End Date",
                    "type": "Pre-procurement milestones",
                    "dueDate": "2023-24-01 14:00"
                },
                {
                    "id": "8",
                    "title": "Bid Submission End Date",
                    "type": "Pre-procurement milestones",
                    "dueDate": "2023-24-01 14:30"
                },
                {
                    "id": "9",
                    "title": "Financial Bid Opening Date",
                    "type": "Pre-procurement milestones",
                    "dueDate": "2023-08-02 17:35"
                }
            ],
            "fiscalYear": "2022-2023"
        }
    ],
    "bids": [
        {
            "id": 1,
            "details": [
                {
                    "id": "174519.0",
                    "date": "2023-24-01 01:31",
                    "status": "Rejected-Finance",
                    "tenderers": [
                        {
                            "id": "paragbasumatary",
                            "name": "PARAG BASUMATARY"
                        }
                    ]
                },
                {
                    "id": "174514.0",
                    "date": "2023-24-01 01:12",
                    "status": "Not Admitted-Fee/PreQual/Technical",
                    "tenderers": [
                        {
                            "id": "pulakchbasumatary",
                            "name": "PULAK CH BASUMATARY"
                        }
                    ]
                },
                {
                    "id": "174520.0",
                    "date": "2023-24-01 01:06",
                    "status": "Accepted-AOC",
                    "tenderers": [
                        {
                            "id": "srisanjaymachahary",
                            "name": "Sri Sanjay Machahary"
                        }
                    ]
                }
            ]
        }
    ],
    "statistics": [
        {
            "id": "1",
            "value": 4505000.0,
            "currency": "INR",
            "measure": "contractValue"
        }
    ],
    "awards": [
        {
            "id": 1,
            "description": "Const of concrete paver road from Sanparia Library house to Bhakru Lahary house under SOPD 2022-23.",
            "value": [
                {
                    "amount": 4505000.0,
                    "currency": "INR"
                }
            ],
            "suppliers": [
                {
                    "id": "srisanjaymachahary",
                    "name": "Sri Sanjay Machahary"
                }
            ],
            "contractPeriod": [
                {
                    "startDate": "2023-10-02",
                    "durationInDays": 180
                }
            ]
        },
        {
            "id": 2,
            "value": [
                {
                    "amount": "446548801",
                    "currency": "INR"
                }
            ]
        }
    ]
}