{
    "ocid": "ocds-f5kvwu-2022_NHM_28056_55",
    "id": "1",
    "date": "2024-11-27",
    "tag": [
        "tender"
    ],
    "initiationType": "tender",
    "parties": [
        {
            "id": "nationalhealthmission",
            "name": "National Health Mission",
            "roles": [
                "buyer"
            ]
        },
        {
            "id": "kangkandeka",
            "name": "KANGKAN DEKA",
            "roles": [
                "tenderer"
            ]
        },
        {
            "id": "msjandpenterprise",
            "name": "M/S J AND P ENTERPRISE",
            "roles": [
                "tenderer",
                "supplier"
            ]
        },
        {
            "id": "srirajudas",
            "name": "SRI RAJU DAS",
            "roles": [
                "tenderer"
            ]
        },
        {
            "id": "mdnhmassam",
            "name": "MD, NHM, ASSAM",
            "address": [
                {
                    "streetAddress": "O/O MD, NHM, ASSAM, CHRISTANBASTI, GUWAHATI-05"
                }
            ],
            "roles": [
                "procuringEntity"
            ]
        }
    ],
    "buyer": [
        {
            "name": "National Health Mission",
            "id": "nationalhealthmission"
        }
    ],
    "tender": [
        {
            "id": "2022_NHM_28056_55",
            "identifiers": [
                {
                    "id": "NHM-32034/33/2022-CON-NHM/363",
                    "scheme": "external"
                }
            ],
            "title": "Construction of Buildingless Sub Health Centre in GUDHABIL SC in Sivasagar District under PM ABHIM for the FY 2021 22 under NHM on Turnkey Basis",
            "description": "Construction of Buildingless Sub Health Centre in GUDHABIL SC in Sivasagar District under PM ABHIM for the FY 2021 22 under NHM on Turnkey Basis",
            "datePublished": "2022-07-12 18:00",
            "contractType": "Tender",
            "submissionTerms": [
                {
                    "allowPreferentialBidder": "No",
                    "allowMultiCurrencyFee": "No",
                    "allowMultiCurrencyBQQ": "No",
                    "bidValidityPeriod": [
                        {
                            "durationInDays": 180
                        }
                    ]
                }
            ],
            "procuringEntity": [
                {
                    "name": "MD, NHM, ASSAM",
                    "id": "mdnhmassam"
                }
            ],
            "items": [
                {
                    "id": "01",
                    "classification": [
                        {
                            "description": "Civil Works - Building"
                        }
                    ],
                    "additionalClassifications": [
                        {
                            "description": "Work Item Details > Subcategory"
                        }
                    ],
                    "deliveryAddresses": [
                        {
                            "postalCode": "785640.0",
                            "streetAddress": "Sivasagar"
                        }
                    ]
                }
            ],
            "value": [
                {
                    "amount": 5203000.0,
                    "currency": "INR"
                }
            ],
            "procurementMethod": "Open Tender",
            "mainProcurementCategory": "Turn-key",
            "tenderPeriod": [
                {
                    "startDate": "2022-07-12 18:00",
                    "endDate": "2023-04-01 14:00",
                    "durationInDays": 27
                }
            ],
            "contractPeriod": [
                {
                    "durationInDays": 180
                }
            ],
            "communication": [
                {
                    "id": 1,
                    "documentAvailabilityPeriod": [
                        {
                            "startDate": "2022-07-12 18:00",
                            "endDate": "2023-04-01 14:00"
                        }
                    ]
                }
            ],
            "bidOpening": [
                {
                    "date": "2023-05-01 15:30",
                    "address": [
                        {
                            "streetAddress": "O/O MD, NHM, ASSAM"
                        }
                    ]
                }
            ],
            "participationFees": [
                {
                    "id": "01",
                    "value": [
                        {
                            "amount": 1500.0,
                            "currency": "INR"
                        }
                    ],
                    "description": "Nil"
                }
            ],
            "numberOfTenderers": 6,
            "milestones": [
                {
                    "id": "1",
                    "title": "Published Date",
                    "type": "Pre-procurement milestones",
                    "dueDate": "2022-07-12 18:00"
                },
                {
                    "id": "2",
                    "title": "Document Download / Sale Start Date",
                    "type": "Pre-procurement milestones",
                    "dueDate": "2022-07-12 18:00"
                },
                {
                    "id": "3",
                    "title": "Bid Submission Start Date",
                    "type": "Pre-procurement milestones",
                    "dueDate": "2022-07-12 18:00"
                },
                {
                    "id": "4",
                    "title": "Bid Opening Date",
                    "type": "Pre-procurement milestones",
                    "dueDate": "2023-05-01 15:30"
                },
                {
                    "id": "5",
                    "title": "Document Download / Sale End Date",
                    "type": "Pre-procurement milestones",
                    "dueDate": "2023-04-01 14:00"
                },
                {
                    "id": "6",
                    "title": "Bid Submission End Date",
                    "type": "Pre-procurement milestones",
                    "dueDate": "2023-04-01 14:00"
                },
                {
                    "id": "7",
                    "title": "Financial Bid Opening Date",
                    "type": "Pre-procurement milestones",
                    "dueDate": "2023-17-02 12:00"
                }
            ],
            "fiscalYear": "2022-2023"
        }
    ],
    "bids": [
        {
            "id": 1,
            "details": [
                {
                    "id": "171519.0",
                    "date": "2023-04-01 10:54",
                    "status": "Rejected-Technical",
                    "tenderers": [
                        {
                            "id": "kangkandeka",
                            "name": "KANGKAN DEKA"
                        }
                    ]
                },
                {
                    "id": "171541.0",
                    "date": "2023-04-01 11:04",
                    "status": "Rejected-AOC",
                    "tenderers": [
                        {
                            "id": "srirajudas",
                            "name": "SRI RAJU DAS"
                        }
                    ]
                },
                {
                    "id": "171536.0",
                    "date": "2023-04-01 11:22",
                    "status": "Accepted-AOC",
                    "tenderers": [
                        {
                            "id": "msjandpenterprise",
                            "name": "M/S J AND P ENTERPRISE"
                        }
                    ]
                }
            ]
        }
    ],
    "statistics": [
        {
            "id": "1",
            "value": 5203000.0,
            "currency": "INR",
            "measure": "contractValue"
        }
    ],
    "awards": [
        {
            "id": 1,
            "value": [
                {
                    "amount": 5203000.0,
                    "currency": "INR"
                }
            ],
            "suppliers": [
                {
                    "id": "msjandpenterprise",
                    "name": "M/S J AND P ENTERPRISE"
                }
            ],
            "contractPeriod": [
                {
                    "startDate": "2024-06-05",
                    "durationInDays": 180
                }
            ]
        },
        {
            "id": 2,
            "value": [
                {
                    "amount": "5203000",
                    "currency": "INR"
                }
            ]
        }
    ]
}