{
    "ocid": "ocds-f5kvwu-2022_PWBNH_24474_2",
    "id": "1",
    "date": "2024-11-27",
    "tag": [
        "tender"
    ],
    "initiationType": "tender",
    "parties": [
        {
            "id": "publicworksbuildingandnhdepartment",
            "name": "Public Works Building and NH Department",
            "roles": [
                "buyer"
            ]
        },
        {
            "id": "aestheticcreation",
            "name": "AESTHETIC CREATION",
            "roles": [
                "tenderer",
                "supplier"
            ]
        },
        {
            "id": "architectscollaborative",
            "name": "architects collaborative",
            "roles": [
                "tenderer"
            ]
        },
        {
            "id": "msdesignersplenum",
            "name": "MS DESIGNERS PLENUM",
            "roles": [
                "tenderer"
            ]
        },
        {
            "id": "cepwdbldgassamchandmarighy3",
            "name": "CE, PWD (Bldg), Assam, Chandmari, Ghy-3",
            "address": [
                {
                    "streetAddress": "O/O The CE, PWD (Bldg), Assam, Chandmari, Ghy-3"
                }
            ],
            "roles": [
                "procuringEntity"
            ]
        }
    ],
    "buyer": [
        {
            "name": "Public Works Building and NH Department",
            "id": "publicworksbuildingandnhdepartment"
        }
    ],
    "tender": [
        {
            "id": "2022_PWBNH_24474_2",
            "identifiers": [
                {
                    "id": "CE/BLDG/ARC-N/124/2021/02 Dated 10.12.2021",
                    "scheme": "external"
                }
            ],
            "title": "Consultancy services for the works Borsongaon Mini Stadium (dist. Bongaigaon)",
            "description": "Consultancy services for the works Borsongaon Mini Stadium (dist. Bongaigaon)",
            "datePublished": "2022-23-02 15:00",
            "contractType": "Tender",
            "submissionTerms": [
                {
                    "allowPreferentialBidder": "No",
                    "allowMultiCurrencyFee": "No",
                    "allowMultiCurrencyBQQ": "No",
                    "bidValidityPeriod": [
                        {
                            "durationInDays": 180
                        }
                    ]
                }
            ],
            "procuringEntity": [
                {
                    "name": "CE, PWD (Bldg), Assam, Chandmari, Ghy-3",
                    "id": "cepwdbldgassamchandmarighy3"
                }
            ],
            "items": [
                {
                    "id": "01",
                    "classification": [
                        {
                            "description": "Architecture/Interior Design"
                        }
                    ],
                    "additionalClassifications": [
                        {
                            "description": "Work Item Details > Subcategory"
                        }
                    ],
                    "deliveryAddresses": [
                        {
                            "postalCode": "783380.0",
                            "streetAddress": "Bongaigaon"
                        }
                    ]
                }
            ],
            "value": [
                {
                    "amount": 120000000.0,
                    "currency": "INR"
                }
            ],
            "procurementMethod": "Open Tender",
            "mainProcurementCategory": "Item Rate",
            "tenderPeriod": [
                {
                    "startDate": "2022-23-02 15:00",
                    "endDate": "2022-10-03 14:00",
                    "durationInDays": 14
                }
            ],
            "contractPeriod": [
                {
                    "durationInDays": 180
                }
            ],
            "communication": [
                {
                    "id": 1,
                    "documentAvailabilityPeriod": [
                        {
                            "startDate": "2022-23-02 15:00",
                            "endDate": "2022-10-03 14:00"
                        }
                    ]
                }
            ],
            "bidOpening": [
                {
                    "date": "2022-11-03 12:00",
                    "address": [
                        {
                            "streetAddress": "O/O The CE, PWD (Bldg), Assam, Chandmari, Ghy-3"
                        }
                    ]
                }
            ],
            "participationFees": [
                {
                    "id": "01",
                    "value": [
                        {
                            "amount": 1200.0,
                            "currency": "INR"
                        }
                    ],
                    "description": "Assam State Road Board Maintenance (Road) Fund"
                }
            ],
            "numberOfTenderers": 7,
            "milestones": [
                {
                    "id": "1",
                    "title": "Published Date",
                    "type": "Pre-procurement milestones",
                    "dueDate": "2022-23-02 15:00"
                },
                {
                    "id": "2",
                    "title": "Document Download / Sale Start Date",
                    "type": "Pre-procurement milestones",
                    "dueDate": "2022-23-02 15:00"
                },
                {
                    "id": "3",
                    "title": "Bid Submission Start Date",
                    "type": "Pre-procurement milestones",
                    "dueDate": "2022-23-02 15:00"
                },
                {
                    "id": "4",
                    "title": "Bid Opening Date",
                    "type": "Pre-procurement milestones",
                    "dueDate": "2022-11-03 12:00"
                },
                {
                    "id": "5",
                    "title": "Document Download / Sale End Date",
                    "type": "Pre-procurement milestones",
                    "dueDate": "2022-10-03 14:00"
                },
                {
                    "id": "6",
                    "title": "Bid Submission End Date",
                    "type": "Pre-procurement milestones",
                    "dueDate": "2022-10-03 14:00"
                },
                {
                    "id": "7",
                    "title": "Financial Bid Opening Date",
                    "type": "Pre-procurement milestones",
                    "dueDate": "2022-13-05 17:40"
                }
            ],
            "fiscalYear": "2021-2022"
        }
    ],
    "bids": [
        {
            "id": 1,
            "details": [
                {
                    "id": "137608.0",
                    "date": "2022-10-03 09:55",
                    "status": "Rejected-AOC",
                    "tenderers": [
                        {
                            "id": "architectscollaborative",
                            "name": "architects collaborative"
                        }
                    ]
                },
                {
                    "id": "137366.0",
                    "date": "2022-09-03 21:23",
                    "status": "Rejected-AOC",
                    "tenderers": [
                        {
                            "id": "msdesignersplenum",
                            "name": "MS DESIGNERS PLENUM"
                        }
                    ]
                },
                {
                    "id": "137151.0",
                    "date": "2022-09-03 19:06",
                    "status": "Accepted-AOC",
                    "tenderers": [
                        {
                            "id": "aestheticcreation",
                            "name": "AESTHETIC CREATION"
                        }
                    ]
                }
            ]
        }
    ],
    "statistics": [
        {
            "id": "1",
            "value": 120000000.0,
            "currency": "INR",
            "measure": "contractValue"
        }
    ],
    "awards": [
        {
            "id": 1,
            "value": [
                {
                    "amount": 120000000.0,
                    "currency": "INR"
                }
            ],
            "suppliers": [
                {
                    "id": "aestheticcreation",
                    "name": "AESTHETIC CREATION"
                }
            ],
            "contractPeriod": [
                {
                    "startDate": "2024-27-03",
                    "durationInDays": 180
                }
            ]
        },
        {
            "id": 2,
            "value": [
                {
                    "amount": "3260000",
                    "currency": "INR"
                }
            ]
        }
    ]
}