{
    "ocid": "ocds-f5kvwu-2022_NHM_28421_103",
    "id": "1",
    "date": "2024-11-27",
    "tag": [
        "tender"
    ],
    "initiationType": "tender",
    "parties": [
        {
            "id": "nationalhealthmission",
            "name": "National Health Mission",
            "roles": [
                "buyer"
            ]
        },
        {
            "id": "abdulwahabkhan",
            "name": "ABDUL WAHAB KHAN",
            "roles": [
                "tenderer"
            ]
        },
        {
            "id": "baharulislammozumder",
            "name": "BAHARUL ISLAM MOZUMDER",
            "roles": [
                "tenderer"
            ]
        },
        {
            "id": "msakenterprise",
            "name": "M/S A K ENTERPRISE",
            "roles": [
                "tenderer",
                "supplier"
            ]
        },
        {
            "id": "mstmenterprise",
            "name": "M/S T.M. ENTERPRISE",
            "roles": [
                "tenderer"
            ]
        },
        {
            "id": "saharali",
            "name": "SAHAR ALI",
            "roles": [
                "tenderer"
            ]
        },
        {
            "id": "suhelahmed",
            "name": "SUHEL AHMED",
            "roles": [
                "tenderer"
            ]
        },
        {
            "id": "taherahmedsiddiquey",
            "name": "Taher Ahmed Siddiquey",
            "roles": [
                "tenderer"
            ]
        },
        {
            "id": "mdnhmassam",
            "name": "MD, NHM, ASSAM",
            "address": [
                {
                    "streetAddress": "O/o MD, NHM, ASSAM, CHRISTANBASTI, GUWAHATI-05"
                }
            ],
            "roles": [
                "procuringEntity"
            ]
        }
    ],
    "buyer": [
        {
            "name": "National Health Mission",
            "id": "nationalhealthmission"
        }
    ],
    "tender": [
        {
            "id": "2022_NHM_28421_103",
            "identifiers": [
                {
                    "id": "NHM-32023/11/2022-CONS-NHM/95",
                    "scheme": "external"
                }
            ],
            "title": "Construction of Buildingless Sub Health Centre in Nirala SC at Karimganj District for FY 2022 23 under PM ABHIM on Turnkey Basis",
            "description": "Construction of Buildingless Sub Health Centre in Nirala SC at Karimganj District for FY 2022 23 under PM ABHIM on Turnkey Basis",
            "datePublished": "2022-26-12 18:55",
            "contractType": "Tender",
            "submissionTerms": [
                {
                    "allowPreferentialBidder": "No",
                    "allowMultiCurrencyFee": "No",
                    "allowMultiCurrencyBQQ": "No",
                    "bidValidityPeriod": [
                        {
                            "durationInDays": 180
                        }
                    ]
                }
            ],
            "procuringEntity": [
                {
                    "name": "MD, NHM, ASSAM",
                    "id": "mdnhmassam"
                }
            ],
            "items": [
                {
                    "id": "01",
                    "classification": [
                        {
                            "description": "Civil Works - Building"
                        }
                    ],
                    "additionalClassifications": [
                        {
                            "description": "Work Item Details > Subcategory"
                        }
                    ],
                    "deliveryAddresses": [
                        {
                            "postalCode": "788710.0",
                            "streetAddress": "Karimganj"
                        }
                    ]
                }
            ],
            "value": [
                {
                    "amount": 5203000.0,
                    "currency": "INR"
                }
            ],
            "procurementMethod": "Open Tender",
            "mainProcurementCategory": "Turn-key",
            "tenderPeriod": [
                {
                    "startDate": "2022-26-12 18:55",
                    "endDate": "2023-11-01 14:00",
                    "durationInDays": 15
                }
            ],
            "contractPeriod": [
                {
                    "durationInDays": 180
                }
            ],
            "communication": [
                {
                    "id": 1,
                    "documentAvailabilityPeriod": [
                        {
                            "startDate": "2022-26-12 18:55",
                            "endDate": "2023-11-01 14:00"
                        }
                    ]
                }
            ],
            "bidOpening": [
                {
                    "date": "2023-12-01 15:30",
                    "address": [
                        {
                            "streetAddress": "O/o MD, NHM, ASSAM"
                        }
                    ]
                }
            ],
            "participationFees": [
                {
                    "id": "01",
                    "value": [
                        {
                            "amount": 1500.0,
                            "currency": "INR"
                        }
                    ],
                    "description": "Nil"
                }
            ],
            "numberOfTenderers": 8,
            "milestones": [
                {
                    "id": "1",
                    "title": "Published Date",
                    "type": "Pre-procurement milestones",
                    "dueDate": "2022-26-12 18:55"
                },
                {
                    "id": "2",
                    "title": "Document Download / Sale Start Date",
                    "type": "Pre-procurement milestones",
                    "dueDate": "2022-26-12 18:55"
                },
                {
                    "id": "3",
                    "title": "Bid Submission Start Date",
                    "type": "Pre-procurement milestones",
                    "dueDate": "2022-26-12 18:55"
                },
                {
                    "id": "4",
                    "title": "Bid Opening Date",
                    "type": "Pre-procurement milestones",
                    "dueDate": "2023-12-01 15:30"
                },
                {
                    "id": "5",
                    "title": "Document Download / Sale End Date",
                    "type": "Pre-procurement milestones",
                    "dueDate": "2023-11-01 14:00"
                },
                {
                    "id": "6",
                    "title": "Bid Submission End Date",
                    "type": "Pre-procurement milestones",
                    "dueDate": "2023-11-01 14:00"
                },
                {
                    "id": "7",
                    "title": "Financial Bid Opening Date",
                    "type": "Pre-procurement milestones",
                    "dueDate": "2023-31-03 13:25"
                }
            ],
            "fiscalYear": "2022-2023"
        }
    ],
    "bids": [
        {
            "id": 1,
            "details": [
                {
                    "id": "171289.0",
                    "date": "2023-11-01 12:12",
                    "status": "Rejected-Technical",
                    "tenderers": [
                        {
                            "id": "abdulwahabkhan",
                            "name": "ABDUL WAHAB KHAN"
                        }
                    ]
                },
                {
                    "id": "172244.0",
                    "date": "2023-10-01 16:26",
                    "status": "Rejected-Finance",
                    "tenderers": [
                        {
                            "id": "baharulislammozumder",
                            "name": "BAHARUL ISLAM MOZUMDER"
                        }
                    ]
                },
                {
                    "id": "172388.0",
                    "date": "2023-10-01 14:29",
                    "status": "Rejected-Finance",
                    "tenderers": [
                        {
                            "id": "mstmenterprise",
                            "name": "M/S T.M. ENTERPRISE"
                        }
                    ]
                },
                {
                    "id": "172358.0",
                    "date": "2023-09-01 22:59",
                    "status": "Not Admitted-Fee/PreQual/Technical",
                    "tenderers": [
                        {
                            "id": "saharali",
                            "name": "SAHAR ALI"
                        }
                    ]
                },
                {
                    "id": "172333.0",
                    "date": "2023-10-01 12:50",
                    "status": "Rejected-Technical",
                    "tenderers": [
                        {
                            "id": "suhelahmed",
                            "name": "SUHEL AHMED"
                        }
                    ]
                },
                {
                    "id": "172210.0",
                    "date": "2023-11-01 01:46",
                    "status": "Rejected-Technical",
                    "tenderers": [
                        {
                            "id": "taherahmedsiddiquey",
                            "name": "Taher Ahmed Siddiquey"
                        }
                    ]
                },
                {
                    "id": "172363.0",
                    "date": "2023-10-01 21:48",
                    "status": "Accepted-AOC",
                    "tenderers": [
                        {
                            "id": "msakenterprise",
                            "name": "M/S A K ENTERPRISE"
                        }
                    ]
                }
            ]
        }
    ],
    "statistics": [
        {
            "id": "1",
            "value": 4500595.0,
            "currency": "INR",
            "measure": "contractValue"
        }
    ],
    "awards": [
        {
            "id": 1,
            "value": [
                {
                    "amount": 4500595.0,
                    "currency": "INR"
                }
            ],
            "suppliers": [
                {
                    "id": "msakenterprise",
                    "name": "M/S A K ENTERPRISE"
                }
            ],
            "contractPeriod": [
                {
                    "startDate": "2024-03-08",
                    "durationInDays": 180
                }
            ]
        },
        {
            "id": 2,
            "value": [
                {
                    "amount": "4500595",
                    "currency": "INR"
                }
            ]
        }
    ]
}