{
    "ocid": "ocds-f5kvwu-2022_ICD_24373_1",
    "id": "1",
    "date": "2024-11-27",
    "tag": [
        "tender"
    ],
    "initiationType": "tender",
    "parties": [
        {
            "id": "industriesandcommercedepartment",
            "name": "Industries and Commerce Department",
            "roles": [
                "buyer"
            ]
        },
        {
            "id": "everestkantocylinderltd",
            "name": "Everest Kanto Cylinder Ltd",
            "roles": [
                "tenderer"
            ]
        },
        {
            "id": "gasorexsrenergypvtltd",
            "name": "GASOREX SR ENERGY PVT. LTD.",
            "roles": [
                "tenderer",
                "supplier"
            ]
        },
        {
            "id": "jiolatautogasindustries",
            "name": "Jiolat Auto Gas Industries",
            "roles": [
                "tenderer"
            ]
        },
        {
            "id": "adityakumar",
            "name": "ADITYA KUMAR",
            "address": [
                {
                    "streetAddress": "ASSAM GAS COMPANY LTD, AGCL CAMPUS, DULIAJAN"
                }
            ],
            "roles": [
                "procuringEntity"
            ]
        }
    ],
    "buyer": [
        {
            "name": "Industries and Commerce Department",
            "id": "industriesandcommercedepartment"
        }
    ],
    "tender": [
        {
            "id": "2022_ICD_24373_1",
            "identifiers": [
                {
                    "id": "AGCL/CNG/RB/CAS/2021/29/3",
                    "scheme": "external"
                }
            ],
            "title": "CNG CASCADE",
            "description": "CNG CASCADE",
            "datePublished": "2022-16-02 17:30",
            "contractType": "Tender",
            "submissionTerms": [
                {
                    "allowPreferentialBidder": "No",
                    "allowMultiCurrencyFee": "No",
                    "allowMultiCurrencyBQQ": "No",
                    "bidValidityPeriod": [
                        {
                            "durationInDays": 180
                        }
                    ]
                }
            ],
            "procuringEntity": [
                {
                    "name": "ADITYA KUMAR",
                    "id": "adityakumar"
                }
            ],
            "items": [
                {
                    "id": "01",
                    "classification": [
                        {
                            "description": "Mechanical Engg Items"
                        }
                    ],
                    "additionalClassifications": [
                        {
                            "description": "Work Item Details > Subcategory"
                        }
                    ],
                    "deliveryAddresses": [
                        {
                            "postalCode": "786602.0",
                            "streetAddress": "Duliajan"
                        }
                    ]
                }
            ],
            "procurementMethod": "Limited",
            "mainProcurementCategory": "Buy",
            "tenderPeriod": [
                {
                    "startDate": "2022-16-02 17:30",
                    "endDate": "2022-23-02 14:30",
                    "durationInDays": 6
                }
            ],
            "contractPeriod": [
                {
                    "durationInDays": 60
                }
            ],
            "communication": [
                {
                    "id": 1,
                    "documentAvailabilityPeriod": [
                        {
                            "startDate": "2022-16-02 17:45",
                            "endDate": "2022-23-02 14:30"
                        }
                    ]
                }
            ],
            "bidOpening": [
                {
                    "date": "2022-23-02 15:00",
                    "address": [
                        {
                            "streetAddress": "AGCL HEAD OFFICE, DULIAJN"
                        }
                    ]
                }
            ],
            "participationFees": [
                {
                    "id": "01",
                    "value": [
                        {
                            "amount": 4000.0,
                            "currency": "INR"
                        }
                    ],
                    "description": "ASSAM GAS COMPANY LIMITED"
                }
            ],
            "numberOfTenderers": 4,
            "milestones": [
                {
                    "id": "1",
                    "title": "Published Date",
                    "type": "Pre-procurement milestones",
                    "dueDate": "2022-16-02 17:30"
                },
                {
                    "id": "2",
                    "title": "Document Download / Sale Start Date",
                    "type": "Pre-procurement milestones",
                    "dueDate": "2022-16-02 17:45"
                },
                {
                    "id": "3",
                    "title": "Bid Submission Start Date",
                    "type": "Pre-procurement milestones",
                    "dueDate": "2022-16-02 17:45"
                },
                {
                    "id": "4",
                    "title": "Bid Opening Date",
                    "type": "Pre-procurement milestones",
                    "dueDate": "2022-23-02 15:00"
                },
                {
                    "id": "5",
                    "title": "Document Download / Sale End Date",
                    "type": "Pre-procurement milestones",
                    "dueDate": "2022-23-02 14:30"
                },
                {
                    "id": "6",
                    "title": "Bid Submission End Date",
                    "type": "Pre-procurement milestones",
                    "dueDate": "2022-23-02 14:30"
                },
                {
                    "id": "7",
                    "title": "Financial Bid Opening Date",
                    "type": "Pre-procurement milestones",
                    "dueDate": "2022-25-02 09:00"
                }
            ],
            "fiscalYear": "2021-2022"
        }
    ],
    "bids": [
        {
            "id": 1,
            "details": [
                {
                    "id": "133103.0",
                    "date": "2022-21-02 15:00",
                    "status": "Rejected-Technical",
                    "tenderers": [
                        {
                            "id": "everestkantocylinderltd",
                            "name": "Everest Kanto Cylinder Ltd"
                        }
                    ]
                },
                {
                    "id": "132997.0",
                    "date": "2022-23-02 11:18",
                    "status": "Rejected-Finance",
                    "tenderers": [
                        {
                            "id": "jiolatautogasindustries",
                            "name": "Jiolat Auto Gas Industries"
                        }
                    ]
                },
                {
                    "id": "133217.0",
                    "date": "2022-23-02 11:37",
                    "status": "Accepted-AOC",
                    "tenderers": [
                        {
                            "id": "gasorexsrenergypvtltd",
                            "name": "GASOREX SR ENERGY PVT. LTD."
                        }
                    ]
                }
            ]
        }
    ],
    "statistics": [
        {
            "id": "1",
            "value": 14760000.0,
            "currency": "INR",
            "measure": "contractValue"
        }
    ],
    "awards": [
        {
            "id": 1,
            "description": "The tender has been awarded to M/s GASOREX SR ENERGY PRIVATE LIMITED for amount of Rs. 1,47,60,000.00 only inclusive of freight but exclusive of GST",
            "value": [
                {
                    "amount": 14760000.0,
                    "currency": "INR"
                }
            ],
            "suppliers": [
                {
                    "id": "gasorexsrenergypvtltd",
                    "name": "GASOREX SR ENERGY PVT. LTD."
                }
            ],
            "contractPeriod": [
                {
                    "startDate": "2024-11-06",
                    "durationInDays": 60
                }
            ]
        },
        {
            "id": 2,
            "value": [
                {
                    "amount": "14760000",
                    "currency": "INR"
                }
            ]
        }
    ]
}