{
    "ocid": "ocds-f5kvwu-2022_NHM_28018_16",
    "id": "1",
    "date": "2024-11-27",
    "tag": [
        "tender"
    ],
    "initiationType": "tender",
    "parties": [
        {
            "id": "nationalhealthmission",
            "name": "National Health Mission",
            "roles": [
                "buyer"
            ]
        },
        {
            "id": "arupjyotimajumdar",
            "name": "ARUP JYOTI MAJUMDAR",
            "roles": [
                "tenderer",
                "supplier"
            ]
        },
        {
            "id": "bikramsingpegu",
            "name": "BIKRAM SING PEGU",
            "roles": [
                "tenderer"
            ]
        },
        {
            "id": "mkenterprise",
            "name": "M.K. Enterprise",
            "roles": [
                "tenderer"
            ]
        },
        {
            "id": "mslakhinenerprise",
            "name": "M/s Lakhi nEnerprise",
            "roles": [
                "tenderer"
            ]
        },
        {
            "id": "prafulladoley",
            "name": "PRAFULLA DOLEY",
            "roles": [
                "tenderer"
            ]
        },
        {
            "id": "surajitsaha",
            "name": "SURAJIT SAHA",
            "roles": [
                "tenderer"
            ]
        },
        {
            "id": "missiondirectornhmassam",
            "name": "Mission Director NHM Assam",
            "address": [
                {
                    "streetAddress": "O/o Mission Director,NHM,Assam,Christanbasti,Ghy-5"
                }
            ],
            "roles": [
                "procuringEntity"
            ]
        }
    ],
    "buyer": [
        {
            "name": "National Health Mission",
            "id": "nationalhealthmission"
        }
    ],
    "tender": [
        {
            "id": "2022_NHM_28018_16",
            "identifiers": [
                {
                    "id": "NHM 32031 4 2021 Construction NHM Part 34 62",
                    "scheme": "external"
                }
            ],
            "title": "Establishment of Proposed 6 bedded ward at various SHCs n PHCs of Assam under ECRP II NHM Assam Group 16 5 nos scheme in Barpeta district",
            "description": "Establishment of Proposed 6 bedded ward at various SHCs n PHCs of Assam under ECRP II NHM Assam Group 16 5 nos scheme in Barpeta district",
            "datePublished": "2022-05-12 09:00",
            "contractType": "Tender",
            "submissionTerms": [
                {
                    "allowPreferentialBidder": "No",
                    "allowMultiCurrencyFee": "No",
                    "allowMultiCurrencyBQQ": "No",
                    "bidValidityPeriod": [
                        {
                            "durationInDays": 180
                        }
                    ]
                }
            ],
            "procuringEntity": [
                {
                    "name": "Mission Director NHM Assam",
                    "id": "missiondirectornhmassam"
                }
            ],
            "items": [
                {
                    "id": "01",
                    "classification": [
                        {
                            "description": "Civil Works - Bridges"
                        }
                    ],
                    "additionalClassifications": [
                        {
                            "description": "Work Item Details > Subcategory"
                        }
                    ],
                    "deliveryAddresses": [
                        {
                            "postalCode": "781301.0",
                            "streetAddress": "Barpeta District"
                        }
                    ]
                }
            ],
            "value": [
                {
                    "amount": 5799785.0,
                    "currency": "INR"
                }
            ],
            "procurementMethod": "Open Tender",
            "mainProcurementCategory": "Turn-key",
            "tenderPeriod": [
                {
                    "startDate": "2022-05-12 09:00",
                    "endDate": "2022-29-12 14:00",
                    "durationInDays": 24
                }
            ],
            "contractPeriod": [
                {
                    "durationInDays": 120
                }
            ],
            "communication": [
                {
                    "id": 1,
                    "documentAvailabilityPeriod": [
                        {
                            "startDate": "2022-05-12 09:00",
                            "endDate": "2022-29-12 14:00"
                        }
                    ]
                }
            ],
            "bidOpening": [
                {
                    "date": "2022-30-12 15:30",
                    "address": [
                        {
                            "streetAddress": "O/o Mission Director,NHM,Assam,Christanbasti,Ghy-5"
                        }
                    ]
                }
            ],
            "participationFees": [
                {
                    "id": "01",
                    "value": [
                        {
                            "amount": 1150.0,
                            "currency": "INR"
                        }
                    ],
                    "description": "Nil"
                }
            ],
            "numberOfTenderers": 7,
            "milestones": [
                {
                    "id": "1",
                    "title": "Published Date",
                    "type": "Pre-procurement milestones",
                    "dueDate": "2022-05-12 09:00"
                },
                {
                    "id": "2",
                    "title": "Document Download / Sale Start Date",
                    "type": "Pre-procurement milestones",
                    "dueDate": "2022-05-12 09:00"
                },
                {
                    "id": "3",
                    "title": "Bid Submission Start Date",
                    "type": "Pre-procurement milestones",
                    "dueDate": "2022-05-12 09:10"
                },
                {
                    "id": "4",
                    "title": "Bid Opening Date",
                    "type": "Pre-procurement milestones",
                    "dueDate": "2022-30-12 15:30"
                },
                {
                    "id": "5",
                    "title": "Document Download / Sale End Date",
                    "type": "Pre-procurement milestones",
                    "dueDate": "2022-29-12 14:00"
                },
                {
                    "id": "6",
                    "title": "Bid Submission End Date",
                    "type": "Pre-procurement milestones",
                    "dueDate": "2022-29-12 14:00"
                },
                {
                    "id": "7",
                    "title": "Financial Bid Opening Date",
                    "type": "Pre-procurement milestones",
                    "dueDate": "2023-14-12 09:00"
                }
            ],
            "fiscalYear": "2022-2023"
        }
    ],
    "bids": [
        {
            "id": 1,
            "details": [
                {
                    "id": "171031.0",
                    "date": "2022-29-12 03:02",
                    "status": "Rejected-Technical",
                    "tenderers": [
                        {
                            "id": "bikramsingpegu",
                            "name": "BIKRAM SING PEGU"
                        }
                    ]
                },
                {
                    "id": "170967.0",
                    "date": "2022-29-12 12:34",
                    "status": "Not Admitted-Fee/PreQual/Technical",
                    "tenderers": [
                        {
                            "id": "mkenterprise",
                            "name": "M.K. Enterprise"
                        }
                    ]
                },
                {
                    "id": "171010.0",
                    "date": "2022-28-12 22:08",
                    "status": "Not Admitted-Fee/PreQual/Technical",
                    "tenderers": [
                        {
                            "id": "mslakhinenerprise",
                            "name": "M/s Lakhi nEnerprise"
                        }
                    ]
                },
                {
                    "id": "171024.0",
                    "date": "2022-29-12 01:29",
                    "status": "Rejected-Finance",
                    "tenderers": [
                        {
                            "id": "prafulladoley",
                            "name": "PRAFULLA DOLEY"
                        }
                    ]
                },
                {
                    "id": "171054.0",
                    "date": "2022-29-12 11:48",
                    "status": "Not Admitted-Fee/PreQual/Technical",
                    "tenderers": [
                        {
                            "id": "surajitsaha",
                            "name": "SURAJIT SAHA"
                        }
                    ]
                },
                {
                    "id": "171004.0",
                    "date": "2022-28-12 22:41",
                    "status": "Accepted-AOC",
                    "tenderers": [
                        {
                            "id": "arupjyotimajumdar",
                            "name": "ARUP JYOTI MAJUMDAR"
                        }
                    ]
                }
            ]
        }
    ],
    "statistics": [
        {
            "id": "1",
            "value": 5799785.0,
            "currency": "INR",
            "measure": "contractValue"
        }
    ],
    "awards": [
        {
            "id": 1,
            "description": "AOC",
            "value": [
                {
                    "amount": 5799785.0,
                    "currency": "INR"
                }
            ],
            "suppliers": [
                {
                    "id": "arupjyotimajumdar",
                    "name": "ARUP JYOTI MAJUMDAR"
                }
            ],
            "contractPeriod": [
                {
                    "startDate": "2024-18-03",
                    "durationInDays": 120
                }
            ]
        },
        {
            "id": 2,
            "value": [
                {
                    "amount": "5799785",
                    "currency": "INR"
                }
            ]
        }
    ]
}