{
    "ocid": "ocds-f5kvwu-2022_NHM_28534_25",
    "id": "1",
    "date": "2024-11-27",
    "tag": [
        "tender"
    ],
    "initiationType": "tender",
    "parties": [
        {
            "id": "nationalhealthmission",
            "name": "National Health Mission",
            "roles": [
                "buyer"
            ]
        },
        {
            "id": "dipakkalita",
            "name": "DIPAK KALITA",
            "roles": [
                "tenderer"
            ]
        },
        {
            "id": "modulartoolsandequipments",
            "name": "MODULAR TOOLS AND EQUIPMENTS",
            "roles": [
                "tenderer"
            ]
        },
        {
            "id": "msnihaindustries",
            "name": "M/S NIHA INDUSTRIES",
            "roles": [
                "tenderer"
            ]
        },
        {
            "id": "sribubulkonwar",
            "name": "SRI BUBUL KONWAR",
            "roles": [
                "tenderer"
            ]
        },
        {
            "id": "sriparthapratimphukan",
            "name": "Sri Partha Pratim Phukan",
            "roles": [
                "tenderer",
                "supplier"
            ]
        },
        {
            "id": "sriuttambaishya",
            "name": "SRI UTTAM BAISHYA",
            "roles": [
                "tenderer"
            ]
        },
        {
            "id": "mdnhmassam",
            "name": "MD, NHM, Assam",
            "address": [
                {
                    "streetAddress": "O/o MD, NHM, Assam, Christanbasti, Guwahati-05"
                }
            ],
            "roles": [
                "procuringEntity"
            ]
        }
    ],
    "buyer": [
        {
            "name": "National Health Mission",
            "id": "nationalhealthmission"
        }
    ],
    "tender": [
        {
            "id": "2022_NHM_28534_25",
            "identifiers": [
                {
                    "id": "NHM-32023/11/2022-CONS-NHM/88",
                    "scheme": "external"
                }
            ],
            "title": "Construction of Buildingless Sub Health Centre at DOIGRUNG SC in Golaghat District for FY 2021 22 under PM ABHIM on Turnkey basis",
            "description": "Construction of Buildingless Sub Health Centre at DOIGRUNG SC in Golaghat District for FY 2021 22 under PM ABHIM on Turnkey basis",
            "datePublished": "2022-29-12 18:55",
            "contractType": "Tender",
            "submissionTerms": [
                {
                    "allowPreferentialBidder": "No",
                    "allowMultiCurrencyFee": "No",
                    "allowMultiCurrencyBQQ": "No",
                    "bidValidityPeriod": [
                        {
                            "durationInDays": 180
                        }
                    ]
                }
            ],
            "procuringEntity": [
                {
                    "name": "MD, NHM, Assam",
                    "id": "mdnhmassam"
                }
            ],
            "items": [
                {
                    "id": "01",
                    "classification": [
                        {
                            "description": "Civil Works - Building"
                        }
                    ],
                    "additionalClassifications": [
                        {
                            "description": "Work Item Details > Subcategory"
                        }
                    ],
                    "deliveryAddresses": [
                        {
                            "postalCode": "785621.0",
                            "streetAddress": "Golaghat"
                        }
                    ]
                }
            ],
            "value": [
                {
                    "amount": 5203000.0,
                    "currency": "INR"
                }
            ],
            "procurementMethod": "Open Tender",
            "mainProcurementCategory": "Turn-key",
            "tenderPeriod": [
                {
                    "startDate": "2022-29-12 18:55",
                    "endDate": "2023-07-02 14:00",
                    "durationInDays": 39
                }
            ],
            "contractPeriod": [
                {
                    "durationInDays": 180
                }
            ],
            "communication": [
                {
                    "id": 1,
                    "documentAvailabilityPeriod": [
                        {
                            "startDate": "2022-29-12 18:55",
                            "endDate": "2023-07-02 14:00"
                        }
                    ]
                }
            ],
            "bidOpening": [
                {
                    "date": "2023-08-02 15:30",
                    "address": [
                        {
                            "streetAddress": "O/o MD, NHM, Assam"
                        }
                    ]
                }
            ],
            "participationFees": [
                {
                    "id": "01",
                    "value": [
                        {
                            "amount": 1500.0,
                            "currency": "INR"
                        }
                    ],
                    "description": "Nil"
                }
            ],
            "numberOfTenderers": 7,
            "milestones": [
                {
                    "id": "1",
                    "title": "Published Date",
                    "type": "Pre-procurement milestones",
                    "dueDate": "2022-29-12 18:55"
                },
                {
                    "id": "2",
                    "title": "Document Download / Sale Start Date",
                    "type": "Pre-procurement milestones",
                    "dueDate": "2022-29-12 18:55"
                },
                {
                    "id": "3",
                    "title": "Bid Submission Start Date",
                    "type": "Pre-procurement milestones",
                    "dueDate": "2022-29-12 18:55"
                },
                {
                    "id": "4",
                    "title": "Bid Opening Date",
                    "type": "Pre-procurement milestones",
                    "dueDate": "2023-08-02 15:30"
                },
                {
                    "id": "5",
                    "title": "Document Download / Sale End Date",
                    "type": "Pre-procurement milestones",
                    "dueDate": "2023-07-02 14:00"
                },
                {
                    "id": "6",
                    "title": "Bid Submission End Date",
                    "type": "Pre-procurement milestones",
                    "dueDate": "2023-07-02 14:00"
                },
                {
                    "id": "7",
                    "title": "Financial Bid Opening Date",
                    "type": "Pre-procurement milestones",
                    "dueDate": "2023-04-07 09:00"
                }
            ],
            "fiscalYear": "2022-2023"
        }
    ],
    "bids": [
        {
            "id": 1,
            "details": [
                {
                    "id": "175878.0",
                    "date": "2023-30-01 17:53",
                    "status": "Not Admitted-Fee/PreQual/Technical",
                    "tenderers": [
                        {
                            "id": "dipakkalita",
                            "name": "DIPAK KALITA"
                        }
                    ]
                },
                {
                    "id": "175877.0",
                    "date": "2023-30-01 17:43",
                    "status": "Rejected-Finance",
                    "tenderers": [
                        {
                            "id": "modulartoolsandequipments",
                            "name": "MODULAR TOOLS AND EQUIPMENTS"
                        }
                    ]
                },
                {
                    "id": "175880.0",
                    "date": "2023-31-01 13:28",
                    "status": "Not Admitted-Fee/PreQual/Technical",
                    "tenderers": [
                        {
                            "id": "msnihaindustries",
                            "name": "M/S NIHA INDUSTRIES"
                        }
                    ]
                },
                {
                    "id": "176143.0",
                    "date": "2023-01-02 08:41",
                    "status": "Not Admitted-Fee/PreQual/Technical",
                    "tenderers": [
                        {
                            "id": "sribubulkonwar",
                            "name": "SRI BUBUL KONWAR"
                        }
                    ]
                },
                {
                    "id": "176100.0",
                    "date": "2023-01-02 01:49",
                    "status": "Rejected-Finance",
                    "tenderers": [
                        {
                            "id": "sriuttambaishya",
                            "name": "SRI UTTAM BAISHYA"
                        }
                    ]
                },
                {
                    "id": "176136.0",
                    "date": "2023-07-02 13:15",
                    "status": "Accepted-AOC",
                    "tenderers": [
                        {
                            "id": "sriparthapratimphukan",
                            "name": "Sri Partha Pratim Phukan"
                        }
                    ]
                }
            ]
        }
    ],
    "statistics": [
        {
            "id": "1",
            "value": 4916315.0,
            "currency": "INR",
            "measure": "contractValue"
        }
    ],
    "awards": [
        {
            "id": 1,
            "description": "AOC",
            "value": [
                {
                    "amount": 4916315.0,
                    "currency": "INR"
                }
            ],
            "suppliers": [
                {
                    "id": "sriparthapratimphukan",
                    "name": "Sri Partha Pratim Phukan"
                }
            ],
            "contractPeriod": [
                {
                    "startDate": "2024-19-01",
                    "durationInDays": 180
                }
            ]
        },
        {
            "id": 2,
            "value": [
                {
                    "amount": "4916315",
                    "currency": "INR"
                }
            ]
        }
    ]
}