{
    "ocid": "ocds-f5kvwu-2022_TDEP_24859_1",
    "id": "1",
    "date": "2024-11-27",
    "tag": [
        "tender"
    ],
    "initiationType": "tender",
    "parties": [
        {
            "id": "transportdepartmentexternallyfundedprojects",
            "name": "Transport Department- Externally Funded Projects",
            "roles": [
                "buyer"
            ]
        },
        {
            "id": "egisindiaconsultingengineerspvtltd",
            "name": "Egis India Consulting Engineers Pvt Ltd",
            "roles": [
                "tenderer"
            ]
        },
        {
            "id": "ernstyoungllp",
            "name": "Ernst & Young LLP",
            "roles": [
                "tenderer"
            ]
        },
        {
            "id": "nangiacollp",
            "name": "Nangia & Co LLP",
            "roles": [
                "tenderer"
            ]
        },
        {
            "id": "voyantssolutionsprivatelimited",
            "name": "Voyants Solutions Private Limited",
            "roles": [
                "tenderer",
                "supplier"
            ]
        },
        {
            "id": "stateprojectdirectoraiwtds",
            "name": "State Project Director, AIWTDS",
            "address": [
                {
                    "streetAddress": "Assam IWTD Society, Ulubari, Guwahati-7"
                }
            ],
            "roles": [
                "procuringEntity"
            ]
        }
    ],
    "buyer": [
        {
            "name": "Transport Department- Externally Funded Projects",
            "id": "transportdepartmentexternallyfundedprojects"
        }
    ],
    "tender": [
        {
            "id": "2022_TDEP_24859_1",
            "identifiers": [
                {
                    "id": "IN-IWT-272430-CS-QCBS (RF)",
                    "scheme": "external"
                }
            ],
            "title": "Selection of General Consultant for Assam IWTD Society",
            "description": "General Consultancy to Assam IWTD Society, the PMU of Assam IWT Project funded by World Bank",
            "datePublished": "2022-25-03 17:00",
            "contractType": "Tender",
            "submissionTerms": [
                {
                    "allowPreferentialBidder": "No",
                    "allowMultiCurrencyFee": "No",
                    "allowMultiCurrencyBQQ": "No",
                    "bidValidityPeriod": [
                        {
                            "durationInDays": 120
                        }
                    ]
                }
            ],
            "procuringEntity": [
                {
                    "name": "State Project Director, AIWTDS",
                    "id": "stateprojectdirectoraiwtds"
                }
            ],
            "items": [
                {
                    "id": "01",
                    "classification": [
                        {
                            "description": "Consultancy"
                        }
                    ],
                    "additionalClassifications": [
                        {
                            "description": "Work Item Details > Subcategory"
                        }
                    ],
                    "deliveryAddresses": [
                        {
                            "postalCode": "781007.0",
                            "streetAddress": "AIWTDS OFFICE, Ulubari, Guwahati-7, Assam"
                        }
                    ]
                }
            ],
            "procurementMethod": "Open Tender",
            "mainProcurementCategory": "Lump-sum",
            "tenderPeriod": [
                {
                    "startDate": "2022-25-03 17:00",
                    "endDate": "2022-05-05 14:00",
                    "durationInDays": 40
                }
            ],
            "enquiryPeriod": [
                {
                    "startDate": "2022-26-03 11:00",
                    "endDate": "2022-02-04 09:00",
                    "durationInDays": 6
                }
            ],
            "contractPeriod": [
                {
                    "durationInDays": 938
                }
            ],
            "communication": [
                {
                    "id": 1,
                    "documentAvailabilityPeriod": [
                        {
                            "startDate": "2022-25-03 18:00",
                            "endDate": "2022-05-05 14:00"
                        }
                    ]
                }
            ],
            "bidOpening": [
                {
                    "date": "2022-05-05 16:00",
                    "address": [
                        {
                            "streetAddress": "AIWTD Society office"
                        }
                    ]
                }
            ],
            "participationFees": [
                {
                    "id": "01",
                    "value": [
                        {
                            "amount": 0.0,
                            "currency": "INR"
                        }
                    ],
                    "description": "Nil"
                }
            ],
            "numberOfTenderers": 6,
            "milestones": [
                {
                    "id": "1",
                    "title": "Published Date",
                    "type": "Pre-procurement milestones",
                    "dueDate": "2022-25-03 17:00"
                },
                {
                    "id": "2",
                    "title": "Document Download / Sale Start Date",
                    "type": "Pre-procurement milestones",
                    "dueDate": "2022-25-03 18:00"
                },
                {
                    "id": "3",
                    "title": "Clarification Start Date",
                    "type": "Pre-procurement milestones",
                    "dueDate": "2022-26-03 11:00"
                },
                {
                    "id": "4",
                    "title": "Bid Submission Start Date",
                    "type": "Pre-procurement milestones",
                    "dueDate": "2022-14-04 09:00"
                },
                {
                    "id": "5",
                    "title": "Bid Opening Date",
                    "type": "Pre-procurement milestones",
                    "dueDate": "2022-05-05 16:00"
                },
                {
                    "id": "6",
                    "title": "Document Download / Sale End Date",
                    "type": "Pre-procurement milestones",
                    "dueDate": "2022-05-05 14:00"
                },
                {
                    "id": "7",
                    "title": "Clarification End Date",
                    "type": "Pre-procurement milestones",
                    "dueDate": "2022-02-04 09:00"
                },
                {
                    "id": "8",
                    "title": "Bid Submission End Date",
                    "type": "Pre-procurement milestones",
                    "dueDate": "2022-05-05 14:00"
                },
                {
                    "id": "9",
                    "title": "Financial Bid Opening Date",
                    "type": "Pre-procurement milestones",
                    "dueDate": "2022-21-06 14:00"
                }
            ],
            "fiscalYear": "2021-2022"
        }
    ],
    "bids": [
        {
            "id": 1,
            "details": [
                {
                    "id": "145965.0",
                    "date": "2022-05-05 13:04",
                    "status": "Rejected-Finance",
                    "tenderers": [
                        {
                            "id": "egisindiaconsultingengineerspvtltd",
                            "name": "Egis India Consulting Engineers Pvt Ltd"
                        }
                    ]
                },
                {
                    "id": "145744.0",
                    "date": "2022-20-04 13:23",
                    "status": "Rejected-Finance",
                    "tenderers": [
                        {
                            "id": "ernstyoungllp",
                            "name": "Ernst & Young LLP"
                        }
                    ]
                },
                {
                    "id": "145986.0",
                    "date": "2022-04-05 18:13",
                    "status": "Rejected-Technical",
                    "tenderers": [
                        {
                            "id": "nangiacollp",
                            "name": "Nangia & Co LLP"
                        }
                    ]
                },
                {
                    "id": "147372.0",
                    "date": "2022-05-05 13:00",
                    "status": "Accepted-AOC",
                    "tenderers": [
                        {
                            "id": "voyantssolutionsprivatelimited",
                            "name": "Voyants Solutions Private Limited"
                        }
                    ]
                }
            ]
        }
    ],
    "statistics": [
        {
            "id": "1",
            "value": 57528000.0,
            "currency": "INR",
            "measure": "contractValue"
        }
    ],
    "awards": [
        {
            "id": 1,
            "value": [
                {
                    "amount": 57528000.0,
                    "currency": "INR"
                }
            ],
            "suppliers": [
                {
                    "id": "voyantssolutionsprivatelimited",
                    "name": "Voyants Solutions Private Limited"
                }
            ],
            "contractPeriod": [
                {
                    "startDate": "2022-26-07",
                    "durationInDays": 938
                }
            ]
        },
        {
            "id": 2,
            "value": [
                {
                    "amount": "57528000",
                    "currency": "INR"
                }
            ]
        }
    ]
}