{
    "ocid": "ocds-f5kvwu-2022_NHM_28056_12",
    "id": "1",
    "date": "2024-11-27",
    "tag": [
        "tender"
    ],
    "initiationType": "tender",
    "parties": [
        {
            "id": "nationalhealthmission",
            "name": "National Health Mission",
            "roles": [
                "buyer"
            ]
        },
        {
            "id": "karunabaruah",
            "name": "KARUNA BARUAH",
            "roles": [
                "tenderer"
            ]
        },
        {
            "id": "mslilienterprise",
            "name": "MS LILI ENTERPRISE",
            "roles": [
                "tenderer"
            ]
        },
        {
            "id": "mspdenterprise",
            "name": "M/S P.D. ENTERPRISE",
            "roles": [
                "tenderer"
            ]
        },
        {
            "id": "mssystronics",
            "name": "M/S SYSTRONICS",
            "roles": [
                "tenderer"
            ]
        },
        {
            "id": "mstmenterprise",
            "name": "MS T M ENTERPRISE",
            "roles": [
                "tenderer"
            ]
        },
        {
            "id": "pabitrasaikia",
            "name": "PABITRA SAIKIA",
            "roles": [
                "tenderer"
            ]
        },
        {
            "id": "sribikashsendeka",
            "name": "Sri Bikash Sen Deka",
            "roles": [
                "tenderer",
                "supplier"
            ]
        },
        {
            "id": "srisantanudas",
            "name": "SRI SANTANU DAS",
            "roles": [
                "tenderer"
            ]
        },
        {
            "id": "mdnhmassam",
            "name": "MD, NHM, ASSAM",
            "address": [
                {
                    "streetAddress": "O/O MD, NHM, ASSAM, CHRISTANBASTI, GUWAHATI-05"
                }
            ],
            "roles": [
                "procuringEntity"
            ]
        }
    ],
    "buyer": [
        {
            "name": "National Health Mission",
            "id": "nationalhealthmission"
        }
    ],
    "tender": [
        {
            "id": "2022_NHM_28056_12",
            "identifiers": [
                {
                    "id": "NHM-32034/33/2022-CON-NHM/363",
                    "scheme": "external"
                }
            ],
            "title": "Construction of Buildingless Sub Health Centre in Nikamul SC in Sonitpur District under PM ABHIM for the FY 2021 22 under NHM on Turnkey Basis",
            "description": "Construction of Buildingless Sub Health Centre in Nikamul SC in Sonitpur District under PM ABHIM for the FY 2021 22 under NHM on Turnkey Basis",
            "datePublished": "2022-07-12 12:00",
            "contractType": "Tender",
            "submissionTerms": [
                {
                    "allowPreferentialBidder": "No",
                    "allowMultiCurrencyFee": "No",
                    "allowMultiCurrencyBQQ": "No",
                    "bidValidityPeriod": [
                        {
                            "durationInDays": 180
                        }
                    ]
                }
            ],
            "procuringEntity": [
                {
                    "name": "MD, NHM, ASSAM",
                    "id": "mdnhmassam"
                }
            ],
            "items": [
                {
                    "id": "01",
                    "classification": [
                        {
                            "description": "Civil Works - Building"
                        }
                    ],
                    "additionalClassifications": [
                        {
                            "description": "Work Item Details > Subcategory"
                        }
                    ],
                    "deliveryAddresses": [
                        {
                            "postalCode": "786125.0",
                            "streetAddress": "Sonitpur"
                        }
                    ]
                }
            ],
            "value": [
                {
                    "amount": 5203000.0,
                    "currency": "INR"
                }
            ],
            "procurementMethod": "Open Tender",
            "mainProcurementCategory": "Turn-key",
            "tenderPeriod": [
                {
                    "startDate": "2022-07-12 12:00",
                    "endDate": "2022-27-12 14:00",
                    "durationInDays": 20
                }
            ],
            "contractPeriod": [
                {
                    "durationInDays": 180
                }
            ],
            "communication": [
                {
                    "id": 1,
                    "documentAvailabilityPeriod": [
                        {
                            "startDate": "2022-07-12 12:00",
                            "endDate": "2022-27-12 14:00"
                        }
                    ]
                }
            ],
            "bidOpening": [
                {
                    "date": "2022-28-12 15:30",
                    "address": [
                        {
                            "streetAddress": "O/O MD, NHM, ASSAM"
                        }
                    ]
                }
            ],
            "participationFees": [
                {
                    "id": "01",
                    "value": [
                        {
                            "amount": 1500.0,
                            "currency": "INR"
                        }
                    ],
                    "description": "Nil"
                }
            ],
            "numberOfTenderers": 9,
            "milestones": [
                {
                    "id": "1",
                    "title": "Published Date",
                    "type": "Pre-procurement milestones",
                    "dueDate": "2022-07-12 12:00"
                },
                {
                    "id": "2",
                    "title": "Document Download / Sale Start Date",
                    "type": "Pre-procurement milestones",
                    "dueDate": "2022-07-12 12:00"
                },
                {
                    "id": "3",
                    "title": "Bid Submission Start Date",
                    "type": "Pre-procurement milestones",
                    "dueDate": "2022-07-12 12:00"
                },
                {
                    "id": "4",
                    "title": "Bid Opening Date",
                    "type": "Pre-procurement milestones",
                    "dueDate": "2022-28-12 15:30"
                },
                {
                    "id": "5",
                    "title": "Document Download / Sale End Date",
                    "type": "Pre-procurement milestones",
                    "dueDate": "2022-27-12 14:00"
                },
                {
                    "id": "6",
                    "title": "Bid Submission End Date",
                    "type": "Pre-procurement milestones",
                    "dueDate": "2022-27-12 14:00"
                },
                {
                    "id": "7",
                    "title": "Financial Bid Opening Date",
                    "type": "Pre-procurement milestones",
                    "dueDate": "2023-13-07 09:00"
                }
            ],
            "fiscalYear": "2022-2023"
        }
    ],
    "bids": [
        {
            "id": 1,
            "details": [
                {
                    "id": "170459.0",
                    "date": "2022-27-12 12:12",
                    "status": "Rejected-Finance",
                    "tenderers": [
                        {
                            "id": "karunabaruah",
                            "name": "KARUNA BARUAH"
                        }
                    ]
                },
                {
                    "id": "170458.0",
                    "date": "2022-27-12 12:07",
                    "status": "Rejected-Finance",
                    "tenderers": [
                        {
                            "id": "mslilienterprise",
                            "name": "MS LILI ENTERPRISE"
                        }
                    ]
                },
                {
                    "id": "170624.0",
                    "date": "2022-27-12 11:22",
                    "status": "Not Admitted-Fee/PreQual/Technical",
                    "tenderers": [
                        {
                            "id": "mspdenterprise",
                            "name": "M/S P.D. ENTERPRISE"
                        }
                    ]
                },
                {
                    "id": "170712.0",
                    "date": "2022-27-12 00:01",
                    "status": "Not Admitted-Fee/PreQual/Technical",
                    "tenderers": [
                        {
                            "id": "mssystronics",
                            "name": "M/S SYSTRONICS"
                        }
                    ]
                },
                {
                    "id": "170689.0",
                    "date": "2022-26-12 21:29",
                    "status": "Rejected-Finance",
                    "tenderers": [
                        {
                            "id": "mstmenterprise",
                            "name": "MS T M ENTERPRISE"
                        }
                    ]
                },
                {
                    "id": "170482.0",
                    "date": "2022-26-12 22:28",
                    "status": "Rejected-Finance",
                    "tenderers": [
                        {
                            "id": "pabitrasaikia",
                            "name": "PABITRA SAIKIA"
                        }
                    ]
                },
                {
                    "id": "170457.0",
                    "date": "2022-27-12 12:03",
                    "status": "Rejected-Finance",
                    "tenderers": [
                        {
                            "id": "srisantanudas",
                            "name": "SRI SANTANU DAS"
                        }
                    ]
                },
                {
                    "id": "170485.0",
                    "date": "2022-27-12 11:46",
                    "status": "Accepted-AOC",
                    "tenderers": [
                        {
                            "id": "sribikashsendeka",
                            "name": "Sri Bikash Sen Deka"
                        }
                    ]
                }
            ]
        }
    ],
    "statistics": [
        {
            "id": "1",
            "value": 4521000.0,
            "currency": "INR",
            "measure": "contractValue"
        }
    ],
    "awards": [
        {
            "id": 1,
            "description": "AOC",
            "value": [
                {
                    "amount": 4521000.0,
                    "currency": "INR"
                }
            ],
            "suppliers": [
                {
                    "id": "sribikashsendeka",
                    "name": "Sri Bikash Sen Deka"
                }
            ],
            "contractPeriod": [
                {
                    "startDate": "2024-28-08",
                    "durationInDays": 180
                }
            ]
        },
        {
            "id": 2,
            "value": [
                {
                    "amount": "4521000",
                    "currency": "INR"
                }
            ]
        }
    ]
}