{
    "ocid": "ocds-f5kvwu-2022_PWD_26485_24",
    "id": "1",
    "date": "2024-11-27",
    "tag": [
        "tender"
    ],
    "initiationType": "tender",
    "parties": [
        {
            "id": "publicworksroadsdepartment",
            "name": "Public Works Roads Department",
            "roles": [
                "buyer"
            ]
        },
        {
            "id": "mshimalayaconstruction",
            "name": "MS HIMALAYA CONSTRUCTION",
            "roles": [
                "tenderer"
            ]
        },
        {
            "id": "pabitraboro",
            "name": "Pabitra Boro",
            "roles": [
                "tenderer"
            ]
        },
        {
            "id": "saraighatengineers",
            "name": "SARAIGHAT ENGINEERS",
            "roles": [
                "tenderer",
                "supplier"
            ]
        },
        {
            "id": "chiefengineerpwdroadsassam",
            "name": "Chief Engineer, PWD(Roads), Assam",
            "address": [
                {
                    "streetAddress": "O/o the Chief Engineer, PWD(Roads), Assam"
                }
            ],
            "roles": [
                "procuringEntity"
            ]
        }
    ],
    "buyer": [
        {
            "name": "Public Works Roads Department",
            "id": "publicworksroadsdepartment"
        }
    ],
    "tender": [
        {
            "id": "2022_PWD_26485_24",
            "identifiers": [
                {
                    "id": "CE/CW/06/2022-23/2(25Group)",
                    "scheme": "external"
                }
            ],
            "title": "WestGuwahati-5(Five)",
            "description": "Recon. of damage 1.Santipur main road2.Sarbeswar Chaudhury Rd 3.Kali Mandir path to NH-37 at Saokuchi 4)Maligaon Goshala Road5)D.Goswami Pat6)J.P.Agarwala Rd,7)TRP Rd8)HB Rd9)Athgaon ROB Rd10)Hockey Stadiumto Beharbari11)B Rabha Rd12)RKC Rd for 22-23",
            "datePublished": "2022-28-07 17:00",
            "contractType": "Tender",
            "submissionTerms": [
                {
                    "allowPreferentialBidder": "No",
                    "allowMultiCurrencyFee": "No",
                    "allowMultiCurrencyBQQ": "No",
                    "bidValidityPeriod": [
                        {
                            "durationInDays": 180
                        }
                    ]
                }
            ],
            "procuringEntity": [
                {
                    "name": "Chief Engineer, PWD(Roads), Assam",
                    "id": "chiefengineerpwdroadsassam"
                }
            ],
            "items": [
                {
                    "id": "01",
                    "classification": [
                        {
                            "description": "Civil Works \u2013 Roads"
                        }
                    ],
                    "additionalClassifications": [
                        {
                            "description": "Work Item Details > Subcategory"
                        }
                    ],
                    "deliveryAddresses": [
                        {
                            "postalCode": "781009.0",
                            "streetAddress": "Guwahati"
                        }
                    ]
                }
            ],
            "value": [
                {
                    "amount": 78235000.0,
                    "currency": "INR"
                }
            ],
            "procurementMethod": "Open Tender",
            "mainProcurementCategory": "Item Rate",
            "tenderPeriod": [
                {
                    "startDate": "2022-28-07 17:00",
                    "endDate": "2022-10-08 14:00",
                    "durationInDays": 12
                }
            ],
            "enquiryPeriod": [
                {
                    "startDate": "2022-28-07 17:00",
                    "endDate": "2022-10-08 14:00",
                    "durationInDays": 12
                }
            ],
            "contractPeriod": [
                {
                    "durationInDays": 180
                }
            ],
            "communication": [
                {
                    "id": 1,
                    "documentAvailabilityPeriod": [
                        {
                            "startDate": "2022-28-07 17:00",
                            "endDate": "2022-10-08 14:00"
                        }
                    ]
                }
            ],
            "bidOpening": [
                {
                    "date": "2022-10-08 14:30",
                    "address": [
                        {
                            "streetAddress": "O/o the Chief Engineer, PWD(Roads), Assam"
                        }
                    ]
                }
            ],
            "participationFees": [
                {
                    "id": "01",
                    "value": [
                        {
                            "amount": 10000.0,
                            "currency": "INR"
                        }
                    ],
                    "description": "Nil"
                }
            ],
            "numberOfTenderers": 6,
            "milestones": [
                {
                    "id": "1",
                    "title": "Published Date",
                    "type": "Pre-procurement milestones",
                    "dueDate": "2022-28-07 17:00"
                },
                {
                    "id": "2",
                    "title": "Document Download / Sale Start Date",
                    "type": "Pre-procurement milestones",
                    "dueDate": "2022-28-07 17:00"
                },
                {
                    "id": "3",
                    "title": "Clarification Start Date",
                    "type": "Pre-procurement milestones",
                    "dueDate": "2022-28-07 17:00"
                },
                {
                    "id": "4",
                    "title": "Bid Submission Start Date",
                    "type": "Pre-procurement milestones",
                    "dueDate": "2022-28-07 17:00"
                },
                {
                    "id": "5",
                    "title": "Bid Opening Date",
                    "type": "Pre-procurement milestones",
                    "dueDate": "2022-10-08 14:30"
                },
                {
                    "id": "6",
                    "title": "Document Download / Sale End Date",
                    "type": "Pre-procurement milestones",
                    "dueDate": "2022-10-08 14:00"
                },
                {
                    "id": "7",
                    "title": "Clarification End Date",
                    "type": "Pre-procurement milestones",
                    "dueDate": "2022-10-08 14:00"
                },
                {
                    "id": "8",
                    "title": "Bid Submission End Date",
                    "type": "Pre-procurement milestones",
                    "dueDate": "2022-10-08 14:00"
                },
                {
                    "id": "9",
                    "title": "Financial Bid Opening Date",
                    "type": "Pre-procurement milestones",
                    "dueDate": "2022-23-08 17:10"
                }
            ],
            "fiscalYear": "2022-2023"
        }
    ],
    "bids": [
        {
            "id": 1,
            "details": [
                {
                    "id": "155730.0",
                    "date": "2022-10-08 03:57",
                    "status": "Not Admitted-Fee/PreQual/Technical",
                    "tenderers": [
                        {
                            "id": "mshimalayaconstruction",
                            "name": "MS HIMALAYA CONSTRUCTION"
                        }
                    ]
                },
                {
                    "id": "155747.0",
                    "date": "2022-10-08 11:37",
                    "status": "Rejected-AOC",
                    "tenderers": [
                        {
                            "id": "pabitraboro",
                            "name": "Pabitra Boro"
                        }
                    ]
                },
                {
                    "id": "155737.0",
                    "date": "2022-10-08 04:54",
                    "status": "Accepted-AOC",
                    "tenderers": [
                        {
                            "id": "saraighatengineers",
                            "name": "SARAIGHAT ENGINEERS"
                        }
                    ]
                }
            ]
        }
    ],
    "statistics": [
        {
            "id": "1",
            "value": 74654000.0,
            "currency": "INR",
            "measure": "contractValue"
        }
    ],
    "awards": [
        {
            "id": 1,
            "description": "AOC",
            "value": [
                {
                    "amount": 74654000.0,
                    "currency": "INR"
                }
            ],
            "suppliers": [
                {
                    "id": "saraighatengineers",
                    "name": "SARAIGHAT ENGINEERS"
                }
            ],
            "contractPeriod": [
                {
                    "startDate": "2024-28-03",
                    "durationInDays": 180
                }
            ]
        },
        {
            "id": 2,
            "value": [
                {
                    "amount": "74654000",
                    "currency": "INR"
                }
            ]
        }
    ]
}