{
    "ocid": "ocds-f5kvwu-2022_NHM_28534_116",
    "id": "1",
    "date": "2024-11-27",
    "tag": [
        "tender"
    ],
    "initiationType": "tender",
    "parties": [
        {
            "id": "nationalhealthmission",
            "name": "National Health Mission",
            "roles": [
                "buyer"
            ]
        },
        {
            "id": "hashemabdulhalim",
            "name": "HASHEM ABDUL HALIM",
            "roles": [
                "tenderer"
            ]
        },
        {
            "id": "kamaruzzaman",
            "name": "KAMARUZ ZAMAN",
            "roles": [
                "tenderer"
            ]
        },
        {
            "id": "mdazadurrahman",
            "name": "MD. AZADUR RAHMAN",
            "roles": [
                "tenderer"
            ]
        },
        {
            "id": "msmacrocosmbuilders",
            "name": "M/s Macrocosm Builders",
            "roles": [
                "tenderer",
                "supplier"
            ]
        },
        {
            "id": "msmehditraders",
            "name": "M/S Mehdi Traders",
            "roles": [
                "tenderer"
            ]
        },
        {
            "id": "prafulladoley",
            "name": "PRAFULLA DOLEY",
            "roles": [
                "tenderer"
            ]
        },
        {
            "id": "saharali",
            "name": "SAHAR ALI",
            "roles": [
                "tenderer"
            ]
        },
        {
            "id": "mdnhmassam",
            "name": "MD, NHM, Assam",
            "address": [
                {
                    "streetAddress": "O/o MD, NHM, Assam, Christanbasti, Guwahati-05"
                }
            ],
            "roles": [
                "procuringEntity"
            ]
        }
    ],
    "buyer": [
        {
            "name": "National Health Mission",
            "id": "nationalhealthmission"
        }
    ],
    "tender": [
        {
            "id": "2022_NHM_28534_116",
            "identifiers": [
                {
                    "id": "NHM-32023/11/2022-CONS-NHM/88",
                    "scheme": "external"
                }
            ],
            "title": "Construction of Buildingless Sub Health Centre at Tarakandi SC in Barpeta District for FY 2021 22 under PM ABHIM on Turnkey basis",
            "description": "Construction of Buildingless Sub Health Centre at Tarakandi SC in Barpeta District for FY 2021 22 under PM ABHIM on Turnkey basis",
            "datePublished": "2023-03-01 18:55",
            "contractType": "Tender",
            "submissionTerms": [
                {
                    "allowPreferentialBidder": "No",
                    "allowMultiCurrencyFee": "No",
                    "allowMultiCurrencyBQQ": "No",
                    "bidValidityPeriod": [
                        {
                            "durationInDays": 180
                        }
                    ]
                }
            ],
            "procuringEntity": [
                {
                    "name": "MD, NHM, Assam",
                    "id": "mdnhmassam"
                }
            ],
            "items": [
                {
                    "id": "01",
                    "classification": [
                        {
                            "description": "Civil Works - Building"
                        }
                    ],
                    "additionalClassifications": [
                        {
                            "description": "Work Item Details > Subcategory"
                        }
                    ],
                    "deliveryAddresses": [
                        {
                            "postalCode": "781301.0",
                            "streetAddress": "Barpeta"
                        }
                    ]
                }
            ],
            "value": [
                {
                    "amount": 5203000.0,
                    "currency": "INR"
                }
            ],
            "procurementMethod": "Open Tender",
            "mainProcurementCategory": "Turn-key",
            "tenderPeriod": [
                {
                    "startDate": "2023-03-01 18:55",
                    "endDate": "2023-18-01 14:00",
                    "durationInDays": 14
                }
            ],
            "contractPeriod": [
                {
                    "durationInDays": 180
                }
            ],
            "communication": [
                {
                    "id": 1,
                    "documentAvailabilityPeriod": [
                        {
                            "startDate": "2023-03-01 18:55",
                            "endDate": "2023-18-01 14:00"
                        }
                    ]
                }
            ],
            "bidOpening": [
                {
                    "date": "2023-20-01 15:30",
                    "address": [
                        {
                            "streetAddress": "O/o MD, NHM, Assam"
                        }
                    ]
                }
            ],
            "participationFees": [
                {
                    "id": "01",
                    "value": [
                        {
                            "amount": 1500.0,
                            "currency": "INR"
                        }
                    ],
                    "description": "Nil"
                }
            ],
            "numberOfTenderers": 8,
            "milestones": [
                {
                    "id": "1",
                    "title": "Published Date",
                    "type": "Pre-procurement milestones",
                    "dueDate": "2023-03-01 18:55"
                },
                {
                    "id": "2",
                    "title": "Document Download / Sale Start Date",
                    "type": "Pre-procurement milestones",
                    "dueDate": "2023-03-01 18:55"
                },
                {
                    "id": "3",
                    "title": "Bid Submission Start Date",
                    "type": "Pre-procurement milestones",
                    "dueDate": "2023-03-01 18:55"
                },
                {
                    "id": "4",
                    "title": "Bid Opening Date",
                    "type": "Pre-procurement milestones",
                    "dueDate": "2023-20-01 15:30"
                },
                {
                    "id": "5",
                    "title": "Document Download / Sale End Date",
                    "type": "Pre-procurement milestones",
                    "dueDate": "2023-18-01 14:00"
                },
                {
                    "id": "6",
                    "title": "Bid Submission End Date",
                    "type": "Pre-procurement milestones",
                    "dueDate": "2023-18-01 14:00"
                },
                {
                    "id": "7",
                    "title": "Financial Bid Opening Date",
                    "type": "Pre-procurement milestones",
                    "dueDate": "2023-29-04 12:35"
                }
            ],
            "fiscalYear": "2022-2023"
        }
    ],
    "bids": [
        {
            "id": 1,
            "details": [
                {
                    "id": "173385.0",
                    "date": "2023-16-01 14:44",
                    "status": "Rejected-Technical",
                    "tenderers": [
                        {
                            "id": "hashemabdulhalim",
                            "name": "HASHEM ABDUL HALIM"
                        }
                    ]
                },
                {
                    "id": "173820.0",
                    "date": "2023-18-01 11:38",
                    "status": "Rejected-Technical",
                    "tenderers": [
                        {
                            "id": "kamaruzzaman",
                            "name": "KAMARUZ ZAMAN"
                        }
                    ]
                },
                {
                    "id": "173797.0",
                    "date": "2023-18-01 09:00",
                    "status": "Rejected-Technical",
                    "tenderers": [
                        {
                            "id": "mdazadurrahman",
                            "name": "MD. AZADUR RAHMAN"
                        }
                    ]
                },
                {
                    "id": "173766.0",
                    "date": "2023-18-01 11:50",
                    "status": "Rejected-Technical",
                    "tenderers": [
                        {
                            "id": "msmehditraders",
                            "name": "M/S Mehdi Traders"
                        }
                    ]
                },
                {
                    "id": "173509.0",
                    "date": "2023-16-01 16:31",
                    "status": "Rejected-Technical",
                    "tenderers": [
                        {
                            "id": "prafulladoley",
                            "name": "PRAFULLA DOLEY"
                        }
                    ]
                },
                {
                    "id": "173501.0",
                    "date": "2023-16-01 13:33",
                    "status": "Rejected-Technical",
                    "tenderers": [
                        {
                            "id": "saharali",
                            "name": "SAHAR ALI"
                        }
                    ]
                },
                {
                    "id": "173968.0",
                    "date": "2023-17-01 20:03",
                    "status": "Accepted-AOC",
                    "tenderers": [
                        {
                            "id": "msmacrocosmbuilders",
                            "name": "M/s Macrocosm Builders"
                        }
                    ]
                }
            ]
        }
    ],
    "statistics": [
        {
            "id": "1",
            "value": 4624947.0,
            "currency": "INR",
            "measure": "contractValue"
        }
    ],
    "awards": [
        {
            "id": 1,
            "value": [
                {
                    "amount": 4624947.0,
                    "currency": "INR"
                }
            ],
            "suppliers": [
                {
                    "id": "msmacrocosmbuilders",
                    "name": "M/s Macrocosm Builders"
                }
            ],
            "contractPeriod": [
                {
                    "startDate": "2024-16-05",
                    "durationInDays": 180
                }
            ]
        },
        {
            "id": 2,
            "value": [
                {
                    "amount": "4624947",
                    "currency": "INR"
                }
            ]
        }
    ]
}