{
    "ocid": "ocds-f5kvwu-2022_ASPIR_27255_1",
    "id": "1",
    "date": "2024-11-27",
    "tag": [
        "tender"
    ],
    "initiationType": "tender",
    "parties": [
        {
            "id": "financedepartmentworldbanktenders",
            "name": "Finance Department - World Bank Tenders",
            "roles": [
                "buyer"
            ]
        },
        {
            "id": "dbkassociates",
            "name": "DBK Associates",
            "roles": [
                "tenderer"
            ]
        },
        {
            "id": "gtosniwalandco",
            "name": "G TOSNIWAL AND CO",
            "roles": [
                "tenderer",
                "supplier"
            ]
        },
        {
            "id": "keshriandassociates",
            "name": "Keshri and Associates",
            "roles": [
                "tenderer",
                "supplier"
            ]
        },
        {
            "id": "khaitanagarwalco",
            "name": "KHAITAN AGARWAL & CO",
            "roles": [
                "tenderer",
                "supplier"
            ]
        },
        {
            "id": "komandoorandcollp",
            "name": "Komandoor and Co LLP",
            "roles": [
                "tenderer",
                "supplier"
            ]
        },
        {
            "id": "ramakguptaco",
            "name": "RAMA K GUPTA & CO",
            "roles": [
                "tenderer",
                "supplier"
            ]
        },
        {
            "id": "rsmandassociates",
            "name": "RSM AND ASSOCIATES",
            "roles": [
                "tenderer"
            ]
        },
        {
            "id": "sprkco",
            "name": "SPRKCO",
            "roles": [
                "tenderer",
                "supplier"
            ]
        },
        {
            "id": "projectdirector",
            "name": "Project Director",
            "address": [
                {
                    "streetAddress": "Office of the ASPIRe, Shree Kamakhya Tower, Christian Basti, Guwahati-05"
                }
            ],
            "roles": [
                "procuringEntity"
            ]
        }
    ],
    "buyer": [
        {
            "name": "Finance Department - World Bank Tenders",
            "id": "financedepartmentworldbanktenders"
        }
    ],
    "tender": [
        {
            "id": "2022_ASPIR_27255_1",
            "identifiers": [
                {
                    "id": "ASPIRe/67/2018",
                    "scheme": "external"
                }
            ],
            "title": "REQUEST FOR EXPRESSIONS OF INTEREST FOR ENGAGEMENT OF STATUTORY AUDITOR UNDER THE ASPIRE PROJECT, GOVERNMENT OF ASSAM",
            "description": "REQUEST FOR EXPRESSIONS OF INTEREST FOR ENGAGEMENT OF STATUTORY AUDITOR UNDER THE ASPIRE PROJECT, GOVERNMENT OF ASSAM",
            "datePublished": "2022-01-10 10:00",
            "contractType": "Tender",
            "submissionTerms": [
                {
                    "allowPreferentialBidder": "No",
                    "allowMultiCurrencyFee": "No",
                    "allowMultiCurrencyBQQ": "No",
                    "bidValidityPeriod": [
                        {
                            "durationInDays": 60
                        }
                    ]
                }
            ],
            "procuringEntity": [
                {
                    "name": "Project Director",
                    "id": "projectdirector"
                }
            ],
            "items": [
                {
                    "id": "01",
                    "classification": [
                        {
                            "description": "Consultancy"
                        }
                    ],
                    "additionalClassifications": [
                        {
                            "description": "Work Item Details > Subcategory"
                        }
                    ],
                    "deliveryAddresses": [
                        {
                            "postalCode": "781006.0",
                            "streetAddress": "Guwahati"
                        }
                    ]
                }
            ],
            "procurementMethod": "Open Tender",
            "mainProcurementCategory": "EOI",
            "tenderPeriod": [
                {
                    "startDate": "2022-01-10 10:00",
                    "endDate": "2022-14-10 14:00",
                    "durationInDays": 13
                }
            ],
            "communication": [
                {
                    "id": 1,
                    "documentAvailabilityPeriod": [
                        {
                            "startDate": "2022-01-10 10:00",
                            "endDate": "2022-14-10 14:00"
                        }
                    ]
                }
            ],
            "bidOpening": [
                {
                    "date": "2022-14-10 14:30",
                    "address": [
                        {
                            "streetAddress": "Online"
                        }
                    ]
                }
            ],
            "participationFees": [
                {
                    "id": "01",
                    "value": [
                        {
                            "amount": 0.0,
                            "currency": "INR"
                        }
                    ],
                    "description": "Nil"
                }
            ],
            "numberOfTenderers": 9,
            "milestones": [
                {
                    "id": "1",
                    "title": "Published Date",
                    "type": "Pre-procurement milestones",
                    "dueDate": "2022-01-10 10:00"
                },
                {
                    "id": "2",
                    "title": "Document Download / Sale Start Date",
                    "type": "Pre-procurement milestones",
                    "dueDate": "2022-01-10 10:00"
                },
                {
                    "id": "3",
                    "title": "Bid Submission Start Date",
                    "type": "Pre-procurement milestones",
                    "dueDate": "2022-08-10 14:00"
                },
                {
                    "id": "4",
                    "title": "Bid Opening Date",
                    "type": "Pre-procurement milestones",
                    "dueDate": "2022-14-10 14:30"
                },
                {
                    "id": "5",
                    "title": "Document Download / Sale End Date",
                    "type": "Pre-procurement milestones",
                    "dueDate": "2022-14-10 14:00"
                },
                {
                    "id": "6",
                    "title": "Bid Submission End Date",
                    "type": "Pre-procurement milestones",
                    "dueDate": "2022-14-10 14:00"
                }
            ],
            "fiscalYear": "2022-2023"
        }
    ],
    "bids": [
        {
            "id": 1,
            "details": [
                {
                    "id": "159890.0",
                    "date": "2022-13-10 18:57",
                    "status": "Rejected-Technical",
                    "tenderers": [
                        {
                            "id": "dbkassociates",
                            "name": "DBK Associates"
                        }
                    ]
                },
                {
                    "id": "159401.0",
                    "date": "2022-10-10 14:01",
                    "status": "Rejected-Technical",
                    "tenderers": [
                        {
                            "id": "rsmandassociates",
                            "name": "RSM AND ASSOCIATES"
                        }
                    ]
                },
                {
                    "id": "159940.0",
                    "date": "2022-14-10 13:39",
                    "status": "Accepted-AOC",
                    "tenderers": [
                        {
                            "id": "gtosniwalandco",
                            "name": "G TOSNIWAL AND CO"
                        }
                    ]
                },
                {
                    "id": "159888.0",
                    "date": "2022-13-10 13:08",
                    "status": "Accepted-AOC",
                    "tenderers": [
                        {
                            "id": "keshriandassociates",
                            "name": "Keshri and Associates"
                        }
                    ]
                },
                {
                    "id": "159911.0",
                    "date": "2022-14-10 11:43",
                    "status": "Accepted-AOC",
                    "tenderers": [
                        {
                            "id": "khaitanagarwalco",
                            "name": "KHAITAN AGARWAL & CO"
                        }
                    ]
                },
                {
                    "id": "159887.0",
                    "date": "2022-13-10 12:38",
                    "status": "Accepted-AOC",
                    "tenderers": [
                        {
                            "id": "komandoorandcollp",
                            "name": "Komandoor and Co LLP"
                        }
                    ]
                },
                {
                    "id": "159931.0",
                    "date": "2022-14-10 10:58",
                    "status": "Accepted-AOC",
                    "tenderers": [
                        {
                            "id": "ramakguptaco",
                            "name": "RAMA K GUPTA & CO"
                        }
                    ]
                },
                {
                    "id": "159897.0",
                    "date": "2022-14-10 11:36",
                    "status": "Accepted-AOC",
                    "tenderers": [
                        {
                            "id": "sprkco",
                            "name": "SPRKCO"
                        }
                    ]
                }
            ]
        }
    ],
    "statistics": [
        {
            "id": "1",
            "value": 0.0,
            "currency": "INR",
            "measure": "contractValue"
        }
    ],
    "awards": [
        {
            "id": 1,
            "value": [
                {
                    "amount": 0.0,
                    "currency": "INR"
                }
            ],
            "suppliers": [
                {
                    "id": "gtosniwalandco",
                    "name": "G TOSNIWAL AND CO"
                },
                {
                    "id": "ramakguptaco",
                    "name": "RAMA K GUPTA & CO"
                },
                {
                    "id": "khaitanagarwalco",
                    "name": "KHAITAN AGARWAL & CO"
                },
                {
                    "id": "sprkco",
                    "name": "SPRKCO"
                },
                {
                    "id": "keshriandassociates",
                    "name": "Keshri and Associates"
                },
                {
                    "id": "komandoorandcollp",
                    "name": "Komandoor and Co LLP"
                }
            ],
            "contractPeriod": [
                {
                    "startDate": "2024-15-03",
                    "durationInDays": 365
                }
            ]
        },
        {
            "id": 2,
            "value": [
                {
                    "amount": 0.0,
                    "currency": "INR"
                }
            ]
        }
    ]
}