{
    "ocid": "ocds-f5kvwu-2022_AEGCL_24731_1",
    "id": "1",
    "date": "2024-11-27",
    "tag": [
        "tender"
    ],
    "initiationType": "tender",
    "parties": [
        {
            "id": "assamelectricitygridcorporationltd",
            "name": "Assam Electricity Grid Corporation Ltd",
            "roles": [
                "buyer"
            ]
        },
        {
            "id": "msnilgirielectricalconstruction",
            "name": "M/s. Nilgiri Electrical COnstruction",
            "roles": [
                "tenderer"
            ]
        },
        {
            "id": "naruttamchangmai",
            "name": "Naruttam Changmai",
            "roles": [
                "tenderer",
                "supplier"
            ]
        },
        {
            "id": "theglobalcentre",
            "name": "THE GLOBAL CENTRE",
            "roles": [
                "tenderer"
            ]
        },
        {
            "id": "dygeneralmanager",
            "name": "Dy General Manager",
            "address": [
                {
                    "streetAddress": "UATT Circle, AEGCL, Jorhat"
                }
            ],
            "roles": [
                "procuringEntity"
            ]
        }
    ],
    "buyer": [
        {
            "name": "Assam Electricity Grid Corporation Ltd",
            "id": "assamelectricitygridcorporationltd"
        }
    ],
    "tender": [
        {
            "id": "2022_AEGCL_24731_1",
            "identifiers": [
                {
                    "id": "AEGCL/DGM/UATTC/ OandM/T-31/BUS-II/2022/2003",
                    "scheme": "external"
                }
            ],
            "title": "Augmentation of 33kV Bus-II at Nazira GSS",
            "description": "Augmentation of 33kV Bus-II at Nazira GSS",
            "datePublished": "2022-15-03 16:00",
            "contractType": "Tender",
            "submissionTerms": [
                {
                    "allowPreferentialBidder": "No",
                    "allowMultiCurrencyFee": "No",
                    "allowMultiCurrencyBQQ": "No",
                    "bidValidityPeriod": [
                        {
                            "durationInDays": 180
                        }
                    ]
                }
            ],
            "procuringEntity": [
                {
                    "name": "Dy General Manager",
                    "id": "dygeneralmanager"
                }
            ],
            "items": [
                {
                    "id": "01",
                    "classification": [
                        {
                            "description": "Electrical Works"
                        }
                    ],
                    "additionalClassifications": [
                        {
                            "description": "Work Item Details > Subcategory"
                        }
                    ],
                    "deliveryAddresses": [
                        {
                            "postalCode": "786685.0",
                            "streetAddress": "132kV GSS Nazira AEGCL"
                        }
                    ]
                }
            ],
            "value": [
                {
                    "amount": 3017074.0,
                    "currency": "INR"
                }
            ],
            "procurementMethod": "Open Tender",
            "mainProcurementCategory": "Works",
            "tenderPeriod": [
                {
                    "startDate": "2022-15-03 16:00",
                    "endDate": "2022-12-04 12:00",
                    "durationInDays": 27
                }
            ],
            "contractPeriod": [
                {
                    "durationInDays": 180
                }
            ],
            "communication": [
                {
                    "id": 1,
                    "documentAvailabilityPeriod": [
                        {
                            "startDate": "2022-16-03 12:00",
                            "endDate": "2022-12-04 12:00"
                        }
                    ]
                }
            ],
            "bidOpening": [
                {
                    "date": "2022-13-04 14:30",
                    "address": [
                        {
                            "streetAddress": "O/o DGM, UATTC, AEGCL, Jorhat"
                        }
                    ]
                }
            ],
            "participationFees": [
                {
                    "id": "01",
                    "value": [
                        {
                            "amount": 1500.0,
                            "currency": "INR"
                        }
                    ],
                    "description": "AEGCL"
                }
            ],
            "numberOfTenderers": 4,
            "milestones": [
                {
                    "id": "1",
                    "title": "Published Date",
                    "type": "Pre-procurement milestones",
                    "dueDate": "2022-15-03 16:00"
                },
                {
                    "id": "2",
                    "title": "Document Download / Sale Start Date",
                    "type": "Pre-procurement milestones",
                    "dueDate": "2022-16-03 12:00"
                },
                {
                    "id": "3",
                    "title": "Bid Submission Start Date",
                    "type": "Pre-procurement milestones",
                    "dueDate": "2022-16-03 12:00"
                },
                {
                    "id": "4",
                    "title": "Bid Opening Date",
                    "type": "Pre-procurement milestones",
                    "dueDate": "2022-13-04 14:30"
                },
                {
                    "id": "5",
                    "title": "Document Download / Sale End Date",
                    "type": "Pre-procurement milestones",
                    "dueDate": "2022-12-04 12:00"
                },
                {
                    "id": "6",
                    "title": "Bid Submission End Date",
                    "type": "Pre-procurement milestones",
                    "dueDate": "2022-12-04 12:00"
                },
                {
                    "id": "7",
                    "title": "Financial Bid Opening Date",
                    "type": "Pre-procurement milestones",
                    "dueDate": "2022-26-04 12:00"
                }
            ],
            "fiscalYear": "2021-2022"
        }
    ],
    "bids": [
        {
            "id": 1,
            "details": [
                {
                    "id": "145314.0",
                    "date": "2022-10-04 22:06",
                    "status": "Rejected-AOC",
                    "tenderers": [
                        {
                            "id": "msnilgirielectricalconstruction",
                            "name": "M/s. Nilgiri Electrical COnstruction"
                        }
                    ]
                },
                {
                    "id": "144438.0",
                    "date": "2022-04-04 20:24",
                    "status": "Rejected-AOC",
                    "tenderers": [
                        {
                            "id": "theglobalcentre",
                            "name": "THE GLOBAL CENTRE"
                        }
                    ]
                },
                {
                    "id": "144289.0",
                    "date": "2022-04-04 15:00",
                    "status": "Accepted-AOC",
                    "tenderers": [
                        {
                            "id": "naruttamchangmai",
                            "name": "Naruttam Changmai"
                        }
                    ]
                }
            ]
        }
    ],
    "statistics": [
        {
            "id": "1",
            "value": 3288314.26,
            "currency": "INR",
            "measure": "contractValue"
        }
    ],
    "awards": [
        {
            "id": 1,
            "value": [
                {
                    "amount": 3288314.26,
                    "currency": "INR"
                }
            ],
            "suppliers": [
                {
                    "id": "naruttamchangmai",
                    "name": "Naruttam Changmai"
                }
            ],
            "contractPeriod": [
                {
                    "startDate": "2022-23-05",
                    "durationInDays": 180
                }
            ]
        },
        {
            "id": 2,
            "value": [
                {
                    "amount": "328831426",
                    "currency": "INR"
                }
            ]
        }
    ]
}