{
    "ocid": "ocds-f5kvwu-2022_TDEP_25894_1",
    "id": "1",
    "date": "2024-11-27",
    "tag": [
        "tender"
    ],
    "initiationType": "tender",
    "parties": [
        {
            "id": "transportdepartmentexternallyfundedprojects",
            "name": "Transport Department- Externally Funded Projects",
            "roles": [
                "buyer"
            ]
        },
        {
            "id": "academyofmanagementstudiesams",
            "name": "Academy of Management Studies (AMS)",
            "roles": [
                "tenderer"
            ]
        },
        {
            "id": "atharvaplanningandresearchcentreprivatelimited",
            "name": "Atharva Planning and Research Centre Private Limited",
            "roles": [
                "tenderer"
            ]
        },
        {
            "id": "brandmantrapvtltd",
            "name": "Brand Mantra Pvt ltd",
            "roles": [
                "tenderer"
            ]
        },
        {
            "id": "dmginfraconsultingpvtltd",
            "name": "DMG Infra & Consulting Pvt Ltd",
            "roles": [
                "tenderer"
            ]
        },
        {
            "id": "nielsenindiaprivatelimited",
            "name": "Nielsen India Private Limited",
            "roles": [
                "tenderer"
            ]
        },
        {
            "id": "operationresearchguildindiapvtltd",
            "name": "OPERATION RESEARCH GUILD INDIA PVT. LTD",
            "roles": [
                "tenderer"
            ]
        },
        {
            "id": "socialmarketingdevelopmentresearchassociatesprivatelimited",
            "name": "Social Marketing & Development Research Associates Private Limited",
            "roles": [
                "tenderer"
            ]
        },
        {
            "id": "socialnetworkindia",
            "name": "Social Network india",
            "roles": [
                "tenderer",
                "supplier"
            ]
        },
        {
            "id": "spectrumplanningindialimited",
            "name": "SPECTRUM PLANNING INDIA LIMITED",
            "roles": [
                "tenderer"
            ]
        },
        {
            "id": "sutraconsultingpvtltd",
            "name": "Sutra Consulting Pvt. Ltd.",
            "roles": [
                "tenderer"
            ]
        },
        {
            "id": "stateprojectdirectoraiwtds",
            "name": "State Project Director, AIWTDS",
            "address": [
                {
                    "streetAddress": "Assam IWTD Society, 3rd Floor, IWT Directorate, Ulubari, Guwahati-7"
                }
            ],
            "roles": [
                "procuringEntity"
            ]
        }
    ],
    "buyer": [
        {
            "name": "Transport Department- Externally Funded Projects",
            "id": "transportdepartmentexternallyfundedprojects"
        }
    ],
    "tender": [
        {
            "id": "2022_TDEP_25894_1",
            "identifiers": [
                {
                    "id": "IN-IWT-296731-NC-RFB",
                    "scheme": "external"
                }
            ],
            "title": "Appointment of Agency for Baseline and User Satisfaction Survey under AIWT Project",
            "description": "RFB for selection of Agency for Baseline and User Satisfaction Survey",
            "datePublished": "2022-09-06 14:00",
            "contractType": "Tender",
            "submissionTerms": [
                {
                    "allowPreferentialBidder": "No",
                    "allowMultiCurrencyFee": "No",
                    "allowMultiCurrencyBQQ": "No",
                    "bidValidityPeriod": [
                        {
                            "durationInDays": 120
                        }
                    ]
                }
            ],
            "procuringEntity": [
                {
                    "name": "State Project Director, AIWTDS",
                    "id": "stateprojectdirectoraiwtds"
                }
            ],
            "items": [
                {
                    "id": "01",
                    "classification": [
                        {
                            "description": "Miscellaneous Services"
                        }
                    ],
                    "additionalClassifications": [
                        {
                            "description": "Work Item Details > Subcategory"
                        }
                    ],
                    "deliveryAddresses": [
                        {
                            "postalCode": "781007.0",
                            "streetAddress": "Guwahati, Assam"
                        }
                    ]
                }
            ],
            "procurementMethod": "Open Tender",
            "mainProcurementCategory": "Item Rate",
            "tenderPeriod": [
                {
                    "startDate": "2022-09-06 14:00",
                    "endDate": "2022-12-07 14:00",
                    "durationInDays": 33
                }
            ],
            "enquiryPeriod": [
                {
                    "startDate": "2022-10-06 11:00",
                    "endDate": "2022-17-06 16:00",
                    "durationInDays": 7
                }
            ],
            "contractPeriod": [
                {
                    "durationInDays": 880
                }
            ],
            "communication": [
                {
                    "id": 1,
                    "documentAvailabilityPeriod": [
                        {
                            "startDate": "2022-10-06 11:00",
                            "endDate": "2022-12-07 14:00"
                        }
                    ]
                }
            ],
            "bidOpening": [
                {
                    "date": "2022-12-07 16:00",
                    "address": [
                        {
                            "streetAddress": "AIWTD Society office, Guwahati-7"
                        }
                    ]
                }
            ],
            "participationFees": [
                {
                    "id": "01",
                    "value": [
                        {
                            "amount": 0.0,
                            "currency": "INR"
                        }
                    ],
                    "description": "Nil"
                }
            ],
            "numberOfTenderers": 11,
            "milestones": [
                {
                    "id": "1",
                    "title": "Published Date",
                    "type": "Pre-procurement milestones",
                    "dueDate": "2022-09-06 14:00"
                },
                {
                    "id": "2",
                    "title": "Document Download / Sale Start Date",
                    "type": "Pre-procurement milestones",
                    "dueDate": "2022-10-06 11:00"
                },
                {
                    "id": "3",
                    "title": "Clarification Start Date",
                    "type": "Pre-procurement milestones",
                    "dueDate": "2022-10-06 11:00"
                },
                {
                    "id": "4",
                    "title": "Bid Submission Start Date",
                    "type": "Pre-procurement milestones",
                    "dueDate": "2022-06-07 10:00"
                },
                {
                    "id": "5",
                    "title": "Bid Opening Date",
                    "type": "Pre-procurement milestones",
                    "dueDate": "2022-12-07 16:00"
                },
                {
                    "id": "6",
                    "title": "Document Download / Sale End Date",
                    "type": "Pre-procurement milestones",
                    "dueDate": "2022-12-07 14:00"
                },
                {
                    "id": "7",
                    "title": "Clarification End Date",
                    "type": "Pre-procurement milestones",
                    "dueDate": "2022-17-06 16:00"
                },
                {
                    "id": "8",
                    "title": "Bid Submission End Date",
                    "type": "Pre-procurement milestones",
                    "dueDate": "2022-12-07 14:00"
                }
            ],
            "fiscalYear": "2022-2023"
        }
    ],
    "bids": [
        {
            "id": 1,
            "details": [
                {
                    "id": "153265.0",
                    "date": "2022-12-07 13:36",
                    "status": "Rejected-Finance",
                    "tenderers": [
                        {
                            "id": "academyofmanagementstudiesams",
                            "name": "Academy of Management Studies (AMS)"
                        }
                    ]
                },
                {
                    "id": "153244.0",
                    "date": "2022-11-07 18:23",
                    "status": "Rejected-Finance",
                    "tenderers": [
                        {
                            "id": "atharvaplanningandresearchcentreprivatelimited",
                            "name": "Atharva Planning and Research Centre Private Limited"
                        }
                    ]
                },
                {
                    "id": "153294.0",
                    "date": "2022-12-07 13:18",
                    "status": "Rejected-Technical",
                    "tenderers": [
                        {
                            "id": "brandmantrapvtltd",
                            "name": "Brand Mantra Pvt ltd"
                        }
                    ]
                },
                {
                    "id": "152985.0",
                    "date": "2022-07-07 17:42",
                    "status": "Rejected-Finance",
                    "tenderers": [
                        {
                            "id": "dmginfraconsultingpvtltd",
                            "name": "DMG Infra & Consulting Pvt Ltd"
                        }
                    ]
                },
                {
                    "id": "153288.0",
                    "date": "2022-12-07 13:18",
                    "status": "Rejected-Finance",
                    "tenderers": [
                        {
                            "id": "nielsenindiaprivatelimited",
                            "name": "Nielsen India Private Limited"
                        }
                    ]
                },
                {
                    "id": "153232.0",
                    "date": "2022-11-07 16:16",
                    "status": "Rejected-Finance",
                    "tenderers": [
                        {
                            "id": "operationresearchguildindiapvtltd",
                            "name": "OPERATION RESEARCH GUILD INDIA PVT. LTD"
                        }
                    ]
                },
                {
                    "id": "153108.0",
                    "date": "2022-12-07 13:13",
                    "status": "Rejected-Finance",
                    "tenderers": [
                        {
                            "id": "socialmarketingdevelopmentresearchassociatesprivatelimited",
                            "name": "Social Marketing & Development Research Associates Private Limited"
                        }
                    ]
                },
                {
                    "id": "153275.0",
                    "date": "2022-12-07 13:42",
                    "status": "Rejected-Finance",
                    "tenderers": [
                        {
                            "id": "spectrumplanningindialimited",
                            "name": "SPECTRUM PLANNING INDIA LIMITED"
                        }
                    ]
                },
                {
                    "id": "153152.0",
                    "date": "2022-12-07 13:21",
                    "status": "Rejected-Finance",
                    "tenderers": [
                        {
                            "id": "sutraconsultingpvtltd",
                            "name": "Sutra Consulting Pvt. Ltd."
                        }
                    ]
                },
                {
                    "id": "153036.0",
                    "date": "2022-12-07 12:46",
                    "status": "Accepted-AOC",
                    "tenderers": [
                        {
                            "id": "socialnetworkindia",
                            "name": "Social Network india"
                        }
                    ]
                }
            ]
        }
    ],
    "statistics": [
        {
            "id": "1",
            "value": 5313989.0,
            "currency": "INR",
            "measure": "contractValue"
        }
    ],
    "awards": [
        {
            "id": 1,
            "value": [
                {
                    "amount": 5313989.0,
                    "currency": "INR"
                }
            ],
            "suppliers": [
                {
                    "id": "socialnetworkindia",
                    "name": "Social Network india"
                }
            ],
            "contractPeriod": [
                {
                    "startDate": "2022-12-10",
                    "durationInDays": 880
                }
            ]
        },
        {
            "id": 2,
            "value": [
                {
                    "amount": "5313989",
                    "currency": "INR"
                }
            ]
        }
    ]
}