{
    "ocid": "ocds-f5kvwu-2022_SYWA_26461_1",
    "id": "1",
    "date": "2024-11-27",
    "tag": [
        "tender"
    ],
    "initiationType": "tender",
    "parties": [
        {
            "id": "directorateofsportsandyouthwelfareassam",
            "name": "Directorate of Sports and Youth Welfare - Assam",
            "roles": [
                "buyer"
            ]
        },
        {
            "id": "bharalisportscentre",
            "name": "BHARALI SPORTS CENTRE",
            "roles": [
                "tenderer",
                "supplier"
            ]
        },
        {
            "id": "directorsportsandyouthwelfareassam",
            "name": "Director, Sports and Youth Welfare, Assam",
            "address": [
                {
                    "streetAddress": "Office of the Director of Sports and Youth Welfare, Assam Rudra Singha Sports Complex Dispur, Guwahati- 781006"
                }
            ],
            "roles": [
                "procuringEntity"
            ]
        }
    ],
    "buyer": [
        {
            "name": "Directorate of Sports and Youth Welfare - Assam",
            "id": "directorateofsportsandyouthwelfareassam"
        }
    ],
    "tender": [
        {
            "id": "2022_SYWA_26461_1",
            "identifiers": [
                {
                    "id": "DSY/S/KISCE/Assam/66/2022/1",
                    "scheme": "external"
                }
            ],
            "title": "PROCUREMENT OF PHYSIOTHERAPY EQUIPMENT FOR KHELO INDIA STATE CENTRE OF EXCELLENCE (KISCE), ASSAM",
            "description": "PROCUREMENT OF PHYSIOTHERAPY EQUIPMENT FOR KHELO INDIA STATE CENTRE OF EXCELLENCE (KISCE), ASSAM",
            "datePublished": "2022-26-07 16:00",
            "contractType": "Tender",
            "submissionTerms": [
                {
                    "allowPreferentialBidder": "No",
                    "allowMultiCurrencyFee": "No",
                    "allowMultiCurrencyBQQ": "No",
                    "bidValidityPeriod": [
                        {
                            "durationInDays": 60
                        }
                    ]
                }
            ],
            "procuringEntity": [
                {
                    "name": "Director, Sports and Youth Welfare, Assam",
                    "id": "directorsportsandyouthwelfareassam"
                }
            ],
            "items": [
                {
                    "id": "01",
                    "classification": [
                        {
                            "description": "Sports Goods/Equipments"
                        }
                    ],
                    "additionalClassifications": [
                        {
                            "description": "Work Item Details > Subcategory"
                        }
                    ],
                    "deliveryAddresses": [
                        {
                            "postalCode": "781006.0",
                            "streetAddress": "Guwahati"
                        }
                    ]
                }
            ],
            "procurementMethod": "Open Tender",
            "mainProcurementCategory": "Item Rate",
            "tenderPeriod": [
                {
                    "startDate": "2022-26-07 16:00",
                    "endDate": "2022-16-08 12:00",
                    "durationInDays": 20
                }
            ],
            "contractPeriod": [
                {
                    "durationInDays": 45
                }
            ],
            "communication": [
                {
                    "id": 1,
                    "documentAvailabilityPeriod": [
                        {
                            "startDate": "2022-26-07 16:00",
                            "endDate": "2022-16-08 12:00"
                        }
                    ]
                }
            ],
            "bidOpening": [
                {
                    "date": "2022-16-08 14:00",
                    "address": [
                        {
                            "streetAddress": "O/o Director of Sports and Youth Welfare, Assam"
                        }
                    ]
                }
            ],
            "participationFees": [
                {
                    "id": "01",
                    "value": [
                        {
                            "amount": 750.0,
                            "currency": "INR"
                        }
                    ],
                    "description": "Nil"
                }
            ],
            "numberOfTenderers": 5,
            "milestones": [
                {
                    "id": "1",
                    "title": "Published Date",
                    "type": "Pre-procurement milestones",
                    "dueDate": "2022-26-07 16:00"
                },
                {
                    "id": "2",
                    "title": "Document Download / Sale Start Date",
                    "type": "Pre-procurement milestones",
                    "dueDate": "2022-26-07 16:00"
                },
                {
                    "id": "3",
                    "title": "Bid Submission Start Date",
                    "type": "Pre-procurement milestones",
                    "dueDate": "2022-28-07 14:00"
                },
                {
                    "id": "4",
                    "title": "Bid Opening Date",
                    "type": "Pre-procurement milestones",
                    "dueDate": "2022-16-08 14:00"
                },
                {
                    "id": "5",
                    "title": "Document Download / Sale End Date",
                    "type": "Pre-procurement milestones",
                    "dueDate": "2022-16-08 12:00"
                },
                {
                    "id": "6",
                    "title": "Bid Submission End Date",
                    "type": "Pre-procurement milestones",
                    "dueDate": "2022-16-08 12:00"
                },
                {
                    "id": "7",
                    "title": "Financial Bid Opening Date",
                    "type": "Pre-procurement milestones",
                    "dueDate": "2022-23-08 17:00"
                }
            ],
            "fiscalYear": "2022-2023"
        }
    ],
    "bids": [
        {
            "id": 1,
            "details": [
                {
                    "id": "156056.0",
                    "date": "2022-14-08 11:08",
                    "status": "Accepted-AOC",
                    "tenderers": [
                        {
                            "id": "bharalisportscentre",
                            "name": "BHARALI SPORTS CENTRE"
                        }
                    ]
                }
            ]
        }
    ],
    "statistics": [
        {
            "id": "1",
            "value": 3483200.0,
            "currency": "INR",
            "measure": "contractValue"
        }
    ],
    "awards": [
        {
            "id": 1,
            "value": [
                {
                    "amount": 3483200.0,
                    "currency": "INR"
                }
            ],
            "suppliers": [
                {
                    "id": "bharalisportscentre",
                    "name": "BHARALI SPORTS CENTRE"
                }
            ],
            "contractPeriod": [
                {
                    "startDate": "2024-02-09",
                    "durationInDays": 15
                }
            ]
        },
        {
            "id": 2,
            "value": [
                {
                    "amount": "3483200",
                    "currency": "INR"
                }
            ]
        }
    ]
}