{
    "ocid": "ocds-f5kvwu-2022_APGCL_28397_1",
    "id": "1",
    "date": "2024-11-27",
    "tag": [
        "tender"
    ],
    "initiationType": "tender",
    "parties": [
        {
            "id": "assampowergenerationcompanylimited",
            "name": "Assam Power Generation Company Limited",
            "roles": [
                "buyer"
            ]
        },
        {
            "id": "logicgeotechandconstruction",
            "name": "LOGIC GEOTECH AND CONSTRUCTION",
            "roles": [
                "tenderer"
            ]
        },
        {
            "id": "newhorizonenterprise",
            "name": "New Horizon Enterprise",
            "roles": [
                "tenderer",
                "supplier"
            ]
        },
        {
            "id": "oceanstardivingservices",
            "name": "Ocean Star Diving Services",
            "roles": [
                "tenderer"
            ]
        },
        {
            "id": "cgmgen",
            "name": "CGM Gen",
            "address": [
                {
                    "streetAddress": "3rd Floor Bijulee Bhawan Paltan Bazar Guwahati 01"
                }
            ],
            "roles": [
                "procuringEntity"
            ]
        }
    ],
    "buyer": [
        {
            "name": "Assam Power Generation Company Limited",
            "id": "assampowergenerationcompanylimited"
        }
    ],
    "tender": [
        {
            "id": "2022_APGCL_28397_1",
            "identifiers": [
                {
                    "id": "APGCL CGM Gen HnC 2022 23 KLHEP Tunnel 23 18",
                    "scheme": "external"
                }
            ],
            "title": "Tunnel repairing",
            "description": "Repair and Rehabilitation of RCC lined Head Race Tunnel at 2 X 50 MW KLHEP",
            "datePublished": "2022-23-12 10:00",
            "contractType": "Tender",
            "submissionTerms": [
                {
                    "allowPreferentialBidder": "No",
                    "allowMultiCurrencyFee": "No",
                    "allowMultiCurrencyBQQ": "No",
                    "bidValidityPeriod": [
                        {
                            "durationInDays": 180
                        }
                    ]
                }
            ],
            "procuringEntity": [
                {
                    "name": "CGM Gen",
                    "id": "cgmgen"
                }
            ],
            "items": [
                {
                    "id": "01",
                    "classification": [
                        {
                            "description": "Civil Works"
                        }
                    ],
                    "additionalClassifications": [
                        {
                            "description": "Work Item Details > Subcategory"
                        }
                    ],
                    "deliveryAddresses": [
                        {
                            "postalCode": "782450.0",
                            "streetAddress": "Karbi Langpi Hydro Electric Project"
                        }
                    ]
                }
            ],
            "value": [
                {
                    "amount": 5718683.0,
                    "currency": "INR"
                }
            ],
            "procurementMethod": "Open Tender",
            "mainProcurementCategory": "Works",
            "tenderPeriod": [
                {
                    "startDate": "2022-23-12 10:00",
                    "endDate": "2023-11-01 12:00",
                    "durationInDays": 19
                }
            ],
            "contractPeriod": [
                {
                    "durationInDays": 60
                }
            ],
            "communication": [
                {
                    "id": 1,
                    "documentAvailabilityPeriod": [
                        {
                            "startDate": "2022-23-12 10:00",
                            "endDate": "2023-11-01 12:00"
                        }
                    ]
                }
            ],
            "bidOpening": [
                {
                    "date": "2023-11-01 15:00",
                    "address": [
                        {
                            "streetAddress": "office of cgm gen"
                        }
                    ]
                }
            ],
            "participationFees": [
                {
                    "id": "01",
                    "value": [
                        {
                            "amount": 1200.0,
                            "currency": "INR"
                        }
                    ],
                    "description": "Nil"
                }
            ],
            "numberOfTenderers": 4,
            "milestones": [
                {
                    "id": "1",
                    "title": "Published Date",
                    "type": "Pre-procurement milestones",
                    "dueDate": "2022-23-12 10:00"
                },
                {
                    "id": "2",
                    "title": "Document Download / Sale Start Date",
                    "type": "Pre-procurement milestones",
                    "dueDate": "2022-23-12 10:00"
                },
                {
                    "id": "3",
                    "title": "Bid Submission Start Date",
                    "type": "Pre-procurement milestones",
                    "dueDate": "2022-23-12 10:00"
                },
                {
                    "id": "4",
                    "title": "Bid Opening Date",
                    "type": "Pre-procurement milestones",
                    "dueDate": "2023-11-01 15:00"
                },
                {
                    "id": "5",
                    "title": "Document Download / Sale End Date",
                    "type": "Pre-procurement milestones",
                    "dueDate": "2023-11-01 12:00"
                },
                {
                    "id": "6",
                    "title": "Bid Submission End Date",
                    "type": "Pre-procurement milestones",
                    "dueDate": "2023-11-01 12:00"
                },
                {
                    "id": "7",
                    "title": "Financial Bid Opening Date",
                    "type": "Pre-procurement milestones",
                    "dueDate": "2023-21-01 17:00"
                }
            ],
            "fiscalYear": "2022-2023"
        }
    ],
    "bids": [
        {
            "id": 1,
            "details": [
                {
                    "id": "171770.0",
                    "date": "2023-10-01 18:48",
                    "status": "Rejected-AOC",
                    "tenderers": [
                        {
                            "id": "logicgeotechandconstruction",
                            "name": "LOGIC GEOTECH AND CONSTRUCTION"
                        }
                    ]
                },
                {
                    "id": "170988.0",
                    "date": "2023-10-01 20:39",
                    "status": "Rejected-Technical",
                    "tenderers": [
                        {
                            "id": "oceanstardivingservices",
                            "name": "Ocean Star Diving Services"
                        }
                    ]
                },
                {
                    "id": "171422.0",
                    "date": "2023-02-01 18:16",
                    "status": "Accepted-AOC",
                    "tenderers": [
                        {
                            "id": "newhorizonenterprise",
                            "name": "New Horizon Enterprise"
                        }
                    ]
                }
            ]
        }
    ],
    "statistics": [
        {
            "id": "1",
            "value": 4936485.0,
            "currency": "INR",
            "measure": "contractValue"
        }
    ],
    "awards": [
        {
            "id": 1,
            "value": [
                {
                    "amount": 4936485.0,
                    "currency": "INR"
                }
            ],
            "suppliers": [
                {
                    "id": "newhorizonenterprise",
                    "name": "New Horizon Enterprise"
                }
            ],
            "contractPeriod": [
                {
                    "startDate": "2024-12-03",
                    "durationInDays": 60
                }
            ]
        },
        {
            "id": 2,
            "value": [
                {
                    "amount": "4936485",
                    "currency": "INR"
                }
            ]
        }
    ]
}