{
    "ocid": "ocds-f5kvwu-2022_NHM_28018_80",
    "id": "1",
    "date": "2024-11-27",
    "tag": [
        "tender"
    ],
    "initiationType": "tender",
    "parties": [
        {
            "id": "nationalhealthmission",
            "name": "National Health Mission",
            "roles": [
                "buyer"
            ]
        },
        {
            "id": "mshorizonenterprise",
            "name": "M/S HORIZON ENTERPRISE",
            "roles": [
                "tenderer"
            ]
        },
        {
            "id": "srilankeswardas",
            "name": "SRI LANKESWAR DAS",
            "roles": [
                "tenderer"
            ]
        },
        {
            "id": "sriparthapratimphukan",
            "name": "Sri Partha Pratim Phukan",
            "roles": [
                "tenderer"
            ]
        },
        {
            "id": "tikandrajitmoran",
            "name": "Tikandrajit Moran",
            "roles": [
                "tenderer",
                "supplier"
            ]
        },
        {
            "id": "missiondirectornhmassam",
            "name": "Mission Director NHM Assam",
            "address": [
                {
                    "streetAddress": "O/o Mission Director,NHM,Assam,Christanbasti,Ghy-5"
                }
            ],
            "roles": [
                "procuringEntity"
            ]
        }
    ],
    "buyer": [
        {
            "name": "National Health Mission",
            "id": "nationalhealthmission"
        }
    ],
    "tender": [
        {
            "id": "2022_NHM_28018_80",
            "identifiers": [
                {
                    "id": "NHM 32031 4 2021 Construction NHM Part 34 62",
                    "scheme": "external"
                }
            ],
            "title": "Establishment of Proposed 6 bedded ward at various SHCs n PHCs of Assam under ECRP II NHM Assam Group 80 4 nos scheme in Dibrugarh district",
            "description": "Establishment of Proposed 6 bedded ward at various SHCs n PHCs of Assam under ECRP II NHM Assam Group 80 4 nos scheme in Dibrugarh district",
            "datePublished": "2022-07-12 09:00",
            "contractType": "Tender",
            "submissionTerms": [
                {
                    "allowPreferentialBidder": "No",
                    "allowMultiCurrencyFee": "No",
                    "allowMultiCurrencyBQQ": "No",
                    "bidValidityPeriod": [
                        {
                            "durationInDays": 180
                        }
                    ]
                }
            ],
            "procuringEntity": [
                {
                    "name": "Mission Director NHM Assam",
                    "id": "missiondirectornhmassam"
                }
            ],
            "items": [
                {
                    "id": "01",
                    "classification": [
                        {
                            "description": "Civil Works - Building"
                        }
                    ],
                    "additionalClassifications": [
                        {
                            "description": "Work Item Details > Subcategory"
                        }
                    ],
                    "deliveryAddresses": [
                        {
                            "postalCode": "786001.0",
                            "streetAddress": "Dibrugarh District"
                        }
                    ]
                }
            ],
            "value": [
                {
                    "amount": 4639828.0,
                    "currency": "INR"
                }
            ],
            "procurementMethod": "Open Tender",
            "mainProcurementCategory": "Turn-key",
            "tenderPeriod": [
                {
                    "startDate": "2022-07-12 09:00",
                    "endDate": "2022-29-12 14:00",
                    "durationInDays": 22
                }
            ],
            "contractPeriod": [
                {
                    "durationInDays": 120
                }
            ],
            "communication": [
                {
                    "id": 1,
                    "documentAvailabilityPeriod": [
                        {
                            "startDate": "2022-07-12 09:00",
                            "endDate": "2022-29-12 14:00"
                        }
                    ]
                }
            ],
            "bidOpening": [
                {
                    "date": "2022-30-12 15:30",
                    "address": [
                        {
                            "streetAddress": "O/o Mission Director,NHM,Assam,Christanbasti,Ghy-5"
                        }
                    ]
                }
            ],
            "participationFees": [
                {
                    "id": "01",
                    "value": [
                        {
                            "amount": 950.0,
                            "currency": "INR"
                        }
                    ],
                    "description": "Nil"
                }
            ],
            "numberOfTenderers": 6,
            "milestones": [
                {
                    "id": "1",
                    "title": "Published Date",
                    "type": "Pre-procurement milestones",
                    "dueDate": "2022-07-12 09:00"
                },
                {
                    "id": "2",
                    "title": "Document Download / Sale Start Date",
                    "type": "Pre-procurement milestones",
                    "dueDate": "2022-07-12 09:00"
                },
                {
                    "id": "3",
                    "title": "Bid Submission Start Date",
                    "type": "Pre-procurement milestones",
                    "dueDate": "2022-07-12 09:10"
                },
                {
                    "id": "4",
                    "title": "Bid Opening Date",
                    "type": "Pre-procurement milestones",
                    "dueDate": "2022-30-12 15:30"
                },
                {
                    "id": "5",
                    "title": "Document Download / Sale End Date",
                    "type": "Pre-procurement milestones",
                    "dueDate": "2022-29-12 14:00"
                },
                {
                    "id": "6",
                    "title": "Bid Submission End Date",
                    "type": "Pre-procurement milestones",
                    "dueDate": "2022-29-12 14:00"
                },
                {
                    "id": "7",
                    "title": "Financial Bid Opening Date",
                    "type": "Pre-procurement milestones",
                    "dueDate": "2023-06-03 09:00"
                }
            ],
            "fiscalYear": "2022-2023"
        }
    ],
    "bids": [
        {
            "id": 1,
            "details": [
                {
                    "id": "167974.0",
                    "date": "2022-29-12 10:52",
                    "status": "Not Admitted-Finance",
                    "tenderers": [
                        {
                            "id": "mshorizonenterprise",
                            "name": "M/S HORIZON ENTERPRISE"
                        }
                    ]
                },
                {
                    "id": "170944.0",
                    "date": "2022-29-12 12:29",
                    "status": "Rejected-AOC",
                    "tenderers": [
                        {
                            "id": "srilankeswardas",
                            "name": "SRI LANKESWAR DAS"
                        }
                    ]
                },
                {
                    "id": "170960.0",
                    "date": "2022-29-12 03:52",
                    "status": "Not Admitted-Fee/PreQual/Technical",
                    "tenderers": [
                        {
                            "id": "sriparthapratimphukan",
                            "name": "Sri Partha Pratim Phukan"
                        }
                    ]
                },
                {
                    "id": "170894.0",
                    "date": "2022-29-12 13:47",
                    "status": "Accepted-AOC",
                    "tenderers": [
                        {
                            "id": "tikandrajitmoran",
                            "name": "Tikandrajit Moran"
                        }
                    ]
                }
            ]
        }
    ],
    "statistics": [
        {
            "id": "1",
            "value": 4638900.03,
            "currency": "INR",
            "measure": "contractValue"
        }
    ],
    "awards": [
        {
            "id": 1,
            "value": [
                {
                    "amount": 4638900.03,
                    "currency": "INR"
                }
            ],
            "suppliers": [
                {
                    "id": "tikandrajitmoran",
                    "name": "Tikandrajit Moran"
                }
            ],
            "contractPeriod": [
                {
                    "startDate": "2024-03-07",
                    "durationInDays": 120
                }
            ]
        },
        {
            "id": 2,
            "value": [
                {
                    "amount": "463890003",
                    "currency": "INR"
                }
            ]
        }
    ]
}