{
    "ocid": "ocds-f5kvwu-2022_SYWA_24926_1",
    "id": "1",
    "date": "2024-11-27",
    "tag": [
        "tender"
    ],
    "initiationType": "tender",
    "parties": [
        {
            "id": "directorateofsportsandyouthwelfareassam",
            "name": "Directorate of Sports and Youth Welfare - Assam",
            "roles": [
                "buyer"
            ]
        },
        {
            "id": "bharalisportscentre",
            "name": "BHARALI SPORTS CENTRE",
            "roles": [
                "tenderer",
                "supplier"
            ]
        },
        {
            "id": "lifestylefitnessco",
            "name": "LIFESTYLE FITNESS CO",
            "roles": [
                "tenderer"
            ]
        },
        {
            "id": "officeofthedirectorofsportsandyouthwelfare",
            "name": "Office of the Director of Sports and Youth Welfare",
            "address": [
                {
                    "streetAddress": "Office of the Director of Sports and Youth Welfare, Assam Rudra Singha Sports Complex Dispur, Guwahati- 781006"
                }
            ],
            "roles": [
                "procuringEntity"
            ]
        }
    ],
    "buyer": [
        {
            "name": "Directorate of Sports and Youth Welfare - Assam",
            "id": "directorateofsportsandyouthwelfareassam"
        }
    ],
    "tender": [
        {
            "id": "2022_SYWA_24926_1",
            "identifiers": [
                {
                    "id": "DSY/S/KISCE/Assam/19/2022/13",
                    "scheme": "external"
                }
            ],
            "title": "PROCUREMENT OF GENERAL SPORTS KITS FOR KHELO INDIA STATE CENTRE OF EXCELLENCE (KISCE), ASSAM",
            "description": "PROCUREMENT OF GENERAL SPORTS KITS FOR KHELO INDIA STATE CENTRE OF EXCELLENCE (KISCE), ASSAM",
            "datePublished": "2022-31-03 16:30",
            "contractType": "Tender",
            "submissionTerms": [
                {
                    "allowPreferentialBidder": "No",
                    "allowMultiCurrencyFee": "No",
                    "allowMultiCurrencyBQQ": "No",
                    "bidValidityPeriod": [
                        {
                            "durationInDays": 60
                        }
                    ]
                }
            ],
            "procuringEntity": [
                {
                    "name": "Office of the Director of Sports and Youth Welfare",
                    "id": "officeofthedirectorofsportsandyouthwelfare"
                }
            ],
            "items": [
                {
                    "id": "01",
                    "classification": [
                        {
                            "description": "Sports Goods/Equipments"
                        }
                    ],
                    "additionalClassifications": [
                        {
                            "description": "Work Item Details > Subcategory"
                        }
                    ],
                    "deliveryAddresses": [
                        {
                            "postalCode": "781006.0",
                            "streetAddress": "Guwahati"
                        }
                    ]
                }
            ],
            "procurementMethod": "Open Tender",
            "mainProcurementCategory": "Item Rate",
            "tenderPeriod": [
                {
                    "startDate": "2022-31-03 16:30",
                    "endDate": "2022-22-04 12:00",
                    "durationInDays": 21
                }
            ],
            "contractPeriod": [
                {
                    "durationInDays": 45
                }
            ],
            "communication": [
                {
                    "id": 1,
                    "documentAvailabilityPeriod": [
                        {
                            "startDate": "2022-31-03 16:30",
                            "endDate": "2022-22-04 12:00"
                        }
                    ]
                }
            ],
            "bidOpening": [
                {
                    "date": "2022-25-04 14:00",
                    "address": [
                        {
                            "streetAddress": "Office of the Director of Sports and Youth Welfare"
                        }
                    ]
                }
            ],
            "participationFees": [
                {
                    "id": "01",
                    "value": [
                        {
                            "amount": 600.0,
                            "currency": "INR"
                        }
                    ],
                    "description": "Nil"
                }
            ],
            "numberOfTenderers": 4,
            "milestones": [
                {
                    "id": "1",
                    "title": "Published Date",
                    "type": "Pre-procurement milestones",
                    "dueDate": "2022-31-03 16:30"
                },
                {
                    "id": "2",
                    "title": "Document Download / Sale Start Date",
                    "type": "Pre-procurement milestones",
                    "dueDate": "2022-31-03 16:30"
                },
                {
                    "id": "3",
                    "title": "Bid Submission Start Date",
                    "type": "Pre-procurement milestones",
                    "dueDate": "2022-01-04 15:00"
                },
                {
                    "id": "4",
                    "title": "Bid Opening Date",
                    "type": "Pre-procurement milestones",
                    "dueDate": "2022-25-04 14:00"
                },
                {
                    "id": "5",
                    "title": "Document Download / Sale End Date",
                    "type": "Pre-procurement milestones",
                    "dueDate": "2022-22-04 12:00"
                },
                {
                    "id": "6",
                    "title": "Bid Submission End Date",
                    "type": "Pre-procurement milestones",
                    "dueDate": "2022-22-04 12:00"
                },
                {
                    "id": "7",
                    "title": "Financial Bid Opening Date",
                    "type": "Pre-procurement milestones",
                    "dueDate": "2022-13-05 15:20"
                }
            ],
            "fiscalYear": "2021-2022"
        }
    ],
    "bids": [
        {
            "id": 1,
            "details": [
                {
                    "id": "146292.0",
                    "date": "2022-21-04 19:22",
                    "status": "Rejected-Finance",
                    "tenderers": [
                        {
                            "id": "lifestylefitnessco",
                            "name": "LIFESTYLE FITNESS CO"
                        }
                    ]
                },
                {
                    "id": "146342.0",
                    "date": "2022-21-04 13:00",
                    "status": "Accepted-AOC",
                    "tenderers": [
                        {
                            "id": "bharalisportscentre",
                            "name": "BHARALI SPORTS CENTRE"
                        }
                    ]
                }
            ]
        }
    ],
    "statistics": [
        {
            "id": "1",
            "value": 1785.0,
            "currency": "INR",
            "measure": "contractValue"
        }
    ],
    "awards": [
        {
            "id": 1,
            "value": [
                {
                    "amount": 1785.0,
                    "currency": "INR"
                }
            ],
            "suppliers": [
                {
                    "id": "bharalisportscentre",
                    "name": "BHARALI SPORTS CENTRE"
                }
            ],
            "contractPeriod": [
                {
                    "startDate": "2024-02-09",
                    "durationInDays": 15
                }
            ]
        },
        {
            "id": 2,
            "value": [
                {
                    "amount": "1785",
                    "currency": "INR"
                }
            ]
        }
    ]
}