{
    "ocid": "ocds-f5kvwu-2022_IWT_27637_8",
    "id": "1",
    "date": "2024-11-27",
    "tag": [
        "tender"
    ],
    "initiationType": "tender",
    "parties": [
        {
            "id": "inlandwatertransport",
            "name": "Inland Water Transport",
            "roles": [
                "buyer"
            ]
        },
        {
            "id": "horimohansingha",
            "name": "HORIMOHAN SINGHA",
            "roles": [
                "tenderer",
                "supplier"
            ]
        },
        {
            "id": "tajmazumder",
            "name": "Taj Mazumder",
            "roles": [
                "tenderer"
            ]
        },
        {
            "id": "executiveengineer",
            "name": "Executive Engineer",
            "address": [
                {
                    "streetAddress": "Executive Engineer, Inland Water Transport, Silchar, Division"
                }
            ],
            "roles": [
                "procuringEntity"
            ]
        }
    ],
    "buyer": [
        {
            "name": "Inland Water Transport",
            "id": "inlandwatertransport"
        }
    ],
    "tender": [
        {
            "id": "2022_IWT_27637_8",
            "identifiers": [
                {
                    "id": "SWT / Misc-39 / Pt-XVI / 2022-24 / 5774-94",
                    "scheme": "external"
                }
            ],
            "title": "LEASING OUT OF LATHIMARA FERRY SERVICES , SILCHAR",
            "description": "LEASING OUT OF I.W.T. FERRY SERVICES UNDER IWT DIVISION SILCHAR FOR THE FINANCIALYEAR 2022-2024",
            "datePublished": "2022-07-11 18:00",
            "contractType": "Tender",
            "submissionTerms": [
                {
                    "allowPreferentialBidder": "No",
                    "allowMultiCurrencyFee": "No",
                    "allowMultiCurrencyBQQ": "No",
                    "bidValidityPeriod": [
                        {
                            "durationInDays": 90
                        }
                    ]
                }
            ],
            "procuringEntity": [
                {
                    "name": "Executive Engineer",
                    "id": "executiveengineer"
                }
            ],
            "items": [
                {
                    "id": "01",
                    "classification": [
                        {
                            "description": "Miscellaneous Services"
                        }
                    ],
                    "additionalClassifications": [
                        {
                            "description": "Work Item Details > Subcategory"
                        }
                    ],
                    "deliveryAddresses": [
                        {
                            "postalCode": "788003.0",
                            "streetAddress": "Lathimara, Silchar"
                        }
                    ]
                }
            ],
            "value": [
                {
                    "amount": 252788.0,
                    "currency": "INR"
                }
            ],
            "procurementMethod": "Open Tender",
            "mainProcurementCategory": "Item Wise",
            "tenderPeriod": [
                {
                    "startDate": "2022-07-11 18:00",
                    "endDate": "2022-26-11 14:00",
                    "durationInDays": 18
                }
            ],
            "contractPeriod": [
                {
                    "durationInDays": 180
                }
            ],
            "communication": [
                {
                    "id": 1,
                    "documentAvailabilityPeriod": [
                        {
                            "startDate": "2022-07-11 18:00",
                            "endDate": "2022-26-11 14:00"
                        }
                    ]
                }
            ],
            "bidOpening": [
                {
                    "date": "2022-28-11 15:00",
                    "address": [
                        {
                            "streetAddress": "O/O The IWT, Silchar"
                        }
                    ]
                }
            ],
            "participationFees": [
                {
                    "id": "01",
                    "value": [
                        {
                            "amount": 500.0,
                            "currency": "INR"
                        }
                    ],
                    "description": "Nil"
                }
            ],
            "numberOfTenderers": 4,
            "milestones": [
                {
                    "id": "1",
                    "title": "Published Date",
                    "type": "Pre-procurement milestones",
                    "dueDate": "2022-07-11 18:00"
                },
                {
                    "id": "2",
                    "title": "Document Download / Sale Start Date",
                    "type": "Pre-procurement milestones",
                    "dueDate": "2022-07-11 18:00"
                },
                {
                    "id": "3",
                    "title": "Bid Submission Start Date",
                    "type": "Pre-procurement milestones",
                    "dueDate": "2022-13-11 16:00"
                },
                {
                    "id": "4",
                    "title": "Bid Opening Date",
                    "type": "Pre-procurement milestones",
                    "dueDate": "2022-28-11 15:00"
                },
                {
                    "id": "5",
                    "title": "Document Download / Sale End Date",
                    "type": "Pre-procurement milestones",
                    "dueDate": "2022-26-11 14:00"
                },
                {
                    "id": "6",
                    "title": "Bid Submission End Date",
                    "type": "Pre-procurement milestones",
                    "dueDate": "2022-26-11 14:00"
                },
                {
                    "id": "7",
                    "title": "Financial Bid Opening Date",
                    "type": "Pre-procurement milestones",
                    "dueDate": "2023-04-02 16:20"
                }
            ],
            "fiscalYear": "2022-2023"
        }
    ],
    "bids": [
        {
            "id": 1,
            "details": [
                {
                    "id": "163978.0",
                    "date": "2022-25-11 23:15",
                    "status": "Rejected-Finance",
                    "tenderers": [
                        {
                            "id": "tajmazumder",
                            "name": "Taj Mazumder"
                        }
                    ]
                },
                {
                    "id": "163970.0",
                    "date": "2022-25-11 19:43",
                    "status": "Accepted-AOC",
                    "tenderers": [
                        {
                            "id": "horimohansingha",
                            "name": "HORIMOHAN SINGHA"
                        }
                    ]
                }
            ]
        }
    ],
    "statistics": [
        {
            "id": "1",
            "value": 394565.0,
            "currency": "INR",
            "measure": "contractValue"
        }
    ],
    "awards": [
        {
            "id": 1,
            "description": "Highest qualified bidder",
            "value": [
                {
                    "amount": 394565.0,
                    "currency": "INR"
                }
            ],
            "suppliers": [
                {
                    "id": "horimohansingha",
                    "name": "HORIMOHAN SINGHA"
                }
            ],
            "contractPeriod": [
                {
                    "startDate": "2024-05-09",
                    "durationInDays": 180
                }
            ]
        },
        {
            "id": 2,
            "value": [
                {
                    "amount": "394565",
                    "currency": "INR"
                }
            ]
        }
    ]
}