{
    "ocid": "ocds-f5kvwu-2022_PHED_28231_1",
    "id": "1",
    "date": "2024-11-27",
    "tag": [
        "tender"
    ],
    "initiationType": "tender",
    "parties": [
        {
            "id": "publichealthengineeringdepartment",
            "name": "Public Health Engineering Department",
            "roles": [
                "buyer"
            ]
        },
        {
            "id": "bxprosolutionsprivatelimited",
            "name": "BXPRO SOLUTIONS PRIVATE LIMITED",
            "roles": [
                "tenderer"
            ]
        },
        {
            "id": "callippussolutionsprivatelimited",
            "name": "Callippus Solutions Private Limited",
            "roles": [
                "tenderer"
            ]
        },
        {
            "id": "cyberswiftinfotechpvtltd",
            "name": "CyberSWIFT Infotech Pvt. Ltd.",
            "roles": [
                "tenderer"
            ]
        },
        {
            "id": "designomationtechnovateprivatelimited",
            "name": "DESIGNOMATION TECHNOVATE PRIVATE LIMITED",
            "roles": [
                "tenderer",
                "supplier"
            ]
        },
        {
            "id": "dkumarandsales",
            "name": "D KUMAR AND SALES",
            "roles": [
                "tenderer"
            ]
        },
        {
            "id": "esdssoftwaresolutionltd",
            "name": "ESDS Software Solution Ltd",
            "roles": [
                "tenderer",
                "supplier"
            ]
        },
        {
            "id": "expedienesolutionslimited",
            "name": "Expedien eSolutions Limited",
            "roles": [
                "tenderer"
            ]
        },
        {
            "id": "feedbackinfrapvtltd",
            "name": "Feedback Infra Pvt. Ltd.",
            "roles": [
                "tenderer"
            ]
        },
        {
            "id": "garudalyticsprivatelimited",
            "name": "Garudalytics Private Limited",
            "roles": [
                "tenderer"
            ]
        },
        {
            "id": "msparserindia",
            "name": "M/S PARSER INDIA",
            "roles": [
                "tenderer"
            ]
        },
        {
            "id": "nimbussystemsprivatelimited",
            "name": "NIMBUS SYSTEMS PRIVATE LIMITED",
            "roles": [
                "tenderer"
            ]
        },
        {
            "id": "novocomputing",
            "name": "NOVO COMPUTING",
            "roles": [
                "tenderer"
            ]
        },
        {
            "id": "sinhaludyog",
            "name": "SINHAL UDYOG",
            "roles": [
                "tenderer"
            ]
        },
        {
            "id": "ssbdigitalprivatelimited",
            "name": "SSB DIGITAL PRIVATE LIMITED",
            "roles": [
                "tenderer"
            ]
        },
        {
            "id": "sumatoglobaltechpvtltd",
            "name": "Sumato Globaltech Pvt. Ltd.",
            "roles": [
                "tenderer",
                "supplier"
            ]
        },
        {
            "id": "toshanitechnologiespvtltd",
            "name": "TOSHANI TECHNOLOGIES PVT. LTD.",
            "roles": [
                "tenderer",
                "supplier"
            ]
        },
        {
            "id": "cephewaterassam",
            "name": "CE PHE Water Assam",
            "address": [
                {
                    "streetAddress": "Hengrabari, Guwahati-36"
                }
            ],
            "roles": [
                "procuringEntity"
            ]
        }
    ],
    "buyer": [
        {
            "name": "Public Health Engineering Department",
            "id": "publichealthengineeringdepartment"
        }
    ],
    "tender": [
        {
            "id": "2022_PHED_28231_1",
            "identifiers": [
                {
                    "id": "JJMA_16_PROC_2022_22053_58",
                    "scheme": "external"
                }
            ],
            "title": "Design and development of JJM information management system under JJM Assam",
            "description": "Design development deployment and maintenance of Jal Jeevan Mission information management system under JJM Assam",
            "datePublished": "2022-16-12 14:00",
            "contractType": "Tender",
            "submissionTerms": [
                {
                    "allowPreferentialBidder": "No",
                    "allowMultiCurrencyFee": "No",
                    "allowMultiCurrencyBQQ": "No",
                    "bidValidityPeriod": [
                        {
                            "durationInDays": 90
                        }
                    ]
                }
            ],
            "procuringEntity": [
                {
                    "name": "CE PHE Water Assam",
                    "id": "cephewaterassam"
                }
            ],
            "items": [
                {
                    "id": "01",
                    "classification": [
                        {
                            "description": "Consultancy"
                        }
                    ],
                    "additionalClassifications": [
                        {
                            "description": "Work Item Details > Subcategory"
                        }
                    ],
                    "deliveryAddresses": [
                        {
                            "postalCode": "781036.0",
                            "streetAddress": "Guwahati"
                        }
                    ]
                }
            ],
            "value": [
                {
                    "amount": 0.0,
                    "currency": "INR"
                }
            ],
            "procurementMethod": "Open Tender",
            "mainProcurementCategory": "EOI",
            "tenderPeriod": [
                {
                    "startDate": "2022-16-12 14:00",
                    "endDate": "2022-30-12 16:00",
                    "durationInDays": 14
                }
            ],
            "contractPeriod": [
                {
                    "durationInDays": 365
                }
            ],
            "communication": [
                {
                    "id": 1,
                    "documentAvailabilityPeriod": [
                        {
                            "startDate": "2022-16-12 14:00",
                            "endDate": "2022-30-12 16:00"
                        }
                    ]
                }
            ],
            "bidOpening": [
                {
                    "date": "2022-31-12 15:00",
                    "address": [
                        {
                            "streetAddress": "O o CE PHE Water Assam"
                        }
                    ]
                }
            ],
            "participationFees": [
                {
                    "id": "01",
                    "value": [
                        {
                            "amount": 0.0,
                            "currency": "INR"
                        }
                    ],
                    "description": "Nil"
                }
            ],
            "numberOfTenderers": 17,
            "milestones": [
                {
                    "id": "1",
                    "title": "Published Date",
                    "type": "Pre-procurement milestones",
                    "dueDate": "2022-16-12 14:00"
                },
                {
                    "id": "2",
                    "title": "Document Download / Sale Start Date",
                    "type": "Pre-procurement milestones",
                    "dueDate": "2022-16-12 14:00"
                },
                {
                    "id": "3",
                    "title": "Bid Submission Start Date",
                    "type": "Pre-procurement milestones",
                    "dueDate": "2022-16-12 16:00"
                },
                {
                    "id": "4",
                    "title": "Bid Opening Date",
                    "type": "Pre-procurement milestones",
                    "dueDate": "2022-31-12 15:00"
                },
                {
                    "id": "5",
                    "title": "Document Download / Sale End Date",
                    "type": "Pre-procurement milestones",
                    "dueDate": "2022-30-12 16:00"
                },
                {
                    "id": "6",
                    "title": "Bid Submission End Date",
                    "type": "Pre-procurement milestones",
                    "dueDate": "2022-30-12 16:00"
                }
            ],
            "fiscalYear": "2022-2023"
        }
    ],
    "bids": [
        {
            "id": 1,
            "details": [
                {
                    "id": "171152.0",
                    "date": "2022-29-12 20:23",
                    "status": "Rejected-Technical",
                    "tenderers": [
                        {
                            "id": "bxprosolutionsprivatelimited",
                            "name": "BXPRO SOLUTIONS PRIVATE LIMITED"
                        }
                    ]
                },
                {
                    "id": "170891.0",
                    "date": "2022-29-12 17:45",
                    "status": "Rejected-Technical",
                    "tenderers": [
                        {
                            "id": "callippussolutionsprivatelimited",
                            "name": "Callippus Solutions Private Limited"
                        }
                    ]
                },
                {
                    "id": "171051.0",
                    "date": "2022-29-12 11:46",
                    "status": "Rejected-Technical",
                    "tenderers": [
                        {
                            "id": "cyberswiftinfotechpvtltd",
                            "name": "CyberSWIFT Infotech Pvt. Ltd."
                        }
                    ]
                },
                {
                    "id": "171062.0",
                    "date": "2022-29-12 12:21",
                    "status": "Rejected-Technical",
                    "tenderers": [
                        {
                            "id": "dkumarandsales",
                            "name": "D KUMAR AND SALES"
                        }
                    ]
                },
                {
                    "id": "171101.0",
                    "date": "2022-29-12 15:24",
                    "status": "Rejected-Technical",
                    "tenderers": [
                        {
                            "id": "expedienesolutionslimited",
                            "name": "Expedien eSolutions Limited"
                        }
                    ]
                },
                {
                    "id": "171237.0",
                    "date": "2022-30-12 15:58",
                    "status": "Rejected-Technical",
                    "tenderers": [
                        {
                            "id": "feedbackinfrapvtltd",
                            "name": "Feedback Infra Pvt. Ltd."
                        }
                    ]
                },
                {
                    "id": "171175.0",
                    "date": "2022-30-12 10:57",
                    "status": "Rejected-Technical",
                    "tenderers": [
                        {
                            "id": "garudalyticsprivatelimited",
                            "name": "Garudalytics Private Limited"
                        }
                    ]
                },
                {
                    "id": "171138.0",
                    "date": "2022-30-12 13:51",
                    "status": "Rejected-Technical",
                    "tenderers": [
                        {
                            "id": "msparserindia",
                            "name": "M/S PARSER INDIA"
                        }
                    ]
                },
                {
                    "id": "170788.0",
                    "date": "2022-27-12 13:43",
                    "status": "Rejected-Technical",
                    "tenderers": [
                        {
                            "id": "nimbussystemsprivatelimited",
                            "name": "NIMBUS SYSTEMS PRIVATE LIMITED"
                        }
                    ]
                },
                {
                    "id": "171202.0",
                    "date": "2022-30-12 12:42",
                    "status": "Rejected-Technical",
                    "tenderers": [
                        {
                            "id": "novocomputing",
                            "name": "NOVO COMPUTING"
                        }
                    ]
                },
                {
                    "id": "171234.0",
                    "date": "2022-30-12 15:52",
                    "status": "Rejected-Technical",
                    "tenderers": [
                        {
                            "id": "sinhaludyog",
                            "name": "SINHAL UDYOG"
                        }
                    ]
                },
                {
                    "id": "171128.0",
                    "date": "2022-30-12 13:31",
                    "status": "Rejected-Technical",
                    "tenderers": [
                        {
                            "id": "ssbdigitalprivatelimited",
                            "name": "SSB DIGITAL PRIVATE LIMITED"
                        }
                    ]
                },
                {
                    "id": "170307.0",
                    "date": "2022-29-12 12:36",
                    "status": "Accepted-AOC",
                    "tenderers": [
                        {
                            "id": "designomationtechnovateprivatelimited",
                            "name": "DESIGNOMATION TECHNOVATE PRIVATE LIMITED"
                        }
                    ]
                },
                {
                    "id": "171098.0",
                    "date": "2022-30-12 14:40",
                    "status": "Accepted-AOC",
                    "tenderers": [
                        {
                            "id": "esdssoftwaresolutionltd",
                            "name": "ESDS Software Solution Ltd"
                        }
                    ]
                },
                {
                    "id": "170810.0",
                    "date": "2022-30-12 15:57",
                    "status": "Accepted-AOC",
                    "tenderers": [
                        {
                            "id": "sumatoglobaltechpvtltd",
                            "name": "Sumato Globaltech Pvt. Ltd."
                        }
                    ]
                },
                {
                    "id": "168507.0",
                    "date": "2022-29-12 14:21",
                    "status": "Accepted-AOC",
                    "tenderers": [
                        {
                            "id": "toshanitechnologiespvtltd",
                            "name": "TOSHANI TECHNOLOGIES PVT. LTD."
                        }
                    ]
                }
            ]
        }
    ],
    "statistics": [
        {
            "id": "1",
            "value": 1.0,
            "currency": "INR",
            "measure": "contractValue"
        }
    ],
    "awards": [
        {
            "id": 1,
            "description": "Minutes of Design and development of JJM information management system under JJM Assam",
            "value": [
                {
                    "amount": 1.0,
                    "currency": "INR"
                }
            ],
            "suppliers": [
                {
                    "id": "esdssoftwaresolutionltd",
                    "name": "ESDS Software Solution Ltd"
                },
                {
                    "id": "sumatoglobaltechpvtltd",
                    "name": "Sumato Globaltech Pvt. Ltd."
                },
                {
                    "id": "designomationtechnovateprivatelimited",
                    "name": "DESIGNOMATION TECHNOVATE PRIVATE LIMITED"
                },
                {
                    "id": "toshanitechnologiespvtltd",
                    "name": "TOSHANI TECHNOLOGIES PVT. LTD."
                }
            ],
            "contractPeriod": [
                {
                    "startDate": "2024-15-05",
                    "durationInDays": 365
                }
            ]
        },
        {
            "id": 2,
            "value": [
                {
                    "amount": 1.0,
                    "currency": "INR"
                }
            ]
        }
    ]
}