{
    "ocid": "ocds-f5kvwu-2022_WPTBC_26271_1",
    "id": "1",
    "date": "2024-11-27",
    "tag": [
        "tender"
    ],
    "initiationType": "tender",
    "parties": [
        {
            "id": "welfareofplaintribesandbackwardclasses",
            "name": "Welfare of Plain Tribes and Backward Classes",
            "roles": [
                "buyer"
            ]
        },
        {
            "id": "kamakhyaenterprises",
            "name": "KAMAKHYA ENTERPRISES",
            "roles": [
                "tenderer",
                "supplier"
            ]
        },
        {
            "id": "mstirupatienterprise",
            "name": "M/S TIRUPATI ENTERPRISE",
            "roles": [
                "tenderer"
            ]
        },
        {
            "id": "rishiandcompany",
            "name": "Rishi and Company",
            "roles": [
                "tenderer",
                "supplier"
            ]
        },
        {
            "id": "selection",
            "name": "SELECTION",
            "roles": [
                "tenderer",
                "supplier"
            ]
        },
        {
            "id": "principalsecretarytkac",
            "name": "Principal Secretary TKAC",
            "address": [
                {
                    "streetAddress": "O/o Principal Secretary TKAC"
                }
            ],
            "roles": [
                "procuringEntity"
            ]
        }
    ],
    "buyer": [
        {
            "name": "Welfare of Plain Tribes and Backward Classes",
            "id": "welfareofplaintribesandbackwardclasses"
        }
    ],
    "tender": [
        {
            "id": "2022_WPTBC_26271_1",
            "identifiers": [
                {
                    "id": "TKAC/111/2021-22",
                    "scheme": "external"
                }
            ],
            "title": "Supply of Items For the Year 2022-23",
            "description": "Supply of Items For the Year 2022-23",
            "datePublished": "2022-08-07 17:00",
            "contractType": "Tender",
            "submissionTerms": [
                {
                    "allowPreferentialBidder": "No",
                    "allowMultiCurrencyFee": "No",
                    "allowMultiCurrencyBQQ": "No",
                    "bidValidityPeriod": [
                        {
                            "durationInDays": 180
                        }
                    ]
                }
            ],
            "procuringEntity": [
                {
                    "name": "Principal Secretary TKAC",
                    "id": "principalsecretarytkac"
                }
            ],
            "items": [
                {
                    "id": "01",
                    "classification": [
                        {
                            "description": "Machineries"
                        }
                    ],
                    "additionalClassifications": [
                        {
                            "description": "Work Item Details > Subcategory"
                        }
                    ],
                    "deliveryAddresses": [
                        {
                            "postalCode": "785630.0",
                            "streetAddress": "Jorhat"
                        }
                    ]
                }
            ],
            "procurementMethod": "Open Tender",
            "mainProcurementCategory": "Item Rate",
            "tenderPeriod": [
                {
                    "startDate": "2022-08-07 17:00",
                    "endDate": "2022-22-07 13:00",
                    "durationInDays": 13
                }
            ],
            "contractPeriod": [
                {
                    "durationInDays": 45
                }
            ],
            "communication": [
                {
                    "id": 1,
                    "documentAvailabilityPeriod": [
                        {
                            "startDate": "2022-08-07 17:00",
                            "endDate": "2022-22-07 13:00"
                        }
                    ]
                }
            ],
            "bidOpening": [
                {
                    "date": "2022-22-07 15:00",
                    "address": [
                        {
                            "streetAddress": "O/o Principal Secretary TKAC"
                        }
                    ]
                }
            ],
            "participationFees": [
                {
                    "id": "01",
                    "value": [
                        {
                            "amount": 20000.0,
                            "currency": "INR"
                        }
                    ],
                    "description": "Nil"
                }
            ],
            "numberOfTenderers": 5,
            "milestones": [
                {
                    "id": "1",
                    "title": "Published Date",
                    "type": "Pre-procurement milestones",
                    "dueDate": "2022-08-07 17:00"
                },
                {
                    "id": "2",
                    "title": "Document Download / Sale Start Date",
                    "type": "Pre-procurement milestones",
                    "dueDate": "2022-08-07 17:00"
                },
                {
                    "id": "3",
                    "title": "Bid Submission Start Date",
                    "type": "Pre-procurement milestones",
                    "dueDate": "2022-09-07 11:00"
                },
                {
                    "id": "4",
                    "title": "Bid Opening Date",
                    "type": "Pre-procurement milestones",
                    "dueDate": "2022-22-07 15:00"
                },
                {
                    "id": "5",
                    "title": "Document Download / Sale End Date",
                    "type": "Pre-procurement milestones",
                    "dueDate": "2022-22-07 13:00"
                },
                {
                    "id": "6",
                    "title": "Bid Submission End Date",
                    "type": "Pre-procurement milestones",
                    "dueDate": "2022-22-07 13:00"
                },
                {
                    "id": "7",
                    "title": "Financial Bid Opening Date",
                    "type": "Pre-procurement milestones",
                    "dueDate": "2022-28-07 16:30"
                }
            ],
            "fiscalYear": "2022-2023"
        }
    ],
    "bids": [
        {
            "id": 1,
            "details": [
                {
                    "id": "154054.0",
                    "date": "2022-22-07 10:13",
                    "status": "Rejected-Technical",
                    "tenderers": [
                        {
                            "id": "mstirupatienterprise",
                            "name": "M/S TIRUPATI ENTERPRISE"
                        }
                    ]
                },
                {
                    "id": "153416.0",
                    "date": "2022-22-07 11:46",
                    "status": "Accepted-AOC",
                    "tenderers": [
                        {
                            "id": "kamakhyaenterprises",
                            "name": "KAMAKHYA ENTERPRISES"
                        }
                    ]
                },
                {
                    "id": "153491.0",
                    "date": "2022-22-07 10:53",
                    "status": "Accepted-AOC",
                    "tenderers": [
                        {
                            "id": "rishiandcompany",
                            "name": "Rishi and Company"
                        }
                    ]
                },
                {
                    "id": "153794.0",
                    "date": "2022-22-07 10:43",
                    "status": "Accepted-AOC",
                    "tenderers": [
                        {
                            "id": "selection",
                            "name": "SELECTION"
                        }
                    ]
                }
            ]
        }
    ],
    "statistics": [
        {
            "id": "1",
            "value": 204000.0,
            "currency": "INR",
            "measure": "contractValue"
        }
    ],
    "awards": [
        {
            "id": 1,
            "value": [
                {
                    "amount": 204000.0,
                    "currency": "INR"
                }
            ],
            "suppliers": [
                {
                    "id": "selection",
                    "name": "SELECTION"
                },
                {
                    "id": "rishiandcompany",
                    "name": "Rishi and Company"
                },
                {
                    "id": "kamakhyaenterprises",
                    "name": "KAMAKHYA ENTERPRISES"
                }
            ],
            "contractPeriod": [
                {
                    "startDate": "2024-16-03",
                    "durationInDays": 45
                }
            ]
        },
        {
            "id": 2,
            "value": [
                {
                    "amount": "4500",
                    "currency": "INR"
                }
            ]
        }
    ]
}