{
    "ocid": "ocds-f5kvwu-2022_IWT_27639_15",
    "id": "1",
    "date": "2024-11-27",
    "tag": [
        "tender"
    ],
    "initiationType": "tender",
    "parties": [
        {
            "id": "inlandwatertransport",
            "name": "Inland Water Transport",
            "roles": [
                "buyer"
            ]
        },
        {
            "id": "akbarali",
            "name": "AKBAR ALI",
            "roles": [
                "tenderer",
                "supplier"
            ]
        },
        {
            "id": "matiyarrahman",
            "name": "MATIYAR RAHMAN",
            "roles": [
                "tenderer"
            ]
        },
        {
            "id": "sanjoypaul",
            "name": "SANJOY PAUL",
            "roles": [
                "tenderer"
            ]
        },
        {
            "id": "executiveengineeriwtguwahatidiv",
            "name": "Executive Engineer,IWT, Guwahati Div.",
            "address": [
                {
                    "streetAddress": "INLAND WATER TRANSPORT, DIVISION GUWAHATI"
                }
            ],
            "roles": [
                "procuringEntity"
            ]
        }
    ],
    "buyer": [
        {
            "name": "Inland Water Transport",
            "id": "inlandwatertransport"
        }
    ],
    "tender": [
        {
            "id": "2022_IWT_27639_15",
            "identifiers": [
                {
                    "id": "FC/222/Pt-XVII/2022-24/0866-82",
                    "scheme": "external"
                }
            ],
            "title": "LEASING OF SUNARI-PAGLABABA THAN DUDHNATH FERRY SERVICES",
            "description": "LEASING OUT OF I.W.T. FERRY SERVICES AT UNDER IWT DIVISION GUWAHATI FOR THE PERIOD OF 2022-2024",
            "datePublished": "2022-07-11 15:00",
            "contractType": "Tender",
            "submissionTerms": [
                {
                    "allowPreferentialBidder": "No",
                    "allowMultiCurrencyFee": "No",
                    "allowMultiCurrencyBQQ": "No",
                    "bidValidityPeriod": [
                        {
                            "durationInDays": 90
                        }
                    ]
                }
            ],
            "procuringEntity": [
                {
                    "name": "Executive Engineer,IWT, Guwahati Div.",
                    "id": "executiveengineeriwtguwahatidiv"
                }
            ],
            "items": [
                {
                    "id": "01",
                    "classification": [
                        {
                            "description": "Miscellaneous Services"
                        }
                    ],
                    "additionalClassifications": [
                        {
                            "description": "Work Item Details > Subcategory"
                        }
                    ],
                    "deliveryAddresses": [
                        {
                            "postalCode": "781007.0",
                            "streetAddress": "GUWAHATI"
                        }
                    ]
                }
            ],
            "value": [
                {
                    "amount": 453000.0,
                    "currency": "INR"
                }
            ],
            "procurementMethod": "Open Tender",
            "mainProcurementCategory": "Item Wise",
            "tenderPeriod": [
                {
                    "startDate": "2022-07-11 15:00",
                    "endDate": "2022-26-11 14:00",
                    "durationInDays": 18
                }
            ],
            "contractPeriod": [
                {
                    "durationInDays": 180
                }
            ],
            "communication": [
                {
                    "id": 1,
                    "documentAvailabilityPeriod": [
                        {
                            "startDate": "2022-07-11 15:00",
                            "endDate": "2022-26-11 14:00"
                        }
                    ]
                }
            ],
            "bidOpening": [
                {
                    "date": "2022-28-11 15:00",
                    "address": [
                        {
                            "streetAddress": "INLAND WATER TRANSPORT, DIVISION"
                        }
                    ]
                }
            ],
            "participationFees": [
                {
                    "id": "01",
                    "value": [
                        {
                            "amount": 500.0,
                            "currency": "INR"
                        }
                    ],
                    "description": "Nil"
                }
            ],
            "numberOfTenderers": 4,
            "milestones": [
                {
                    "id": "1",
                    "title": "Published Date",
                    "type": "Pre-procurement milestones",
                    "dueDate": "2022-07-11 15:00"
                },
                {
                    "id": "2",
                    "title": "Document Download / Sale Start Date",
                    "type": "Pre-procurement milestones",
                    "dueDate": "2022-07-11 15:00"
                },
                {
                    "id": "3",
                    "title": "Bid Submission Start Date",
                    "type": "Pre-procurement milestones",
                    "dueDate": "2022-13-11 18:00"
                },
                {
                    "id": "4",
                    "title": "Bid Opening Date",
                    "type": "Pre-procurement milestones",
                    "dueDate": "2022-28-11 15:00"
                },
                {
                    "id": "5",
                    "title": "Document Download / Sale End Date",
                    "type": "Pre-procurement milestones",
                    "dueDate": "2022-26-11 14:00"
                },
                {
                    "id": "6",
                    "title": "Bid Submission End Date",
                    "type": "Pre-procurement milestones",
                    "dueDate": "2022-26-11 14:00"
                },
                {
                    "id": "7",
                    "title": "Financial Bid Opening Date",
                    "type": "Pre-procurement milestones",
                    "dueDate": "2023-04-02 15:45"
                }
            ],
            "fiscalYear": "2022-2023"
        }
    ],
    "bids": [
        {
            "id": 1,
            "details": [
                {
                    "id": "163950.0",
                    "date": "2022-25-11 17:10",
                    "status": "Rejected-Finance",
                    "tenderers": [
                        {
                            "id": "matiyarrahman",
                            "name": "MATIYAR RAHMAN"
                        }
                    ]
                },
                {
                    "id": "163993.0",
                    "date": "2022-26-11 11:59",
                    "status": "Rejected-Technical",
                    "tenderers": [
                        {
                            "id": "sanjoypaul",
                            "name": "SANJOY PAUL"
                        }
                    ]
                },
                {
                    "id": "164007.0",
                    "date": "2022-26-11 13:23",
                    "status": "Accepted-AOC",
                    "tenderers": [
                        {
                            "id": "akbarali",
                            "name": "AKBAR ALI"
                        }
                    ]
                }
            ]
        }
    ],
    "statistics": [
        {
            "id": "1",
            "value": 1000100.0,
            "currency": "INR",
            "measure": "contractValue"
        }
    ],
    "awards": [
        {
            "id": 1,
            "value": [
                {
                    "amount": 1000100.0,
                    "currency": "INR"
                }
            ],
            "suppliers": [
                {
                    "id": "akbarali",
                    "name": "AKBAR ALI"
                }
            ],
            "contractPeriod": [
                {
                    "startDate": "2024-03-04",
                    "durationInDays": 180
                }
            ]
        },
        {
            "id": 2,
            "value": [
                {
                    "amount": "1000100",
                    "currency": "INR"
                }
            ]
        }
    ]
}