{
    "ocid": "ocds-f5kvwu-2022_APDCL_27794_1",
    "id": "1",
    "date": "2024-11-27",
    "tag": [
        "tender"
    ],
    "initiationType": "tender",
    "parties": [
        {
            "id": "assampowerdistributioncompanyltd",
            "name": "Assam Power Distribution Company Ltd",
            "roles": [
                "buyer"
            ]
        },
        {
            "id": "servokonsystemslimited",
            "name": "SERVOKON SYSTEMS LIMITED",
            "roles": [
                "tenderer"
            ]
        },
        {
            "id": "teslatransformersindialtd",
            "name": "Tesla Transformers (India) Ltd",
            "roles": [
                "tenderer",
                "supplier"
            ]
        },
        {
            "id": "chiefgeneralmanagerppndapdcl",
            "name": "Chief General Manager PPnD APDCL",
            "address": [
                {
                    "streetAddress": "Office of CGM PPnD APDCL 6th floor Bijulee Bhawan Paltanbazar Guwahati 781001"
                }
            ],
            "roles": [
                "procuringEntity"
            ]
        }
    ],
    "buyer": [
        {
            "name": "Assam Power Distribution Company Ltd",
            "id": "assampowerdistributioncompanyltd"
        }
    ],
    "tender": [
        {
            "id": "2022_APDCL_27794_1",
            "identifiers": [
                {
                    "id": "APDCL/CGM(PPD)/PTR/NIT 22/3",
                    "scheme": "external"
                }
            ],
            "title": "Supply of 5MVA and 10 MVA PTR as per relevant IS IEC standard under SOPD 2022 23 scheme",
            "description": "Supply of 5MVA and 10 MVA PTR as per relevant IS IEC standard under SOPD 2022 23 scheme",
            "datePublished": "2022-17-11 09:00",
            "contractType": "Tender",
            "submissionTerms": [
                {
                    "allowPreferentialBidder": "No",
                    "allowMultiCurrencyFee": "No",
                    "allowMultiCurrencyBQQ": "No",
                    "bidValidityPeriod": [
                        {
                            "durationInDays": 180
                        }
                    ]
                }
            ],
            "procuringEntity": [
                {
                    "name": "Chief General Manager PPnD APDCL",
                    "id": "chiefgeneralmanagerppndapdcl"
                }
            ],
            "items": [
                {
                    "id": "01",
                    "classification": [
                        {
                            "description": "Electrical Work/ Equipment"
                        }
                    ],
                    "additionalClassifications": [
                        {
                            "description": "Work Item Details > Subcategory"
                        }
                    ],
                    "deliveryAddresses": [
                        {
                            "postalCode": "781001.0",
                            "streetAddress": "across APDCL"
                        }
                    ]
                }
            ],
            "procurementMethod": "Open Tender",
            "mainProcurementCategory": "Supply",
            "tenderPeriod": [
                {
                    "startDate": "2022-17-11 09:00",
                    "endDate": "2022-13-12 14:00",
                    "durationInDays": 26
                }
            ],
            "contractPeriod": [
                {
                    "durationInDays": 180
                }
            ],
            "communication": [
                {
                    "id": 1,
                    "documentAvailabilityPeriod": [
                        {
                            "startDate": "2022-17-11 09:00",
                            "endDate": "2022-13-12 14:00"
                        }
                    ]
                }
            ],
            "bidOpening": [
                {
                    "date": "2022-15-12 15:00",
                    "address": [
                        {
                            "streetAddress": "Office of the CGM PPnD APDCL"
                        }
                    ]
                }
            ],
            "participationFees": [
                {
                    "id": "01",
                    "value": [
                        {
                            "amount": 8000.0,
                            "currency": "INR"
                        }
                    ],
                    "description": "Nil"
                }
            ],
            "numberOfTenderers": 4,
            "milestones": [
                {
                    "id": "1",
                    "title": "Published Date",
                    "type": "Pre-procurement milestones",
                    "dueDate": "2022-17-11 09:00"
                },
                {
                    "id": "2",
                    "title": "Document Download / Sale Start Date",
                    "type": "Pre-procurement milestones",
                    "dueDate": "2022-17-11 09:00"
                },
                {
                    "id": "3",
                    "title": "Bid Submission Start Date",
                    "type": "Pre-procurement milestones",
                    "dueDate": "2022-28-11 09:00"
                },
                {
                    "id": "4",
                    "title": "Bid Opening Date",
                    "type": "Pre-procurement milestones",
                    "dueDate": "2022-15-12 15:00"
                },
                {
                    "id": "5",
                    "title": "Document Download / Sale End Date",
                    "type": "Pre-procurement milestones",
                    "dueDate": "2022-13-12 14:00"
                },
                {
                    "id": "6",
                    "title": "Bid Submission End Date",
                    "type": "Pre-procurement milestones",
                    "dueDate": "2022-13-12 14:00"
                },
                {
                    "id": "7",
                    "title": "Financial Bid Opening Date",
                    "type": "Pre-procurement milestones",
                    "dueDate": "2023-06-03 12:00"
                }
            ],
            "fiscalYear": "2022-2023"
        }
    ],
    "bids": [
        {
            "id": 1,
            "details": [
                {
                    "id": "164270.0",
                    "date": "2022-05-12 18:15",
                    "status": "Rejected-Technical",
                    "tenderers": [
                        {
                            "id": "servokonsystemslimited",
                            "name": "SERVOKON SYSTEMS LIMITED"
                        }
                    ]
                },
                {
                    "id": "166373.0",
                    "date": "2022-12-12 15:52",
                    "status": "Accepted-AOC",
                    "tenderers": [
                        {
                            "id": "teslatransformersindialtd",
                            "name": "Tesla Transformers (India) Ltd"
                        }
                    ]
                }
            ]
        }
    ],
    "statistics": [
        {
            "id": "1",
            "value": 45034700.0,
            "currency": "INR",
            "measure": "contractValue"
        }
    ],
    "awards": [
        {
            "id": 1,
            "description": "Letter of Award",
            "value": [
                {
                    "amount": 45034700.0,
                    "currency": "INR"
                }
            ],
            "suppliers": [
                {
                    "id": "teslatransformersindialtd",
                    "name": "Tesla Transformers (India) Ltd"
                }
            ],
            "contractPeriod": [
                {
                    "startDate": "2024-23-08",
                    "durationInDays": 180
                }
            ]
        },
        {
            "id": 2,
            "value": [
                {
                    "amount": "45034700",
                    "currency": "INR"
                }
            ]
        }
    ]
}