{
    "ocid": "ocds-f5kvwu-2023_BoTC_34682_1",
    "id": "1",
    "date": "2024-11-27",
    "tag": [
        "tender"
    ],
    "initiationType": "tender",
    "parties": [
        {
            "id": "bodolandterritorialcouncil",
            "name": "Bodoland Territorial Council",
            "roles": [
                "buyer"
            ]
        },
        {
            "id": "dabashishdas",
            "name": "DABASHISH DAS",
            "roles": [
                "tenderer"
            ]
        },
        {
            "id": "kandalalbrahma",
            "name": "KANDALAL BRAHMA",
            "roles": [
                "tenderer"
            ]
        },
        {
            "id": "sukhinathsarkar",
            "name": "Sukhinath Sarkar",
            "roles": [
                "tenderer",
                "supplier"
            ]
        },
        {
            "id": "oothesepwdkokrajharbldgcirclekokrajhar",
            "name": "O/o the SE PWD Kokrajhar Bldg. Circle Kokrajhar",
            "address": [
                {
                    "streetAddress": "SE PWD Kokrajhar Bldg. Circle Kokrajhar"
                }
            ],
            "roles": [
                "procuringEntity"
            ]
        }
    ],
    "buyer": [
        {
            "name": "Bodoland Territorial Council",
            "id": "bodolandterritorialcouncil"
        }
    ],
    "tender": [
        {
            "id": "2023_BoTC_34682_1",
            "identifiers": [
                {
                    "id": "TECH_17/SE(B)/2021_22/18",
                    "scheme": "external"
                }
            ],
            "title": "Repairing and Renovation of 3 Nos. Staff Quarter of Bhetagaon CHC at Bhetagaon Bijni in Chirang District.TN_609_1",
            "description": "Repairing and Renovation of 3 Nos. Staff Quarter of Bhetagaon CHC at Bhetagaon Bijni in Chirang District.TN_609_1",
            "datePublished": "2023-13-12 16:30",
            "contractType": "Tender",
            "submissionTerms": [
                {
                    "allowPreferentialBidder": "No",
                    "allowMultiCurrencyFee": "No",
                    "allowMultiCurrencyBQQ": "No",
                    "bidValidityPeriod": [
                        {
                            "durationInDays": 180
                        }
                    ]
                }
            ],
            "procuringEntity": [
                {
                    "name": "O/o the SE PWD Kokrajhar Bldg. Circle Kokrajhar",
                    "id": "oothesepwdkokrajharbldgcirclekokrajhar"
                }
            ],
            "items": [
                {
                    "id": "01",
                    "classification": [
                        {
                            "description": "Civil Works - Building"
                        }
                    ],
                    "additionalClassifications": [
                        {
                            "description": "Work Item Details > Subcategory"
                        }
                    ],
                    "deliveryAddresses": [
                        {
                            "postalCode": "783372.0",
                            "streetAddress": "Chirang"
                        }
                    ]
                }
            ],
            "value": [
                {
                    "amount": 2496091.0,
                    "currency": "INR"
                }
            ],
            "procurementMethod": "Open Tender",
            "mainProcurementCategory": "Works",
            "tenderPeriod": [
                {
                    "startDate": "2023-13-12 16:30",
                    "endDate": "2024-03-01 14:00",
                    "durationInDays": 20
                }
            ],
            "enquiryPeriod": [
                {
                    "startDate": "2023-14-12 11:00",
                    "endDate": "2024-03-01 12:00",
                    "durationInDays": 20
                }
            ],
            "contractPeriod": [
                {
                    "durationInDays": 180
                }
            ],
            "communication": [
                {
                    "id": 1,
                    "documentAvailabilityPeriod": [
                        {
                            "startDate": "2023-13-12 16:30",
                            "endDate": "2024-03-01 14:00"
                        }
                    ]
                }
            ],
            "bidOpening": [
                {
                    "date": "2024-03-01 15:00",
                    "address": [
                        {
                            "streetAddress": "O/o the SE PWD Kokrajhar Bldg. Circle Kokrajhar"
                        }
                    ]
                }
            ],
            "participationFees": [
                {
                    "id": "01",
                    "value": [
                        {
                            "amount": 750.0,
                            "currency": "INR"
                        }
                    ],
                    "description": "Nil"
                }
            ],
            "numberOfTenderers": 5,
            "milestones": [
                {
                    "id": "1",
                    "title": "Published Date",
                    "type": "Pre-procurement milestones",
                    "dueDate": "2023-13-12 16:30"
                },
                {
                    "id": "2",
                    "title": "Document Download / Sale Start Date",
                    "type": "Pre-procurement milestones",
                    "dueDate": "2023-13-12 16:30"
                },
                {
                    "id": "3",
                    "title": "Clarification Start Date",
                    "type": "Pre-procurement milestones",
                    "dueDate": "2023-14-12 11:00"
                },
                {
                    "id": "4",
                    "title": "Bid Submission Start Date",
                    "type": "Pre-procurement milestones",
                    "dueDate": "2023-14-12 11:00"
                },
                {
                    "id": "5",
                    "title": "Bid Opening Date",
                    "type": "Pre-procurement milestones",
                    "dueDate": "2024-03-01 15:00"
                },
                {
                    "id": "6",
                    "title": "Document Download / Sale End Date",
                    "type": "Pre-procurement milestones",
                    "dueDate": "2024-03-01 14:00"
                },
                {
                    "id": "7",
                    "title": "Clarification End Date",
                    "type": "Pre-procurement milestones",
                    "dueDate": "2024-03-01 12:00"
                },
                {
                    "id": "8",
                    "title": "Bid Submission End Date",
                    "type": "Pre-procurement milestones",
                    "dueDate": "2024-03-01 14:00"
                },
                {
                    "id": "9",
                    "title": "Financial Bid Opening Date",
                    "type": "Pre-procurement milestones",
                    "dueDate": "2024-06-01 15:25"
                }
            ],
            "fiscalYear": "2023-2024"
        }
    ],
    "bids": [
        {
            "id": 1,
            "details": [
                {
                    "id": "217389.0",
                    "date": "2023-30-12 15:20",
                    "status": "Rejected-AOC",
                    "tenderers": [
                        {
                            "id": "dabashishdas",
                            "name": "DABASHISH DAS"
                        }
                    ]
                },
                {
                    "id": "217400.0",
                    "date": "2023-30-12 15:36",
                    "status": "Not Admitted-Fee/PreQual/Technical",
                    "tenderers": [
                        {
                            "id": "kandalalbrahma",
                            "name": "KANDALAL BRAHMA"
                        }
                    ]
                },
                {
                    "id": "217359.0",
                    "date": "2023-30-12 15:33",
                    "status": "Accepted-AOC",
                    "tenderers": [
                        {
                            "id": "sukhinathsarkar",
                            "name": "Sukhinath Sarkar"
                        }
                    ]
                }
            ]
        }
    ],
    "statistics": [
        {
            "id": "1",
            "value": 2495850.0,
            "currency": "INR",
            "measure": "contractValue"
        }
    ],
    "awards": [
        {
            "id": 1,
            "description": "AOC",
            "value": [
                {
                    "amount": 2495850.0,
                    "currency": "INR"
                }
            ],
            "suppliers": [
                {
                    "id": "sukhinathsarkar",
                    "name": "Sukhinath Sarkar"
                }
            ],
            "contractPeriod": [
                {
                    "startDate": "2024-17-01",
                    "durationInDays": 180
                }
            ]
        },
        {
            "id": 2,
            "value": [
                {
                    "amount": "2495850",
                    "currency": "INR"
                }
            ]
        }
    ]
}