{
    "ocid": "ocds-f5kvwu-2023_BTC_33734_1",
    "id": "1",
    "date": "2024-11-27",
    "tag": [
        "tender"
    ],
    "initiationType": "tender",
    "parties": [
        {
            "id": "bodolandterritorialcouncilpwd",
            "name": "Bodoland Territorial Council-PWD",
            "roles": [
                "buyer"
            ]
        },
        {
            "id": "ashishagarwal",
            "name": "ASHISH AGARWAL",
            "roles": [
                "tenderer",
                "supplier"
            ]
        },
        {
            "id": "manobendrasonowal",
            "name": "MANOBENDRA SONOWAL",
            "roles": [
                "tenderer"
            ]
        },
        {
            "id": "ootheaddlchiefengineercumdirectorpwdbtc",
            "name": "O/oThe Addl. Chief Engineer cum Director, PWD, BTC",
            "address": [
                {
                    "streetAddress": "O/oThe Addl. Chief Engineer cum Director, PWD, BTC"
                }
            ],
            "roles": [
                "procuringEntity"
            ]
        }
    ],
    "buyer": [
        {
            "name": "Bodoland Territorial Council-PWD",
            "id": "bodolandterritorialcouncilpwd"
        }
    ],
    "tender": [
        {
            "id": "2023_BTC_33734_1",
            "identifiers": [
                {
                    "id": "ACE-150/PWD/NIT/Goodwill/23-24",
                    "scheme": "external"
                }
            ],
            "title": "Construction of ICBP road from Natunsripur Karkabari Sujit Narzary connecting road via Bathoupuri Christan Supa to Natunsripur Balihajari Playground under CMs Goodwill Mission Project for the year 2023-24. L_2890.00 M TN_26_71",
            "description": "Construction of ICBP road from Natunsripur Karkabari Sujit Narzary connecting road via Bathoupuri Christan Supa to Natunsripur Balihajari Playground under CMs Goodwill Mission Project for the year 2023-24. L_2890.00 M TN_26_71",
            "datePublished": "2023-09-11 10:00",
            "contractType": "Tender",
            "submissionTerms": [
                {
                    "allowPreferentialBidder": "No",
                    "allowMultiCurrencyFee": "No",
                    "allowMultiCurrencyBQQ": "No",
                    "bidValidityPeriod": [
                        {
                            "durationInDays": 180
                        }
                    ]
                }
            ],
            "procuringEntity": [
                {
                    "name": "O/oThe Addl. Chief Engineer cum Director, PWD, BTC",
                    "id": "ootheaddlchiefengineercumdirectorpwdbtc"
                }
            ],
            "items": [
                {
                    "id": "01",
                    "classification": [
                        {
                            "description": "Civil Works \u2013 Roads"
                        }
                    ],
                    "additionalClassifications": [
                        {
                            "description": "Work Item Details > Subcategory"
                        }
                    ],
                    "deliveryAddresses": [
                        {
                            "postalCode": "783217.0",
                            "streetAddress": "Baksa"
                        }
                    ]
                }
            ],
            "value": [
                {
                    "amount": 24447991.0,
                    "currency": "INR"
                }
            ],
            "procurementMethod": "Open Tender",
            "mainProcurementCategory": "Works",
            "tenderPeriod": [
                {
                    "startDate": "2023-09-11 10:00",
                    "endDate": "2023-01-12 13:30",
                    "durationInDays": 22
                }
            ],
            "enquiryPeriod": [
                {
                    "startDate": "2023-09-11 10:00",
                    "endDate": "2023-30-11 12:00",
                    "durationInDays": 21
                }
            ],
            "contractPeriod": [
                {
                    "durationInDays": 365
                }
            ],
            "communication": [
                {
                    "id": 1,
                    "documentAvailabilityPeriod": [
                        {
                            "startDate": "2023-09-11 10:00",
                            "endDate": "2023-01-12 13:30"
                        }
                    ]
                }
            ],
            "bidOpening": [
                {
                    "date": "2023-01-12 14:00",
                    "address": [
                        {
                            "streetAddress": "O/oThe Addl. Chief Engineer cum Director, PWD, BTC"
                        }
                    ]
                }
            ],
            "participationFees": [
                {
                    "id": "01",
                    "value": [
                        {
                            "amount": 4900.0,
                            "currency": "INR"
                        }
                    ],
                    "description": "Nil"
                }
            ],
            "numberOfTenderers": 5,
            "milestones": [
                {
                    "id": "1",
                    "title": "Published Date",
                    "type": "Pre-procurement milestones",
                    "dueDate": "2023-09-11 10:00"
                },
                {
                    "id": "2",
                    "title": "Document Download / Sale Start Date",
                    "type": "Pre-procurement milestones",
                    "dueDate": "2023-09-11 10:00"
                },
                {
                    "id": "3",
                    "title": "Clarification Start Date",
                    "type": "Pre-procurement milestones",
                    "dueDate": "2023-09-11 10:00"
                },
                {
                    "id": "4",
                    "title": "Bid Submission Start Date",
                    "type": "Pre-procurement milestones",
                    "dueDate": "2023-09-11 10:00"
                },
                {
                    "id": "5",
                    "title": "Bid Opening Date",
                    "type": "Pre-procurement milestones",
                    "dueDate": "2023-01-12 14:00"
                },
                {
                    "id": "6",
                    "title": "Document Download / Sale End Date",
                    "type": "Pre-procurement milestones",
                    "dueDate": "2023-01-12 13:30"
                },
                {
                    "id": "7",
                    "title": "Clarification End Date",
                    "type": "Pre-procurement milestones",
                    "dueDate": "2023-30-11 12:00"
                },
                {
                    "id": "8",
                    "title": "Bid Submission End Date",
                    "type": "Pre-procurement milestones",
                    "dueDate": "2023-01-12 13:30"
                },
                {
                    "id": "9",
                    "title": "Financial Bid Opening Date",
                    "type": "Pre-procurement milestones",
                    "dueDate": "2023-26-12 14:00"
                }
            ],
            "fiscalYear": "2023-2024"
        }
    ],
    "bids": [
        {
            "id": 1,
            "details": [
                {
                    "id": "213713.0",
                    "date": "2023-30-11 19:01",
                    "status": "Rejected-AOC",
                    "tenderers": [
                        {
                            "id": "manobendrasonowal",
                            "name": "MANOBENDRA SONOWAL"
                        }
                    ]
                },
                {
                    "id": "213717.0",
                    "date": "2023-30-11 19:21",
                    "status": "Accepted-AOC",
                    "tenderers": [
                        {
                            "id": "ashishagarwal",
                            "name": "ASHISH AGARWAL"
                        }
                    ]
                }
            ]
        }
    ],
    "statistics": [
        {
            "id": "1",
            "value": 24442047.0,
            "currency": "INR",
            "measure": "contractValue"
        }
    ],
    "awards": [
        {
            "id": 1,
            "description": "Work Order",
            "value": [
                {
                    "amount": 24442047.0,
                    "currency": "INR"
                }
            ],
            "suppliers": [
                {
                    "id": "ashishagarwal",
                    "name": "ASHISH AGARWAL"
                }
            ],
            "contractPeriod": [
                {
                    "startDate": "2024-19-03",
                    "durationInDays": 365
                }
            ]
        },
        {
            "id": 2,
            "value": [
                {
                    "amount": "24442047",
                    "currency": "INR"
                }
            ]
        }
    ]
}