{
    "ocid": "ocds-f5kvwu-2023_BoTC_34152_1",
    "id": "1",
    "date": "2024-11-27",
    "tag": [
        "tender"
    ],
    "initiationType": "tender",
    "parties": [
        {
            "id": "bodolandterritorialcouncil",
            "name": "Bodoland Territorial Council",
            "roles": [
                "buyer"
            ]
        },
        {
            "id": "pradipdaimary",
            "name": "PRADIP DAIMARY",
            "roles": [
                "tenderer"
            ]
        },
        {
            "id": "rumibegum",
            "name": "RUMI BEGUM",
            "roles": [
                "tenderer",
                "supplier"
            ]
        },
        {
            "id": "theblockdevelopmentofficergdb",
            "name": "The Block Development Officer, GDB",
            "address": [
                {
                    "streetAddress": "The Block Development Officer, Goreswar Development Block, Goreswar"
                }
            ],
            "roles": [
                "procuringEntity"
            ]
        }
    ],
    "buyer": [
        {
            "name": "Bodoland Territorial Council",
            "id": "bodolandterritorialcouncil"
        }
    ],
    "tender": [
        {
            "id": "2023_BoTC_34152_1",
            "identifiers": [
                {
                    "id": "GBD/PnRD/75/2020-21/7875",
                    "scheme": "external"
                }
            ],
            "title": "Construction of RCC slab culvert with SG at Kalakuchi near LP School",
            "description": "Construction of RCC slab culvert with SG at Kalakuchi near LP School under SOPD fund for the financial year 2023 2024",
            "datePublished": "2023-23-11 10:00",
            "contractType": "Tender",
            "submissionTerms": [
                {
                    "allowPreferentialBidder": "No",
                    "allowMultiCurrencyFee": "No",
                    "allowMultiCurrencyBQQ": "No",
                    "bidValidityPeriod": [
                        {
                            "durationInDays": 180
                        }
                    ]
                }
            ],
            "procuringEntity": [
                {
                    "name": "The Block Development Officer, GDB",
                    "id": "theblockdevelopmentofficergdb"
                }
            ],
            "items": [
                {
                    "id": "01",
                    "classification": [
                        {
                            "description": "Civil Works"
                        }
                    ],
                    "additionalClassifications": [
                        {
                            "description": "Construction of RCC slab culvert  "
                        }
                    ],
                    "deliveryAddresses": [
                        {
                            "postalCode": "781367.0",
                            "streetAddress": "Tamulpur"
                        }
                    ]
                }
            ],
            "value": [
                {
                    "amount": 3290000.0,
                    "currency": "INR"
                }
            ],
            "procurementMethod": "Open Tender",
            "mainProcurementCategory": "Works",
            "tenderPeriod": [
                {
                    "startDate": "2023-23-11 10:00",
                    "endDate": "2023-14-12 13:30",
                    "durationInDays": 21
                }
            ],
            "contractPeriod": [
                {
                    "durationInDays": 180
                }
            ],
            "communication": [
                {
                    "id": 1,
                    "documentAvailabilityPeriod": [
                        {
                            "startDate": "2023-23-11 10:00",
                            "endDate": "2023-14-12 13:30"
                        }
                    ]
                }
            ],
            "bidOpening": [
                {
                    "date": "2023-15-12 14:00",
                    "address": [
                        {
                            "streetAddress": "Block Development Officer, Goreswar"
                        }
                    ]
                }
            ],
            "participationFees": [
                {
                    "id": "01",
                    "value": [
                        {
                            "amount": 660.0,
                            "currency": "INR"
                        }
                    ],
                    "description": "Nil"
                }
            ],
            "numberOfTenderers": 6,
            "milestones": [
                {
                    "id": "1",
                    "title": "Published Date",
                    "type": "Pre-procurement milestones",
                    "dueDate": "2023-23-11 10:00"
                },
                {
                    "id": "2",
                    "title": "Document Download / Sale Start Date",
                    "type": "Pre-procurement milestones",
                    "dueDate": "2023-23-11 10:00"
                },
                {
                    "id": "3",
                    "title": "Bid Submission Start Date",
                    "type": "Pre-procurement milestones",
                    "dueDate": "2023-23-11 10:00"
                },
                {
                    "id": "4",
                    "title": "Bid Opening Date",
                    "type": "Pre-procurement milestones",
                    "dueDate": "2023-15-12 14:00"
                },
                {
                    "id": "5",
                    "title": "Document Download / Sale End Date",
                    "type": "Pre-procurement milestones",
                    "dueDate": "2023-14-12 13:30"
                },
                {
                    "id": "6",
                    "title": "Bid Submission End Date",
                    "type": "Pre-procurement milestones",
                    "dueDate": "2023-14-12 13:30"
                },
                {
                    "id": "7",
                    "title": "Financial Bid Opening Date",
                    "type": "Pre-procurement milestones",
                    "dueDate": "2023-19-12 11:00"
                }
            ],
            "fiscalYear": "2023-2024"
        }
    ],
    "bids": [
        {
            "id": 1,
            "details": [
                {
                    "id": "215080.0",
                    "date": "2023-14-12 11:30",
                    "status": "Rejected-Finance",
                    "tenderers": [
                        {
                            "id": "pradipdaimary",
                            "name": "PRADIP DAIMARY"
                        }
                    ]
                },
                {
                    "id": "215076.0",
                    "date": "2023-14-12 11:45",
                    "status": "Accepted-AOC",
                    "tenderers": [
                        {
                            "id": "rumibegum",
                            "name": "RUMI BEGUM"
                        }
                    ]
                }
            ]
        }
    ],
    "statistics": [
        {
            "id": "1",
            "value": 3290000.0,
            "currency": "INR",
            "measure": "contractValue"
        }
    ],
    "awards": [
        {
            "id": 1,
            "description": "AWARD OF CONTRACT",
            "value": [
                {
                    "amount": 3290000.0,
                    "currency": "INR"
                }
            ],
            "suppliers": [
                {
                    "id": "rumibegum",
                    "name": "RUMI BEGUM"
                }
            ],
            "contractPeriod": [
                {
                    "startDate": "2024-18-01",
                    "durationInDays": 180
                }
            ]
        },
        {
            "id": 2,
            "value": [
                {
                    "amount": "3290000",
                    "currency": "INR"
                }
            ]
        }
    ]
}