{
    "ocid": "ocds-f5kvwu-2023_BoTC_34003_1",
    "id": "1",
    "date": "2024-11-27",
    "tag": [
        "tender"
    ],
    "initiationType": "tender",
    "parties": [
        {
            "id": "bodolandterritorialcouncil",
            "name": "Bodoland Territorial Council",
            "roles": [
                "buyer"
            ]
        },
        {
            "id": "dharamsingnarzary",
            "name": "DHARAMSING NARZARY",
            "roles": [
                "tenderer"
            ]
        },
        {
            "id": "mridulkrbasumatary",
            "name": "Mridul Kr Basumatary",
            "roles": [
                "tenderer",
                "supplier"
            ]
        },
        {
            "id": "pinkunarzary",
            "name": "PINKU NARZARY",
            "roles": [
                "tenderer"
            ]
        },
        {
            "id": "thesepwdkjrbldgcirclekjr",
            "name": "the S.E, PWD, Kjr Bldg, Circle, Kjr",
            "address": [
                {
                    "streetAddress": "O/o the S.E, PWD, Kjr Bldg, Circle, Kjr"
                }
            ],
            "roles": [
                "procuringEntity"
            ]
        }
    ],
    "buyer": [
        {
            "name": "Bodoland Territorial Council",
            "id": "bodolandterritorialcouncil"
        }
    ],
    "tender": [
        {
            "id": "2023_BoTC_34003_1",
            "identifiers": [
                {
                    "id": "No. TECH- 05/SE(B)/E-Tender",
                    "scheme": "external"
                }
            ],
            "title": "Const. of Pedestal for the Status of Jwhwlao Swmbla Basumatary at JSB Civil Hospital at Kajalgaon, Chirang and Ranendra Narayan Basumatary at RNB Civil Hospital, Gossaigaon.Pkg No.527-4",
            "description": "Const. of Pedestal for the Status of Jwhwlao Swmbla Basumatary at JSB Civil Hospital at Kajalgaon, Chirang and Ranendra Narayan Basumatary at RNB Civil Hospital, Gossaigaon.Pkg No.527-4",
            "datePublished": "2023-17-11 10:00",
            "contractType": "Tender",
            "submissionTerms": [
                {
                    "allowPreferentialBidder": "No",
                    "allowMultiCurrencyFee": "No",
                    "allowMultiCurrencyBQQ": "No",
                    "bidValidityPeriod": [
                        {
                            "durationInDays": 180
                        }
                    ]
                }
            ],
            "procuringEntity": [
                {
                    "name": "the S.E, PWD, Kjr Bldg, Circle, Kjr",
                    "id": "thesepwdkjrbldgcirclekjr"
                }
            ],
            "items": [
                {
                    "id": "01",
                    "classification": [
                        {
                            "description": "Civil Works - Building"
                        }
                    ],
                    "additionalClassifications": [
                        {
                            "description": "Work Item Details > Subcategory"
                        }
                    ],
                    "deliveryAddresses": [
                        {
                            "postalCode": "783370.0",
                            "streetAddress": "kjr, chr,"
                        }
                    ]
                }
            ],
            "value": [
                {
                    "amount": 9521118.0,
                    "currency": "INR"
                }
            ],
            "procurementMethod": "Open Tender",
            "mainProcurementCategory": "Item Rate",
            "tenderPeriod": [
                {
                    "startDate": "2023-17-11 10:00",
                    "endDate": "2023-11-12 13:00",
                    "durationInDays": 24
                }
            ],
            "enquiryPeriod": [
                {
                    "startDate": "2023-17-11 10:00",
                    "endDate": "2023-11-12 13:00",
                    "durationInDays": 24
                }
            ],
            "contractPeriod": [
                {
                    "durationInDays": 365
                }
            ],
            "communication": [
                {
                    "id": 1,
                    "documentAvailabilityPeriod": [
                        {
                            "startDate": "2023-17-11 10:00",
                            "endDate": "2023-11-12 13:00"
                        }
                    ]
                }
            ],
            "bidOpening": [
                {
                    "date": "2023-11-12 13:30",
                    "address": [
                        {
                            "streetAddress": "O/o the S.E, PWD, Kjr Bldg, Circle, Kjr"
                        }
                    ]
                }
            ],
            "participationFees": [
                {
                    "id": "01",
                    "value": [
                        {
                            "amount": 2000.0,
                            "currency": "INR"
                        }
                    ],
                    "description": "Nil"
                }
            ],
            "numberOfTenderers": 5,
            "milestones": [
                {
                    "id": "1",
                    "title": "Published Date",
                    "type": "Pre-procurement milestones",
                    "dueDate": "2023-17-11 10:00"
                },
                {
                    "id": "2",
                    "title": "Document Download / Sale Start Date",
                    "type": "Pre-procurement milestones",
                    "dueDate": "2023-17-11 10:00"
                },
                {
                    "id": "3",
                    "title": "Clarification Start Date",
                    "type": "Pre-procurement milestones",
                    "dueDate": "2023-17-11 10:00"
                },
                {
                    "id": "4",
                    "title": "Bid Submission Start Date",
                    "type": "Pre-procurement milestones",
                    "dueDate": "2023-17-11 10:00"
                },
                {
                    "id": "5",
                    "title": "Bid Opening Date",
                    "type": "Pre-procurement milestones",
                    "dueDate": "2023-11-12 13:30"
                },
                {
                    "id": "6",
                    "title": "Document Download / Sale End Date",
                    "type": "Pre-procurement milestones",
                    "dueDate": "2023-11-12 13:00"
                },
                {
                    "id": "7",
                    "title": "Clarification End Date",
                    "type": "Pre-procurement milestones",
                    "dueDate": "2023-11-12 13:00"
                },
                {
                    "id": "8",
                    "title": "Bid Submission End Date",
                    "type": "Pre-procurement milestones",
                    "dueDate": "2023-11-12 13:00"
                },
                {
                    "id": "9",
                    "title": "Financial Bid Opening Date",
                    "type": "Pre-procurement milestones",
                    "dueDate": "2023-13-12 11:00"
                }
            ],
            "fiscalYear": "2023-2024"
        }
    ],
    "bids": [
        {
            "id": 1,
            "details": [
                {
                    "id": "214644.0",
                    "date": "2023-10-12 22:22",
                    "status": "Rejected-AOC",
                    "tenderers": [
                        {
                            "id": "dharamsingnarzary",
                            "name": "DHARAMSING NARZARY"
                        }
                    ]
                },
                {
                    "id": "214645.0",
                    "date": "2023-10-12 22:30",
                    "status": "Rejected-AOC",
                    "tenderers": [
                        {
                            "id": "pinkunarzary",
                            "name": "PINKU NARZARY"
                        }
                    ]
                },
                {
                    "id": "214643.0",
                    "date": "2023-10-12 22:15",
                    "status": "Accepted-AOC",
                    "tenderers": [
                        {
                            "id": "mridulkrbasumatary",
                            "name": "Mridul Kr Basumatary"
                        }
                    ]
                }
            ]
        }
    ],
    "statistics": [
        {
            "id": "1",
            "value": 9949509.56,
            "currency": "INR",
            "measure": "contractValue"
        }
    ],
    "awards": [
        {
            "id": 1,
            "description": "Work Order",
            "value": [
                {
                    "amount": 9949509.56,
                    "currency": "INR"
                }
            ],
            "suppliers": [
                {
                    "id": "mridulkrbasumatary",
                    "name": "Mridul Kr Basumatary"
                }
            ],
            "contractPeriod": [
                {
                    "startDate": "2024-01-02",
                    "durationInDays": 365
                }
            ]
        },
        {
            "id": 2,
            "value": [
                {
                    "amount": "994950956",
                    "currency": "INR"
                }
            ]
        }
    ]
}