{
    "ocid": "ocds-f5kvwu-2023_AAU_34147_1",
    "id": "1",
    "date": "2024-11-27",
    "tag": [
        "tender"
    ],
    "initiationType": "tender",
    "parties": [
        {
            "id": "assamagriculturaluniversity",
            "name": "Assam Agricultural University",
            "roles": [
                "buyer"
            ]
        },
        {
            "id": "kaustavsaikia",
            "name": "Kaustav Saikia",
            "roles": [
                "tenderer",
                "supplier"
            ]
        },
        {
            "id": "rajibsaikia",
            "name": "Rajib Saikia",
            "roles": [
                "tenderer"
            ]
        },
        {
            "id": "srisimantakumarsarmah",
            "name": "Sri Simanta Kumar Sarmah",
            "roles": [
                "tenderer"
            ]
        },
        {
            "id": "superintendingengineerdppaau",
            "name": "Superintending Engineer, DPP, AAU",
            "address": [
                {
                    "streetAddress": "O/o DPP, AAU, Jorhat"
                }
            ],
            "roles": [
                "procuringEntity"
            ]
        }
    ],
    "buyer": [
        {
            "name": "Assam Agricultural University",
            "id": "assamagriculturaluniversity"
        }
    ],
    "tender": [
        {
            "id": "2023_AAU_34147_1",
            "identifiers": [
                {
                    "id": "AAU/DPJ/102/2023-24",
                    "scheme": "external"
                }
            ],
            "title": "Construction of G plus 2 staff quarters at ZRS, NLP under AAU, Jorhat",
            "description": "Construction of G plus 2 RCC structure including civil, plumbing and electrical works",
            "datePublished": "2023-23-11 10:00",
            "contractType": "Tender",
            "submissionTerms": [
                {
                    "allowPreferentialBidder": "No",
                    "allowMultiCurrencyFee": "No",
                    "allowMultiCurrencyBQQ": "No",
                    "bidValidityPeriod": [
                        {
                            "durationInDays": 180
                        }
                    ]
                }
            ],
            "procuringEntity": [
                {
                    "name": "Superintending Engineer, DPP, AAU",
                    "id": "superintendingengineerdppaau"
                }
            ],
            "items": [
                {
                    "id": "01",
                    "classification": [
                        {
                            "description": "Civil Works - Building"
                        }
                    ],
                    "additionalClassifications": [
                        {
                            "description": "Work Item Details > Subcategory"
                        }
                    ],
                    "deliveryAddresses": [
                        {
                            "postalCode": "787001.0",
                            "streetAddress": "At ZRS, North Lakhimpur"
                        }
                    ]
                }
            ],
            "value": [
                {
                    "amount": 19703049.0,
                    "currency": "INR"
                }
            ],
            "procurementMethod": "Open Tender",
            "mainProcurementCategory": "Percentage",
            "tenderPeriod": [
                {
                    "startDate": "2023-23-11 10:00",
                    "endDate": "2023-13-12 14:00",
                    "durationInDays": 20
                }
            ],
            "contractPeriod": [
                {
                    "durationInDays": 450
                }
            ],
            "communication": [
                {
                    "id": 1,
                    "documentAvailabilityPeriod": [
                        {
                            "startDate": "2023-23-11 10:00",
                            "endDate": "2023-13-12 14:00"
                        }
                    ]
                }
            ],
            "bidOpening": [
                {
                    "date": "2023-13-12 15:00",
                    "address": [
                        {
                            "streetAddress": "O/o DPP, AAU, Jorhat"
                        }
                    ]
                }
            ],
            "participationFees": [
                {
                    "id": "01",
                    "value": [
                        {
                            "amount": 4000.0,
                            "currency": "INR"
                        }
                    ],
                    "description": "Nil"
                }
            ],
            "numberOfTenderers": 8,
            "milestones": [
                {
                    "id": "1",
                    "title": "Published Date",
                    "type": "Pre-procurement milestones",
                    "dueDate": "2023-23-11 10:00"
                },
                {
                    "id": "2",
                    "title": "Document Download / Sale Start Date",
                    "type": "Pre-procurement milestones",
                    "dueDate": "2023-23-11 10:00"
                },
                {
                    "id": "3",
                    "title": "Bid Submission Start Date",
                    "type": "Pre-procurement milestones",
                    "dueDate": "2023-23-11 10:00"
                },
                {
                    "id": "4",
                    "title": "Bid Opening Date",
                    "type": "Pre-procurement milestones",
                    "dueDate": "2023-13-12 15:00"
                },
                {
                    "id": "5",
                    "title": "Document Download / Sale End Date",
                    "type": "Pre-procurement milestones",
                    "dueDate": "2023-13-12 14:00"
                },
                {
                    "id": "6",
                    "title": "Bid Submission End Date",
                    "type": "Pre-procurement milestones",
                    "dueDate": "2023-13-12 14:00"
                },
                {
                    "id": "7",
                    "title": "Financial Bid Opening Date",
                    "type": "Pre-procurement milestones",
                    "dueDate": "2024-09-01 17:05"
                }
            ],
            "fiscalYear": "2023-2024"
        }
    ],
    "bids": [
        {
            "id": 1,
            "details": [
                {
                    "id": "214847.0",
                    "date": "2023-13-12 11:22",
                    "status": "Rejected-Technical",
                    "tenderers": [
                        {
                            "id": "rajibsaikia",
                            "name": "Rajib Saikia"
                        }
                    ]
                },
                {
                    "id": "214970.0",
                    "date": "2023-12-12 22:57",
                    "status": "Rejected-Technical",
                    "tenderers": [
                        {
                            "id": "srisimantakumarsarmah",
                            "name": "Sri Simanta Kumar Sarmah"
                        }
                    ]
                },
                {
                    "id": "214637.0",
                    "date": "2023-12-12 11:24",
                    "status": "Accepted-AOC",
                    "tenderers": [
                        {
                            "id": "kaustavsaikia",
                            "name": "Kaustav Saikia"
                        }
                    ]
                }
            ]
        }
    ],
    "statistics": [
        {
            "id": "1",
            "value": 17143623.0,
            "currency": "INR",
            "measure": "contractValue"
        }
    ],
    "awards": [
        {
            "id": 1,
            "description": "Rupees One Crore Seventy One Lakhs Forty Three Thousand Six Hundred Twenty Three only",
            "value": [
                {
                    "amount": 17143623.0,
                    "currency": "INR"
                }
            ],
            "suppliers": [
                {
                    "id": "kaustavsaikia",
                    "name": "Kaustav Saikia"
                }
            ],
            "contractPeriod": [
                {
                    "startDate": "2024-06-05",
                    "durationInDays": 450
                }
            ]
        },
        {
            "id": 2,
            "value": [
                {
                    "amount": "17143623",
                    "currency": "INR"
                }
            ]
        }
    ]
}