{
    "ocid": "ocds-f5kvwu-2023_BoTC_34224_1",
    "id": "1",
    "date": "2024-11-27",
    "tag": [
        "tender"
    ],
    "initiationType": "tender",
    "parties": [
        {
            "id": "bodolandterritorialcouncil",
            "name": "Bodoland Territorial Council",
            "roles": [
                "buyer"
            ]
        },
        {
            "id": "bistimushahary",
            "name": "BISTI MUSHAHARY",
            "roles": [
                "tenderer",
                "supplier"
            ]
        },
        {
            "id": "derhasadbasumatary",
            "name": "DERHASAD BASUMATARY",
            "roles": [
                "tenderer"
            ]
        },
        {
            "id": "dipayannarzary",
            "name": "DIPAYAN NARZARY",
            "roles": [
                "tenderer"
            ]
        },
        {
            "id": "directorpnrdbtckokrajhar",
            "name": "Director PNRD BTC Kokrajhar",
            "address": [
                {
                    "streetAddress": "Director PNRD BTC Kokrajhar"
                }
            ],
            "roles": [
                "procuringEntity"
            ]
        }
    ],
    "buyer": [
        {
            "name": "Bodoland Territorial Council",
            "id": "bodolandterritorialcouncil"
        }
    ],
    "tender": [
        {
            "id": "2023_BoTC_34224_1",
            "identifiers": [
                {
                    "id": "DPRD/BTC/(15th FC)UT-134/2023/10",
                    "scheme": "external"
                }
            ],
            "title": "Const of road with EF and SG from Duramari to Hekaipara joining road under 15th ASFC for the year 2023-24",
            "description": "DPRD/BTC/(15th FC)UT-134/2023/10",
            "datePublished": "2023-28-11 10:30",
            "contractType": "Tender",
            "submissionTerms": [
                {
                    "allowPreferentialBidder": "No",
                    "allowMultiCurrencyFee": "No",
                    "allowMultiCurrencyBQQ": "No",
                    "bidValidityPeriod": [
                        {
                            "durationInDays": 180
                        }
                    ]
                }
            ],
            "procuringEntity": [
                {
                    "name": "Director PNRD BTC Kokrajhar",
                    "id": "directorpnrdbtckokrajhar"
                }
            ],
            "items": [
                {
                    "id": "01",
                    "classification": [
                        {
                            "description": "Civil Works"
                        }
                    ],
                    "additionalClassifications": [
                        {
                            "description": "Work Item Details > Subcategory"
                        }
                    ],
                    "deliveryAddresses": [
                        {
                            "postalCode": "783347.0",
                            "streetAddress": "Dotma"
                        }
                    ]
                }
            ],
            "value": [
                {
                    "amount": 2378947.0,
                    "currency": "INR"
                }
            ],
            "procurementMethod": "Open Tender",
            "mainProcurementCategory": "Item Rate",
            "tenderPeriod": [
                {
                    "startDate": "2023-28-11 10:30",
                    "endDate": "2023-19-12 14:30",
                    "durationInDays": 21
                }
            ],
            "enquiryPeriod": [
                {
                    "startDate": "2023-28-11 10:30",
                    "endDate": "2023-19-12 14:00",
                    "durationInDays": 21
                }
            ],
            "contractPeriod": [
                {
                    "durationInDays": 60
                }
            ],
            "communication": [
                {
                    "id": 1,
                    "documentAvailabilityPeriod": [
                        {
                            "startDate": "2023-28-11 10:30",
                            "endDate": "2023-19-12 14:30"
                        }
                    ]
                }
            ],
            "bidOpening": [
                {
                    "date": "2023-20-12 14:30",
                    "address": [
                        {
                            "streetAddress": "Director PNRD BTC Kokrajhar"
                        }
                    ]
                }
            ],
            "participationFees": [
                {
                    "id": "01",
                    "value": [
                        {
                            "amount": 500.0,
                            "currency": "INR"
                        }
                    ],
                    "description": "Nil"
                }
            ],
            "numberOfTenderers": 5,
            "milestones": [
                {
                    "id": "1",
                    "title": "Published Date",
                    "type": "Pre-procurement milestones",
                    "dueDate": "2023-28-11 10:30"
                },
                {
                    "id": "2",
                    "title": "Document Download / Sale Start Date",
                    "type": "Pre-procurement milestones",
                    "dueDate": "2023-28-11 10:30"
                },
                {
                    "id": "3",
                    "title": "Clarification Start Date",
                    "type": "Pre-procurement milestones",
                    "dueDate": "2023-28-11 10:30"
                },
                {
                    "id": "4",
                    "title": "Bid Submission Start Date",
                    "type": "Pre-procurement milestones",
                    "dueDate": "2023-28-11 10:30"
                },
                {
                    "id": "5",
                    "title": "Bid Opening Date",
                    "type": "Pre-procurement milestones",
                    "dueDate": "2023-20-12 14:30"
                },
                {
                    "id": "6",
                    "title": "Document Download / Sale End Date",
                    "type": "Pre-procurement milestones",
                    "dueDate": "2023-19-12 14:30"
                },
                {
                    "id": "7",
                    "title": "Clarification End Date",
                    "type": "Pre-procurement milestones",
                    "dueDate": "2023-19-12 14:00"
                },
                {
                    "id": "8",
                    "title": "Bid Submission End Date",
                    "type": "Pre-procurement milestones",
                    "dueDate": "2023-19-12 14:30"
                },
                {
                    "id": "9",
                    "title": "Financial Bid Opening Date",
                    "type": "Pre-procurement milestones",
                    "dueDate": "2024-12-01 11:35"
                }
            ],
            "fiscalYear": "2023-2024"
        }
    ],
    "bids": [
        {
            "id": 1,
            "details": [
                {
                    "id": "215601.0",
                    "date": "2023-18-12 23:01",
                    "status": "Rejected-AOC",
                    "tenderers": [
                        {
                            "id": "derhasadbasumatary",
                            "name": "DERHASAD BASUMATARY"
                        }
                    ]
                },
                {
                    "id": "215602.0",
                    "date": "2023-18-12 23:10",
                    "status": "Rejected-AOC",
                    "tenderers": [
                        {
                            "id": "dipayannarzary",
                            "name": "DIPAYAN NARZARY"
                        }
                    ]
                },
                {
                    "id": "215600.0",
                    "date": "2023-18-12 22:50",
                    "status": "Accepted-AOC",
                    "tenderers": [
                        {
                            "id": "bistimushahary",
                            "name": "BISTI MUSHAHARY"
                        }
                    ]
                }
            ]
        }
    ],
    "statistics": [
        {
            "id": "1",
            "value": 2378947.0,
            "currency": "INR",
            "measure": "contractValue"
        }
    ],
    "awards": [
        {
            "id": 1,
            "description": "Const of road with EF and SG from Duramari to Hekaipara joining road under 15th ASFC for the year 2023-24",
            "value": [
                {
                    "amount": 2378947.0,
                    "currency": "INR"
                }
            ],
            "suppliers": [
                {
                    "id": "bistimushahary",
                    "name": "BISTI MUSHAHARY"
                }
            ],
            "contractPeriod": [
                {
                    "startDate": "2024-24-01",
                    "durationInDays": 90
                }
            ]
        },
        {
            "id": 2,
            "value": [
                {
                    "amount": "237877419",
                    "currency": "INR"
                }
            ]
        }
    ]
}