{
    "ocid": "ocds-f5kvwu-2023_BoTC_34585_1",
    "id": "1",
    "date": "2024-11-27",
    "tag": [
        "tender"
    ],
    "initiationType": "tender",
    "parties": [
        {
            "id": "bodolandterritorialcouncil",
            "name": "Bodoland Territorial Council",
            "roles": [
                "buyer"
            ]
        },
        {
            "id": "bipulchdas",
            "name": "BIPUL CH. DAS",
            "roles": [
                "tenderer"
            ]
        },
        {
            "id": "dipenchdas",
            "name": "Dipen Ch. Das",
            "roles": [
                "tenderer"
            ]
        },
        {
            "id": "mrinmoykumardas",
            "name": "Mrinmoy Kumar Das",
            "roles": [
                "tenderer",
                "supplier"
            ]
        },
        {
            "id": "hesepwdkokrajharbldgcirclekokrajha",
            "name": "he S.E, PWD, Kokrajhar Bldg, Circle, Kokrajha",
            "address": [
                {
                    "streetAddress": "O/o the S.E, PWD, Kokrajhar Bldg, Circle, Kokrajha"
                }
            ],
            "roles": [
                "procuringEntity"
            ]
        }
    ],
    "buyer": [
        {
            "name": "Bodoland Territorial Council",
            "id": "bodolandterritorialcouncil"
        }
    ],
    "tender": [
        {
            "id": "2023_BoTC_34585_1",
            "identifiers": [
                {
                    "id": "No.TECH-05/SE(B)/E-Tender",
                    "scheme": "external"
                }
            ],
            "title": "Construction of New parking Shed at Administrative Building and Academic Building at Binneswar Brahma Engineering College Campus, Kokrajhar under SOPD-G during the year 2023-24. 528_1",
            "description": "Construction of New parking Shed at Administrative Building and Academic Building at Binneswar Brahma Engineering College Campus, Kokrajhar under SOPD-G during the year 2023-24. 528_1",
            "datePublished": "2023-11-12 10:00",
            "contractType": "Tender",
            "submissionTerms": [
                {
                    "allowPreferentialBidder": "No",
                    "allowMultiCurrencyFee": "No",
                    "allowMultiCurrencyBQQ": "No",
                    "bidValidityPeriod": [
                        {
                            "durationInDays": 180
                        }
                    ]
                }
            ],
            "procuringEntity": [
                {
                    "name": "he S.E, PWD, Kokrajhar Bldg, Circle, Kokrajha",
                    "id": "hesepwdkokrajharbldgcirclekokrajha"
                }
            ],
            "items": [
                {
                    "id": "01",
                    "classification": [
                        {
                            "description": "Civil Works - Building"
                        }
                    ],
                    "additionalClassifications": [
                        {
                            "description": "Work Item Details > Subcategory"
                        }
                    ],
                    "deliveryAddresses": [
                        {
                            "postalCode": "783370.0",
                            "streetAddress": "kokrajhar"
                        }
                    ]
                }
            ],
            "value": [
                {
                    "amount": 9191203.0,
                    "currency": "INR"
                }
            ],
            "procurementMethod": "Open Tender",
            "mainProcurementCategory": "Item Rate",
            "tenderPeriod": [
                {
                    "startDate": "2023-11-12 10:00",
                    "endDate": "2023-26-12 13:00",
                    "durationInDays": 15
                }
            ],
            "enquiryPeriod": [
                {
                    "startDate": "2023-11-12 10:00",
                    "endDate": "2023-13-12 13:00",
                    "durationInDays": 2
                }
            ],
            "contractPeriod": [
                {
                    "durationInDays": 180
                }
            ],
            "communication": [
                {
                    "id": 1,
                    "documentAvailabilityPeriod": [
                        {
                            "startDate": "2023-11-12 10:00",
                            "endDate": "2023-26-12 13:00"
                        }
                    ]
                }
            ],
            "bidOpening": [
                {
                    "date": "2023-26-12 13:30",
                    "address": [
                        {
                            "streetAddress": "O/o the S.E, PWD, Kokrajhar Bldg, Circle, Kokrajha"
                        }
                    ]
                }
            ],
            "participationFees": [
                {
                    "id": "01",
                    "value": [
                        {
                            "amount": 1900.0,
                            "currency": "INR"
                        }
                    ],
                    "description": "Nil"
                }
            ],
            "numberOfTenderers": 5,
            "milestones": [
                {
                    "id": "1",
                    "title": "Published Date",
                    "type": "Pre-procurement milestones",
                    "dueDate": "2023-11-12 10:00"
                },
                {
                    "id": "2",
                    "title": "Document Download / Sale Start Date",
                    "type": "Pre-procurement milestones",
                    "dueDate": "2023-11-12 10:00"
                },
                {
                    "id": "3",
                    "title": "Clarification Start Date",
                    "type": "Pre-procurement milestones",
                    "dueDate": "2023-11-12 10:00"
                },
                {
                    "id": "4",
                    "title": "Bid Submission Start Date",
                    "type": "Pre-procurement milestones",
                    "dueDate": "2023-11-12 10:00"
                },
                {
                    "id": "5",
                    "title": "Bid Opening Date",
                    "type": "Pre-procurement milestones",
                    "dueDate": "2023-26-12 13:30"
                },
                {
                    "id": "6",
                    "title": "Document Download / Sale End Date",
                    "type": "Pre-procurement milestones",
                    "dueDate": "2023-26-12 13:00"
                },
                {
                    "id": "7",
                    "title": "Clarification End Date",
                    "type": "Pre-procurement milestones",
                    "dueDate": "2023-13-12 13:00"
                },
                {
                    "id": "8",
                    "title": "Bid Submission End Date",
                    "type": "Pre-procurement milestones",
                    "dueDate": "2023-26-12 13:00"
                },
                {
                    "id": "9",
                    "title": "Financial Bid Opening Date",
                    "type": "Pre-procurement milestones",
                    "dueDate": "2023-29-12 11:00"
                }
            ],
            "fiscalYear": "2023-2024"
        }
    ],
    "bids": [
        {
            "id": 1,
            "details": [
                {
                    "id": "216319.0",
                    "date": "2023-23-12 16:34",
                    "status": "Rejected-AOC",
                    "tenderers": [
                        {
                            "id": "bipulchdas",
                            "name": "BIPUL CH. DAS"
                        }
                    ]
                },
                {
                    "id": "216306.0",
                    "date": "2023-23-12 16:23",
                    "status": "Rejected-AOC",
                    "tenderers": [
                        {
                            "id": "dipenchdas",
                            "name": "Dipen Ch. Das"
                        }
                    ]
                },
                {
                    "id": "216313.0",
                    "date": "2023-23-12 16:48",
                    "status": "Accepted-AOC",
                    "tenderers": [
                        {
                            "id": "mrinmoykumardas",
                            "name": "Mrinmoy Kumar Das"
                        }
                    ]
                }
            ]
        }
    ],
    "statistics": [
        {
            "id": "1",
            "value": 9581607.94,
            "currency": "INR",
            "measure": "contractValue"
        }
    ],
    "awards": [
        {
            "id": 1,
            "description": "Work Order",
            "value": [
                {
                    "amount": 9581607.94,
                    "currency": "INR"
                }
            ],
            "suppliers": [
                {
                    "id": "mrinmoykumardas",
                    "name": "Mrinmoy Kumar Das"
                }
            ],
            "contractPeriod": [
                {
                    "startDate": "2024-04-01",
                    "durationInDays": 180
                }
            ]
        },
        {
            "id": 2,
            "value": [
                {
                    "amount": "958160794",
                    "currency": "INR"
                }
            ]
        }
    ]
}