{
    "ocid": "ocds-f5kvwu-2023_APGCL_31921_1",
    "id": "1",
    "date": "2024-11-27",
    "tag": [
        "tender"
    ],
    "initiationType": "tender",
    "parties": [
        {
            "id": "assampowergenerationcompanylimited",
            "name": "Assam Power Generation Company Limited",
            "roles": [
                "buyer"
            ]
        },
        {
            "id": "anupamdas",
            "name": "ANUPAM DAS",
            "roles": [
                "tenderer"
            ]
        },
        {
            "id": "bishalengineering",
            "name": "BISHAL ENGINEERING",
            "roles": [
                "tenderer"
            ]
        },
        {
            "id": "kuldeepbora",
            "name": "KULDEEP BORA",
            "roles": [
                "tenderer",
                "supplier"
            ]
        },
        {
            "id": "srikartikbiswas",
            "name": "Sri Kartik Biswas",
            "roles": [
                "tenderer"
            ]
        },
        {
            "id": "cgmhydroandcivil",
            "name": "CGM Hydro and civil",
            "address": [
                {
                    "streetAddress": "Office of CGM Hydro and civil 3rd floor Bijulee Bhawan Paltanbazar Guwahati 01"
                }
            ],
            "roles": [
                "procuringEntity"
            ]
        }
    ],
    "buyer": [
        {
            "name": "Assam Power Generation Company Limited",
            "id": "assampowergenerationcompanylimited"
        }
    ],
    "tender": [
        {
            "id": "2023_APGCL_31921_1",
            "identifiers": [
                {
                    "id": "KLHEP SOPD 17 35",
                    "scheme": "external"
                }
            ],
            "title": "Painting and water treatment plant KLHEP",
            "description": "Painting on exterior surface of two nos of penstock steel liner, Painting at Power House and Repairing of water treatment plant at KLHEP",
            "datePublished": "2023-04-08 09:00",
            "contractType": "Tender",
            "submissionTerms": [
                {
                    "allowPreferentialBidder": "No",
                    "allowMultiCurrencyFee": "No",
                    "allowMultiCurrencyBQQ": "No",
                    "bidValidityPeriod": [
                        {
                            "durationInDays": 180
                        }
                    ]
                }
            ],
            "procuringEntity": [
                {
                    "name": "CGM Hydro and civil",
                    "id": "cgmhydroandcivil"
                }
            ],
            "items": [
                {
                    "id": "01",
                    "classification": [
                        {
                            "description": "Civil Works"
                        }
                    ],
                    "additionalClassifications": [
                        {
                            "description": "Work Item Details > Subcategory"
                        }
                    ],
                    "deliveryAddresses": [
                        {
                            "postalCode": "782450.0",
                            "streetAddress": "Amtereng West Karbi Anglong"
                        }
                    ]
                }
            ],
            "value": [
                {
                    "amount": 5765272.0,
                    "currency": "INR"
                }
            ],
            "procurementMethod": "Open Tender",
            "mainProcurementCategory": "Tender cum Auction",
            "tenderPeriod": [
                {
                    "startDate": "2023-04-08 09:00",
                    "endDate": "2023-24-08 11:00",
                    "durationInDays": 20
                }
            ],
            "contractPeriod": [
                {
                    "durationInDays": 75
                }
            ],
            "communication": [
                {
                    "id": 1,
                    "documentAvailabilityPeriod": [
                        {
                            "startDate": "2023-04-08 09:00",
                            "endDate": "2023-24-08 11:00"
                        }
                    ]
                }
            ],
            "bidOpening": [
                {
                    "date": "2023-24-08 15:00",
                    "address": [
                        {
                            "streetAddress": "3rd floor Bijulee Bhawan Paltanbazar"
                        }
                    ]
                }
            ],
            "participationFees": [
                {
                    "id": "01",
                    "value": [
                        {
                            "amount": 1200.0,
                            "currency": "INR"
                        }
                    ],
                    "description": "Nil"
                }
            ],
            "numberOfTenderers": 5,
            "milestones": [
                {
                    "id": "1",
                    "title": "Published Date",
                    "type": "Pre-procurement milestones",
                    "dueDate": "2023-04-08 09:00"
                },
                {
                    "id": "2",
                    "title": "Document Download / Sale Start Date",
                    "type": "Pre-procurement milestones",
                    "dueDate": "2023-04-08 09:00"
                },
                {
                    "id": "3",
                    "title": "Bid Submission Start Date",
                    "type": "Pre-procurement milestones",
                    "dueDate": "2023-04-08 09:00"
                },
                {
                    "id": "4",
                    "title": "Bid Opening Date",
                    "type": "Pre-procurement milestones",
                    "dueDate": "2023-24-08 15:00"
                },
                {
                    "id": "5",
                    "title": "Document Download / Sale End Date",
                    "type": "Pre-procurement milestones",
                    "dueDate": "2023-24-08 11:00"
                },
                {
                    "id": "6",
                    "title": "Bid Submission End Date",
                    "type": "Pre-procurement milestones",
                    "dueDate": "2023-24-08 11:00"
                },
                {
                    "id": "7",
                    "title": "Financial Bid Opening Date",
                    "type": "Pre-procurement milestones",
                    "dueDate": "2023-19-10 11:30"
                }
            ],
            "fiscalYear": "2023-2024"
        }
    ],
    "bids": [
        {
            "id": 1,
            "details": [
                {
                    "id": "196484.0",
                    "date": "2023-23-08 15:56",
                    "status": "Rejected-Technical",
                    "tenderers": [
                        {
                            "id": "anupamdas",
                            "name": "ANUPAM DAS"
                        }
                    ]
                },
                {
                    "id": "196478.0",
                    "date": "2023-23-08 15:16",
                    "status": "Rejected-Technical",
                    "tenderers": [
                        {
                            "id": "bishalengineering",
                            "name": "BISHAL ENGINEERING"
                        }
                    ]
                },
                {
                    "id": "195337.0",
                    "date": "2023-22-08 17:22",
                    "status": "Rejected-AOC",
                    "tenderers": [
                        {
                            "id": "srikartikbiswas",
                            "name": "Sri Kartik Biswas"
                        }
                    ]
                },
                {
                    "id": "196482.0",
                    "date": "2023-23-08 15:41",
                    "status": "Accepted-AOC",
                    "tenderers": [
                        {
                            "id": "kuldeepbora",
                            "name": "KULDEEP BORA"
                        }
                    ]
                }
            ]
        }
    ],
    "statistics": [
        {
            "id": "1",
            "value": 4593841.0,
            "currency": "INR",
            "measure": "contractValue"
        }
    ],
    "awards": [
        {
            "id": 1,
            "value": [
                {
                    "amount": 4593841.0,
                    "currency": "INR"
                }
            ],
            "suppliers": [
                {
                    "id": "kuldeepbora",
                    "name": "KULDEEP BORA"
                }
            ],
            "contractPeriod": [
                {
                    "startDate": "2024-09-07",
                    "durationInDays": 75
                }
            ]
        },
        {
            "id": 2,
            "value": [
                {
                    "amount": "4593841",
                    "currency": "INR"
                }
            ]
        }
    ]
}