{
    "ocid": "ocds-f5kvwu-2023_BoTC_34293_1",
    "id": "1",
    "date": "2024-11-27",
    "tag": [
        "tender"
    ],
    "initiationType": "tender",
    "parties": [
        {
            "id": "bodolandterritorialcouncil",
            "name": "Bodoland Territorial Council",
            "roles": [
                "buyer"
            ]
        },
        {
            "id": "nibolnarzary",
            "name": "NIBOL NARZARY",
            "roles": [
                "tenderer",
                "supplier"
            ]
        },
        {
            "id": "premjitboro",
            "name": "PREMJIT BORO",
            "roles": [
                "tenderer"
            ]
        },
        {
            "id": "srigilardbasumatary",
            "name": "Sri Gilard Basumatary",
            "roles": [
                "tenderer"
            ]
        },
        {
            "id": "dfosocialforestrydivisionkokrajhar",
            "name": "DFO, Social Forestry Division, Kokrajhar",
            "address": [
                {
                    "streetAddress": "O/o the DFO, Social Forestry Division, Kokrajhar"
                }
            ],
            "roles": [
                "procuringEntity"
            ]
        }
    ],
    "buyer": [
        {
            "name": "Bodoland Territorial Council",
            "id": "bodolandterritorialcouncil"
        }
    ],
    "tender": [
        {
            "id": "2023_BoTC_34293_1",
            "identifiers": [
                {
                    "id": "BTC/SFK/01/2023 - 01",
                    "scheme": "external"
                }
            ],
            "title": "Creation of 1.5 Ha Nursery (as per latest CAMPA norms) at Paraura Social Forestry Range Fakiragram",
            "description": "Creation of 1.5 Ha Nursery (as per latest CAMPA norms) at Paraura Social Forestry Range Fakiragram of Divisional Forest Officer under Social Forestry Division, Kokrajhar under SOPD for the financial year 2023-24",
            "datePublished": "2023-30-11 18:50",
            "contractType": "Tender",
            "submissionTerms": [
                {
                    "allowPreferentialBidder": "No",
                    "allowMultiCurrencyFee": "No",
                    "allowMultiCurrencyBQQ": "No",
                    "bidValidityPeriod": [
                        {
                            "durationInDays": 180
                        }
                    ]
                }
            ],
            "procuringEntity": [
                {
                    "name": "DFO, Social Forestry Division, Kokrajhar",
                    "id": "dfosocialforestrydivisionkokrajhar"
                }
            ],
            "items": [
                {
                    "id": "01",
                    "classification": [
                        {
                            "description": "Agricultural or Forestry"
                        }
                    ],
                    "additionalClassifications": [
                        {
                            "description": "Work Item Details > Subcategory"
                        }
                    ],
                    "deliveryAddresses": [
                        {
                            "postalCode": "783345.0",
                            "streetAddress": "Fakiragram"
                        }
                    ]
                }
            ],
            "value": [
                {
                    "amount": 4740800.0,
                    "currency": "INR"
                }
            ],
            "procurementMethod": "Open Tender",
            "mainProcurementCategory": "Works",
            "tenderPeriod": [
                {
                    "startDate": "2023-30-11 18:50",
                    "endDate": "2023-20-12 15:00",
                    "durationInDays": 19
                }
            ],
            "enquiryPeriod": [
                {
                    "startDate": "2023-30-11 18:50",
                    "endDate": "2023-20-12 15:00",
                    "durationInDays": 19
                }
            ],
            "contractPeriod": [
                {
                    "durationInDays": 180
                }
            ],
            "communication": [
                {
                    "id": 1,
                    "documentAvailabilityPeriod": [
                        {
                            "startDate": "2023-30-11 18:50",
                            "endDate": "2023-20-12 15:00"
                        }
                    ]
                }
            ],
            "bidOpening": [
                {
                    "date": "2023-20-12 15:30",
                    "address": [
                        {
                            "streetAddress": "O/o the DFO, Social Forestry Division, Kokrajhar"
                        }
                    ]
                }
            ],
            "participationFees": [
                {
                    "id": "01",
                    "value": [
                        {
                            "amount": 1000.0,
                            "currency": "INR"
                        }
                    ],
                    "description": "Nil"
                }
            ],
            "numberOfTenderers": 4,
            "milestones": [
                {
                    "id": "1",
                    "title": "Published Date",
                    "type": "Pre-procurement milestones",
                    "dueDate": "2023-30-11 18:50"
                },
                {
                    "id": "2",
                    "title": "Document Download / Sale Start Date",
                    "type": "Pre-procurement milestones",
                    "dueDate": "2023-30-11 18:50"
                },
                {
                    "id": "3",
                    "title": "Clarification Start Date",
                    "type": "Pre-procurement milestones",
                    "dueDate": "2023-30-11 18:50"
                },
                {
                    "id": "4",
                    "title": "Bid Submission Start Date",
                    "type": "Pre-procurement milestones",
                    "dueDate": "2023-30-11 18:50"
                },
                {
                    "id": "5",
                    "title": "Bid Opening Date",
                    "type": "Pre-procurement milestones",
                    "dueDate": "2023-20-12 15:30"
                },
                {
                    "id": "6",
                    "title": "Document Download / Sale End Date",
                    "type": "Pre-procurement milestones",
                    "dueDate": "2023-20-12 15:00"
                },
                {
                    "id": "7",
                    "title": "Clarification End Date",
                    "type": "Pre-procurement milestones",
                    "dueDate": "2023-20-12 15:00"
                },
                {
                    "id": "8",
                    "title": "Bid Submission End Date",
                    "type": "Pre-procurement milestones",
                    "dueDate": "2023-20-12 15:00"
                },
                {
                    "id": "9",
                    "title": "Financial Bid Opening Date",
                    "type": "Pre-procurement milestones",
                    "dueDate": "2023-23-12 12:30"
                }
            ],
            "fiscalYear": "2023-2024"
        }
    ],
    "bids": [
        {
            "id": 1,
            "details": [
                {
                    "id": "215595.0",
                    "date": "2023-19-12 19:09",
                    "status": "Rejected-Technical",
                    "tenderers": [
                        {
                            "id": "premjitboro",
                            "name": "PREMJIT BORO"
                        }
                    ]
                },
                {
                    "id": "214862.0",
                    "date": "2023-19-12 18:42",
                    "status": "Rejected-Finance",
                    "tenderers": [
                        {
                            "id": "srigilardbasumatary",
                            "name": "Sri Gilard Basumatary"
                        }
                    ]
                },
                {
                    "id": "214859.0",
                    "date": "2023-19-12 17:38",
                    "status": "Accepted-AOC",
                    "tenderers": [
                        {
                            "id": "nibolnarzary",
                            "name": "NIBOL NARZARY"
                        }
                    ]
                }
            ]
        }
    ],
    "statistics": [
        {
            "id": "1",
            "value": 4739860.0,
            "currency": "INR",
            "measure": "contractValue"
        }
    ],
    "awards": [
        {
            "id": 1,
            "description": "L1 Bidder",
            "value": [
                {
                    "amount": 4739860.0,
                    "currency": "INR"
                }
            ],
            "suppliers": [
                {
                    "id": "nibolnarzary",
                    "name": "NIBOL NARZARY"
                }
            ],
            "contractPeriod": [
                {
                    "startDate": "2024-12-02",
                    "durationInDays": 180
                }
            ]
        },
        {
            "id": 2,
            "value": [
                {
                    "amount": "4739860",
                    "currency": "INR"
                }
            ]
        }
    ]
}