{
    "ocid": "ocds-f5kvwu-2023_BTC_33671_1",
    "id": "1",
    "date": "2024-11-27",
    "tag": [
        "tender"
    ],
    "initiationType": "tender",
    "parties": [
        {
            "id": "bodolandterritorialcouncilpwd",
            "name": "Bodoland Territorial Council-PWD",
            "roles": [
                "buyer"
            ]
        },
        {
            "id": "arjunsaha",
            "name": "Arjun Saha",
            "roles": [
                "tenderer"
            ]
        },
        {
            "id": "assamagencies",
            "name": "Assam Agencies",
            "roles": [
                "tenderer",
                "supplier"
            ]
        },
        {
            "id": "barandabasumatary",
            "name": "Baranda Basumatary",
            "roles": [
                "tenderer"
            ]
        },
        {
            "id": "dhananjaybasumatary",
            "name": "DHANANJAY BASUMATARY",
            "roles": [
                "tenderer"
            ]
        },
        {
            "id": "dhilanbasumatary",
            "name": "DHILAN BASUMATARY",
            "roles": [
                "tenderer"
            ]
        },
        {
            "id": "sailenbasumatary",
            "name": "SAILEN BASUMATARY",
            "roles": [
                "tenderer"
            ]
        },
        {
            "id": "tapankumarbasumatary",
            "name": "TAPAN KUMAR BASUMATARY",
            "roles": [
                "tenderer"
            ]
        },
        {
            "id": "sripadmanandachoudhury",
            "name": "Sri Padmananda Choudhury",
            "address": [
                {
                    "streetAddress": "O/o the Addl. Chief Engineer-cum-Director, PWD, BTC, Kokrajhar."
                }
            ],
            "roles": [
                "procuringEntity"
            ]
        }
    ],
    "buyer": [
        {
            "name": "Bodoland Territorial Council-PWD",
            "id": "bodolandterritorialcouncilpwd"
        }
    ],
    "tender": [
        {
            "id": "2023_BTC_33671_1",
            "identifiers": [
                {
                    "id": "150/PWD/NIT/Goodwill/23-24/03",
                    "scheme": "external"
                }
            ],
            "title": "Construction of road from Bandwguri to Nigamghola village by providing ICBP including C.D. Works SOPD CMs Goodwill Project for the year 2023-24. TN_26_37",
            "description": "Construction of road from Bandwguri to Nigamghola village by providing ICBP including C.D. Works SOPD CMs Goodwill Project for the year 2023-24. TN_26_37",
            "datePublished": "2023-09-11 10:30",
            "contractType": "Tender",
            "submissionTerms": [
                {
                    "allowPreferentialBidder": "No",
                    "allowMultiCurrencyFee": "No",
                    "allowMultiCurrencyBQQ": "No",
                    "bidValidityPeriod": [
                        {
                            "durationInDays": 180
                        }
                    ]
                }
            ],
            "procuringEntity": [
                {
                    "name": "Sri Padmananda Choudhury",
                    "id": "sripadmanandachoudhury"
                }
            ],
            "items": [
                {
                    "id": "01",
                    "classification": [
                        {
                            "description": "Civil Works \u2013 Roads"
                        }
                    ],
                    "additionalClassifications": [
                        {
                            "description": "Work Item Details > Subcategory"
                        }
                    ],
                    "deliveryAddresses": [
                        {
                            "postalCode": "783370.0",
                            "streetAddress": "Kokrajhar"
                        }
                    ]
                }
            ],
            "value": [
                {
                    "amount": 24575698.0,
                    "currency": "INR"
                }
            ],
            "procurementMethod": "Open Tender",
            "mainProcurementCategory": "Item Rate",
            "tenderPeriod": [
                {
                    "startDate": "2023-09-11 10:30",
                    "endDate": "2023-29-11 14:00",
                    "durationInDays": 20
                }
            ],
            "enquiryPeriod": [
                {
                    "startDate": "2023-09-11 10:30",
                    "endDate": "2023-29-11 14:00",
                    "durationInDays": 20
                }
            ],
            "contractPeriod": [
                {
                    "durationInDays": 365
                }
            ],
            "communication": [
                {
                    "id": 1,
                    "documentAvailabilityPeriod": [
                        {
                            "startDate": "2023-09-11 10:30",
                            "endDate": "2023-29-11 14:00"
                        }
                    ]
                }
            ],
            "bidOpening": [
                {
                    "date": "2023-30-11 12:00",
                    "address": [
                        {
                            "streetAddress": "Kokrajhar"
                        }
                    ]
                }
            ],
            "participationFees": [
                {
                    "id": "01",
                    "value": [
                        {
                            "amount": 5000.0,
                            "currency": "INR"
                        }
                    ],
                    "description": "Nil"
                }
            ],
            "numberOfTenderers": 8,
            "milestones": [
                {
                    "id": "1",
                    "title": "Published Date",
                    "type": "Pre-procurement milestones",
                    "dueDate": "2023-09-11 10:30"
                },
                {
                    "id": "2",
                    "title": "Document Download / Sale Start Date",
                    "type": "Pre-procurement milestones",
                    "dueDate": "2023-09-11 10:30"
                },
                {
                    "id": "3",
                    "title": "Clarification Start Date",
                    "type": "Pre-procurement milestones",
                    "dueDate": "2023-09-11 10:30"
                },
                {
                    "id": "4",
                    "title": "Bid Submission Start Date",
                    "type": "Pre-procurement milestones",
                    "dueDate": "2023-09-11 12:00"
                },
                {
                    "id": "5",
                    "title": "Bid Opening Date",
                    "type": "Pre-procurement milestones",
                    "dueDate": "2023-30-11 12:00"
                },
                {
                    "id": "6",
                    "title": "Document Download / Sale End Date",
                    "type": "Pre-procurement milestones",
                    "dueDate": "2023-29-11 14:00"
                },
                {
                    "id": "7",
                    "title": "Clarification End Date",
                    "type": "Pre-procurement milestones",
                    "dueDate": "2023-29-11 14:00"
                },
                {
                    "id": "8",
                    "title": "Bid Submission End Date",
                    "type": "Pre-procurement milestones",
                    "dueDate": "2023-29-11 14:00"
                },
                {
                    "id": "9",
                    "title": "Financial Bid Opening Date",
                    "type": "Pre-procurement milestones",
                    "dueDate": "2023-22-12 14:00"
                }
            ],
            "fiscalYear": "2023-2024"
        }
    ],
    "bids": [
        {
            "id": 1,
            "details": [
                {
                    "id": "212117.0",
                    "date": "2023-28-11 02:58",
                    "status": "Rejected-AOC",
                    "tenderers": [
                        {
                            "id": "arjunsaha",
                            "name": "Arjun Saha"
                        }
                    ]
                },
                {
                    "id": "211427.0",
                    "date": "2023-26-11 13:22",
                    "status": "Rejected-AOC",
                    "tenderers": [
                        {
                            "id": "barandabasumatary",
                            "name": "Baranda Basumatary"
                        }
                    ]
                },
                {
                    "id": "211436.0",
                    "date": "2023-25-11 02:00",
                    "status": "Rejected-AOC",
                    "tenderers": [
                        {
                            "id": "dhananjaybasumatary",
                            "name": "DHANANJAY BASUMATARY"
                        }
                    ]
                },
                {
                    "id": "211933.0",
                    "date": "2023-26-11 00:45",
                    "status": "Rejected-AOC",
                    "tenderers": [
                        {
                            "id": "dhilanbasumatary",
                            "name": "DHILAN BASUMATARY"
                        }
                    ]
                },
                {
                    "id": "212518.0",
                    "date": "2023-28-11 21:37",
                    "status": "Rejected-AOC",
                    "tenderers": [
                        {
                            "id": "sailenbasumatary",
                            "name": "SAILEN BASUMATARY"
                        }
                    ]
                },
                {
                    "id": "211937.0",
                    "date": "2023-26-11 00:36",
                    "status": "Rejected-AOC",
                    "tenderers": [
                        {
                            "id": "tapankumarbasumatary",
                            "name": "TAPAN KUMAR BASUMATARY"
                        }
                    ]
                },
                {
                    "id": "212166.0",
                    "date": "2023-29-11 03:16",
                    "status": "Accepted-AOC",
                    "tenderers": [
                        {
                            "id": "assamagencies",
                            "name": "Assam Agencies"
                        }
                    ]
                }
            ]
        }
    ],
    "statistics": [
        {
            "id": "1",
            "value": 22118128.2,
            "currency": "INR",
            "measure": "contractValue"
        }
    ],
    "awards": [
        {
            "id": 1,
            "description": "L2",
            "value": [
                {
                    "amount": 22118128.2,
                    "currency": "INR"
                }
            ],
            "suppliers": [
                {
                    "id": "assamagencies",
                    "name": "Assam Agencies"
                }
            ],
            "contractPeriod": [
                {
                    "startDate": "2024-01-02",
                    "durationInDays": 365
                }
            ]
        },
        {
            "id": 2,
            "value": [
                {
                    "amount": "221181282",
                    "currency": "INR"
                }
            ]
        }
    ]
}