{
    "ocid": "ocds-f5kvwu-2023_APDCL_32313_1",
    "id": "1",
    "date": "2024-11-27",
    "tag": [
        "tender"
    ],
    "initiationType": "tender",
    "parties": [
        {
            "id": "assampowerdistributioncompanyltd",
            "name": "Assam Power Distribution Company Ltd",
            "roles": [
                "buyer"
            ]
        },
        {
            "id": "jayantakhaund",
            "name": "Jayanta Khaund",
            "roles": [
                "tenderer",
                "supplier"
            ]
        },
        {
            "id": "msassamelectricstore",
            "name": "M/S Assam Electric Store",
            "roles": [
                "tenderer"
            ]
        },
        {
            "id": "purbanchalenterprise",
            "name": "Purbanchal Enterprise",
            "roles": [
                "tenderer"
            ]
        },
        {
            "id": "shanticonductorspvtltd",
            "name": "Shanti Conductors Pvt Ltd",
            "roles": [
                "tenderer"
            ]
        },
        {
            "id": "theglobalcentre",
            "name": "THE GLOBAL CENTRE",
            "roles": [
                "tenderer"
            ]
        },
        {
            "id": "oocgmppdbijuleebhawan",
            "name": "O o CGM PPD Bijulee Bhawan",
            "address": [
                {
                    "streetAddress": "O o CGM PPD Bijulee Bhawan"
                }
            ],
            "roles": [
                "procuringEntity"
            ]
        }
    ],
    "buyer": [
        {
            "name": "Assam Power Distribution Company Ltd",
            "id": "assampowerdistributioncompanyltd"
        }
    ],
    "tender": [
        {
            "id": "2023_APDCL_32313_1",
            "identifiers": [
                {
                    "id": "Wildlife_SOPD 23_24_LAR",
                    "scheme": "external"
                }
            ],
            "title": "Conversion heightening of LT HT line under Kokrajhar Barpeta and Guwahati EC II",
            "description": "Conversion heightening of LT HT line under Kokrajhar Electrical Circle Barpeta Electrical Circle Guwahati Electrical Circle II of APDCL as a safety measure towards wildlife",
            "datePublished": "2023-31-08 14:00",
            "contractType": "Tender",
            "submissionTerms": [
                {
                    "allowPreferentialBidder": "No",
                    "allowMultiCurrencyFee": "No",
                    "allowMultiCurrencyBQQ": "No",
                    "bidValidityPeriod": [
                        {
                            "durationInDays": 180
                        }
                    ]
                }
            ],
            "procuringEntity": [
                {
                    "name": "O o CGM PPD Bijulee Bhawan",
                    "id": "oocgmppdbijuleebhawan"
                }
            ],
            "items": [
                {
                    "id": "01",
                    "classification": [
                        {
                            "description": "Electrical Works"
                        }
                    ],
                    "additionalClassifications": [
                        {
                            "description": "Work Item Details > Subcategory"
                        }
                    ],
                    "deliveryAddresses": [
                        {
                            "postalCode": "781017.0",
                            "streetAddress": "Kokrajhar Barpeta Kamrup"
                        }
                    ]
                }
            ],
            "value": [
                {
                    "amount": 37991966.0,
                    "currency": "INR"
                }
            ],
            "procurementMethod": "Open Tender",
            "mainProcurementCategory": "Turn-key",
            "tenderPeriod": [
                {
                    "startDate": "2023-31-08 14:00",
                    "endDate": "2023-30-09 12:00",
                    "durationInDays": 29
                }
            ],
            "enquiryPeriod": [
                {
                    "startDate": "2023-31-08 14:00",
                    "endDate": "2023-04-09 12:00",
                    "durationInDays": 3
                }
            ],
            "contractPeriod": [
                {
                    "durationInDays": 180
                }
            ],
            "communication": [
                {
                    "id": 1,
                    "documentAvailabilityPeriod": [
                        {
                            "startDate": "2023-31-08 14:00",
                            "endDate": "2023-30-09 12:00"
                        }
                    ]
                }
            ],
            "bidOpening": [
                {
                    "date": "2023-03-10 14:00",
                    "address": [
                        {
                            "streetAddress": "Bijulee Bhawan Paltanbazar"
                        }
                    ]
                }
            ],
            "participationFees": [
                {
                    "id": "01",
                    "value": [
                        {
                            "amount": 10000.0,
                            "currency": "INR"
                        }
                    ],
                    "description": "Nil"
                }
            ],
            "numberOfTenderers": 6,
            "milestones": [
                {
                    "id": "1",
                    "title": "Published Date",
                    "type": "Pre-procurement milestones",
                    "dueDate": "2023-31-08 14:00"
                },
                {
                    "id": "2",
                    "title": "Document Download / Sale Start Date",
                    "type": "Pre-procurement milestones",
                    "dueDate": "2023-31-08 14:00"
                },
                {
                    "id": "3",
                    "title": "Clarification Start Date",
                    "type": "Pre-procurement milestones",
                    "dueDate": "2023-31-08 14:00"
                },
                {
                    "id": "4",
                    "title": "Bid Submission Start Date",
                    "type": "Pre-procurement milestones",
                    "dueDate": "2023-08-09 10:00"
                },
                {
                    "id": "5",
                    "title": "Bid Opening Date",
                    "type": "Pre-procurement milestones",
                    "dueDate": "2023-03-10 14:00"
                },
                {
                    "id": "6",
                    "title": "Document Download / Sale End Date",
                    "type": "Pre-procurement milestones",
                    "dueDate": "2023-30-09 12:00"
                },
                {
                    "id": "7",
                    "title": "Clarification End Date",
                    "type": "Pre-procurement milestones",
                    "dueDate": "2023-04-09 12:00"
                },
                {
                    "id": "8",
                    "title": "Bid Submission End Date",
                    "type": "Pre-procurement milestones",
                    "dueDate": "2023-30-09 12:00"
                },
                {
                    "id": "9",
                    "title": "Financial Bid Opening Date",
                    "type": "Pre-procurement milestones",
                    "dueDate": "2023-11-12 16:00"
                }
            ],
            "fiscalYear": "2023-2024"
        }
    ],
    "bids": [
        {
            "id": 1,
            "details": [
                {
                    "id": "202032.0",
                    "date": "2023-22-09 17:00",
                    "status": "Rejected-Finance",
                    "tenderers": [
                        {
                            "id": "msassamelectricstore",
                            "name": "M/S Assam Electric Store"
                        }
                    ]
                },
                {
                    "id": "202591.0",
                    "date": "2023-29-09 19:09",
                    "status": "Rejected-Finance",
                    "tenderers": [
                        {
                            "id": "purbanchalenterprise",
                            "name": "Purbanchal Enterprise"
                        }
                    ]
                },
                {
                    "id": "202126.0",
                    "date": "2023-29-09 20:41",
                    "status": "Rejected-Finance",
                    "tenderers": [
                        {
                            "id": "shanticonductorspvtltd",
                            "name": "Shanti Conductors Pvt Ltd"
                        }
                    ]
                },
                {
                    "id": "202112.0",
                    "date": "2023-30-09 10:47",
                    "status": "Rejected-Finance",
                    "tenderers": [
                        {
                            "id": "theglobalcentre",
                            "name": "THE GLOBAL CENTRE"
                        }
                    ]
                },
                {
                    "id": "202588.0",
                    "date": "2023-30-09 06:37",
                    "status": "Accepted-AOC",
                    "tenderers": [
                        {
                            "id": "jayantakhaund",
                            "name": "Jayanta Khaund"
                        }
                    ]
                }
            ]
        }
    ],
    "statistics": [
        {
            "id": "1",
            "value": 29515354.93,
            "currency": "INR",
            "measure": "contractValue"
        }
    ],
    "awards": [
        {
            "id": 1,
            "description": "Letter of Award",
            "value": [
                {
                    "amount": 29515354.93,
                    "currency": "INR"
                }
            ],
            "suppliers": [
                {
                    "id": "jayantakhaund",
                    "name": "Jayanta Khaund"
                }
            ],
            "contractPeriod": [
                {
                    "startDate": "2024-13-06",
                    "durationInDays": 180
                }
            ]
        },
        {
            "id": 2,
            "value": [
                {
                    "amount": "2951535493",
                    "currency": "INR"
                }
            ]
        }
    ]
}