{
    "ocid": "ocds-f5kvwu-2023_AAU_34004_1",
    "id": "1",
    "date": "2024-11-27",
    "tag": [
        "tender"
    ],
    "initiationType": "tender",
    "parties": [
        {
            "id": "assamagriculturaluniversity",
            "name": "Assam Agricultural University",
            "roles": [
                "buyer"
            ]
        },
        {
            "id": "globusinformaticsindiaprivatelimited",
            "name": "GLOBUS INFORMATICS INDIA PRIVATE LIMITED",
            "roles": [
                "tenderer",
                "supplier"
            ]
        },
        {
            "id": "msneicomimpressions",
            "name": "M/S NEICOM IMPRESSIONS",
            "roles": [
                "tenderer"
            ]
        },
        {
            "id": "scienceandtechnologyparkpune",
            "name": "Science and Technology Park, Pune",
            "roles": [
                "tenderer"
            ]
        },
        {
            "id": "directorofreserachagri",
            "name": "Director of Reserach (Agri.)",
            "address": [
                {
                    "streetAddress": "Directorate of Research (Agri.), AAU, Jorhat-785013"
                }
            ],
            "roles": [
                "procuringEntity"
            ]
        }
    ],
    "buyer": [
        {
            "name": "Assam Agricultural University",
            "id": "assamagriculturaluniversity"
        }
    ],
    "tender": [
        {
            "id": "2023_AAU_34004_1",
            "identifiers": [
                {
                    "id": "7(227.12)/DRA(A)/RKB/227788-88",
                    "scheme": "external"
                }
            ],
            "title": "Upgrading the current Rice Knowledge Bank (RKB) website to Rice Based Cropping System Knowledge Bank under APART project.",
            "description": "Upgrading the current Rice Knowledge Bank (RKB) website to Rice Based Cropping System Knowledge Bank under APART project.",
            "datePublished": "2023-17-11 17:00",
            "contractType": "Tender",
            "submissionTerms": [
                {
                    "allowPreferentialBidder": "No",
                    "allowMultiCurrencyFee": "No",
                    "allowMultiCurrencyBQQ": "No",
                    "bidValidityPeriod": [
                        {
                            "durationInDays": 90
                        }
                    ]
                }
            ],
            "procuringEntity": [
                {
                    "name": "Director of Reserach (Agri.)",
                    "id": "directorofreserachagri"
                }
            ],
            "items": [
                {
                    "id": "01",
                    "classification": [
                        {
                            "description": "Miscellaneous Services"
                        }
                    ],
                    "additionalClassifications": [
                        {
                            "description": "Work Item Details > Subcategory"
                        }
                    ],
                    "deliveryAddresses": [
                        {
                            "postalCode": "785013.0",
                            "streetAddress": "Directorate of Research (Agri.), AAU, Jorhat"
                        }
                    ]
                }
            ],
            "procurementMethod": "Open Tender",
            "mainProcurementCategory": "Item Rate",
            "tenderPeriod": [
                {
                    "startDate": "2023-17-11 17:00",
                    "endDate": "2023-07-12 14:30",
                    "durationInDays": 19
                }
            ],
            "enquiryPeriod": [
                {
                    "startDate": "2023-28-11 09:30",
                    "endDate": "2023-29-11 16:30",
                    "durationInDays": 1
                }
            ],
            "contractPeriod": [
                {
                    "durationInDays": 90
                }
            ],
            "communication": [
                {
                    "id": 1,
                    "documentAvailabilityPeriod": [
                        {
                            "startDate": "2023-17-11 17:30",
                            "endDate": "2023-07-12 14:30"
                        }
                    ]
                }
            ],
            "bidOpening": [
                {
                    "date": "2023-07-12 15:30",
                    "address": [
                        {
                            "streetAddress": "DoR (Agri.), Assam Agricultural University, Jorhat"
                        }
                    ]
                }
            ],
            "participationFees": [
                {
                    "id": "01",
                    "value": [
                        {
                            "amount": 1000.0,
                            "currency": "INR"
                        }
                    ],
                    "description": "Nil"
                }
            ],
            "numberOfTenderers": 4,
            "milestones": [
                {
                    "id": "1",
                    "title": "Published Date",
                    "type": "Pre-procurement milestones",
                    "dueDate": "2023-17-11 17:00"
                },
                {
                    "id": "2",
                    "title": "Document Download / Sale Start Date",
                    "type": "Pre-procurement milestones",
                    "dueDate": "2023-17-11 17:30"
                },
                {
                    "id": "3",
                    "title": "Clarification Start Date",
                    "type": "Pre-procurement milestones",
                    "dueDate": "2023-28-11 09:30"
                },
                {
                    "id": "4",
                    "title": "Bid Submission Start Date",
                    "type": "Pre-procurement milestones",
                    "dueDate": "2023-04-12 09:30"
                },
                {
                    "id": "5",
                    "title": "Bid Opening Date",
                    "type": "Pre-procurement milestones",
                    "dueDate": "2023-07-12 15:30"
                },
                {
                    "id": "6",
                    "title": "Document Download / Sale End Date",
                    "type": "Pre-procurement milestones",
                    "dueDate": "2023-07-12 14:30"
                },
                {
                    "id": "7",
                    "title": "Clarification End Date",
                    "type": "Pre-procurement milestones",
                    "dueDate": "2023-29-11 16:30"
                },
                {
                    "id": "8",
                    "title": "Bid Submission End Date",
                    "type": "Pre-procurement milestones",
                    "dueDate": "2023-07-12 14:30"
                },
                {
                    "id": "9",
                    "title": "Financial Bid Opening Date",
                    "type": "Pre-procurement milestones",
                    "dueDate": "2024-17-01 16:20"
                }
            ],
            "fiscalYear": "2023-2024"
        }
    ],
    "bids": [
        {
            "id": 1,
            "details": [
                {
                    "id": "214278.0",
                    "date": "2023-07-12 11:39",
                    "status": "Rejected-Finance",
                    "tenderers": [
                        {
                            "id": "msneicomimpressions",
                            "name": "M/S NEICOM IMPRESSIONS"
                        }
                    ]
                },
                {
                    "id": "214263.0",
                    "date": "2023-06-12 14:46",
                    "status": "Rejected-Finance",
                    "tenderers": [
                        {
                            "id": "scienceandtechnologyparkpune",
                            "name": "Science and Technology Park, Pune"
                        }
                    ]
                },
                {
                    "id": "214441.0",
                    "date": "2023-07-12 12:59",
                    "status": "Accepted-AOC",
                    "tenderers": [
                        {
                            "id": "globusinformaticsindiaprivatelimited",
                            "name": "GLOBUS INFORMATICS INDIA PRIVATE LIMITED"
                        }
                    ]
                }
            ]
        }
    ],
    "statistics": [
        {
            "id": "1",
            "value": 779900.0,
            "currency": "INR",
            "measure": "contractValue"
        }
    ],
    "awards": [
        {
            "id": 1,
            "description": "The award of contract given to the L1 firm i.e.; Globus Informatics India Pvt. Ltd.",
            "value": [
                {
                    "amount": 779900.0,
                    "currency": "INR"
                }
            ],
            "suppliers": [
                {
                    "id": "globusinformaticsindiaprivatelimited",
                    "name": "GLOBUS INFORMATICS INDIA PRIVATE LIMITED"
                }
            ],
            "contractPeriod": [
                {
                    "startDate": "2024-28-02",
                    "durationInDays": 30
                }
            ]
        },
        {
            "id": 2,
            "value": [
                {
                    "amount": "779900",
                    "currency": "INR"
                }
            ]
        }
    ]
}