{
    "ocid": "ocds-f5kvwu-2023_APDCL_31589_1",
    "id": "1",
    "date": "2024-11-27",
    "tag": [
        "tender"
    ],
    "initiationType": "tender",
    "parties": [
        {
            "id": "assampowerdistributioncompanyltd",
            "name": "Assam Power Distribution Company Ltd",
            "roles": [
                "buyer"
            ]
        },
        {
            "id": "shirdisaielectricalsltd",
            "name": "SHIRDI SAI ELECTRICALS LTD",
            "roles": [
                "tenderer"
            ]
        },
        {
            "id": "teslatransformersindialtd",
            "name": "Tesla Transformers (India) Ltd.",
            "roles": [
                "tenderer",
                "supplier"
            ]
        },
        {
            "id": "chiefgeneralmanagerppndapdcl",
            "name": "Chief General Manager PPnD APDCL",
            "address": [
                {
                    "streetAddress": "Office of CGM PPnD APDCL 6th floor Bijulee Bhawan Paltanbazar Guwahati 781001"
                }
            ],
            "roles": [
                "procuringEntity"
            ]
        }
    ],
    "buyer": [
        {
            "name": "Assam Power Distribution Company Ltd",
            "id": "assampowerdistributioncompanyltd"
        }
    ],
    "tender": [
        {
            "id": "2023_APDCL_31589_1",
            "identifiers": [
                {
                    "id": "APDCL/CGM(PPD)/PTR/23-24/23/2",
                    "scheme": "external"
                }
            ],
            "title": "Supply of 33/11 kV 10 MVA Power Transformers with associated accessories as per IS IEC standards in APDCL",
            "description": "Supply of 33/11 kV 10 MVA Power Transformers with associated accessories as per IS IEC standards in APDCL",
            "datePublished": "2023-10-07 09:00",
            "contractType": "Tender",
            "submissionTerms": [
                {
                    "allowPreferentialBidder": "No",
                    "allowMultiCurrencyFee": "No",
                    "allowMultiCurrencyBQQ": "No",
                    "bidValidityPeriod": [
                        {
                            "durationInDays": 180
                        }
                    ]
                }
            ],
            "procuringEntity": [
                {
                    "name": "Chief General Manager PPnD APDCL",
                    "id": "chiefgeneralmanagerppndapdcl"
                }
            ],
            "items": [
                {
                    "id": "01",
                    "classification": [
                        {
                            "description": "Electrical Work/ Equipment"
                        }
                    ],
                    "additionalClassifications": [
                        {
                            "description": "Work Item Details > Subcategory"
                        }
                    ],
                    "deliveryAddresses": [
                        {
                            "postalCode": "781001.0",
                            "streetAddress": "across APDCL"
                        }
                    ]
                }
            ],
            "procurementMethod": "Open Tender",
            "mainProcurementCategory": "Supply",
            "tenderPeriod": [
                {
                    "startDate": "2023-10-07 09:00",
                    "endDate": "2023-22-08 15:00",
                    "durationInDays": 43
                }
            ],
            "enquiryPeriod": [
                {
                    "startDate": "2023-10-07 09:00",
                    "endDate": "2023-17-07 09:00",
                    "durationInDays": 7
                }
            ],
            "contractPeriod": [
                {
                    "durationInDays": 180
                }
            ],
            "communication": [
                {
                    "id": 1,
                    "documentAvailabilityPeriod": [
                        {
                            "startDate": "2023-10-07 09:00",
                            "endDate": "2023-22-08 15:00"
                        }
                    ]
                }
            ],
            "bidOpening": [
                {
                    "date": "2023-23-08 15:00",
                    "address": [
                        {
                            "streetAddress": "Office of the CGM PPnD APDCL"
                        }
                    ]
                }
            ],
            "participationFees": [
                {
                    "id": "01",
                    "value": [
                        {
                            "amount": 20000.0,
                            "currency": "INR"
                        }
                    ],
                    "description": "Nil"
                }
            ],
            "numberOfTenderers": 5,
            "milestones": [
                {
                    "id": "1",
                    "title": "Published Date",
                    "type": "Pre-procurement milestones",
                    "dueDate": "2023-10-07 09:00"
                },
                {
                    "id": "2",
                    "title": "Document Download / Sale Start Date",
                    "type": "Pre-procurement milestones",
                    "dueDate": "2023-10-07 09:00"
                },
                {
                    "id": "3",
                    "title": "Clarification Start Date",
                    "type": "Pre-procurement milestones",
                    "dueDate": "2023-10-07 09:00"
                },
                {
                    "id": "4",
                    "title": "Bid Submission Start Date",
                    "type": "Pre-procurement milestones",
                    "dueDate": "2023-19-07 09:00"
                },
                {
                    "id": "5",
                    "title": "Bid Opening Date",
                    "type": "Pre-procurement milestones",
                    "dueDate": "2023-23-08 15:00"
                },
                {
                    "id": "6",
                    "title": "Document Download / Sale End Date",
                    "type": "Pre-procurement milestones",
                    "dueDate": "2023-22-08 15:00"
                },
                {
                    "id": "7",
                    "title": "Clarification End Date",
                    "type": "Pre-procurement milestones",
                    "dueDate": "2023-17-07 09:00"
                },
                {
                    "id": "8",
                    "title": "Bid Submission End Date",
                    "type": "Pre-procurement milestones",
                    "dueDate": "2023-22-08 15:00"
                },
                {
                    "id": "9",
                    "title": "Financial Bid Opening Date",
                    "type": "Pre-procurement milestones",
                    "dueDate": "2023-30-11 12:00"
                }
            ],
            "fiscalYear": "2023-2024"
        }
    ],
    "bids": [
        {
            "id": 1,
            "details": [
                {
                    "id": "194261.0",
                    "date": "2023-02-08 14:47",
                    "status": "Rejected-Finance",
                    "tenderers": [
                        {
                            "id": "shirdisaielectricalsltd",
                            "name": "SHIRDI SAI ELECTRICALS LTD"
                        }
                    ]
                },
                {
                    "id": "193377.0",
                    "date": "2023-09-08 12:49",
                    "status": "Accepted-AOC",
                    "tenderers": [
                        {
                            "id": "teslatransformersindialtd",
                            "name": "Tesla Transformers (India) Ltd."
                        }
                    ]
                }
            ]
        }
    ],
    "statistics": [
        {
            "id": "1",
            "value": 101716000.0,
            "currency": "INR",
            "measure": "contractValue"
        }
    ],
    "awards": [
        {
            "id": 1,
            "description": "Letter of Award",
            "value": [
                {
                    "amount": 101716000.0,
                    "currency": "INR"
                }
            ],
            "suppliers": [
                {
                    "id": "teslatransformersindialtd",
                    "name": "Tesla Transformers (India) Ltd."
                }
            ],
            "contractPeriod": [
                {
                    "startDate": "2024-30-07",
                    "durationInDays": 180
                }
            ]
        },
        {
            "id": 2,
            "value": [
                {
                    "amount": "101716000",
                    "currency": "INR"
                }
            ]
        }
    ]
}