{
    "ocid": "ocds-f5kvwu-2023_BTC_33655_1",
    "id": "1",
    "date": "2024-11-27",
    "tag": [
        "tender"
    ],
    "initiationType": "tender",
    "parties": [
        {
            "id": "bodolandterritorialcouncilpwd",
            "name": "Bodoland Territorial Council-PWD",
            "roles": [
                "buyer"
            ]
        },
        {
            "id": "arjunsaha",
            "name": "Arjun Saha",
            "roles": [
                "tenderer"
            ]
        },
        {
            "id": "assamagencies",
            "name": "Assam Agencies",
            "roles": [
                "tenderer"
            ]
        },
        {
            "id": "jamidarnarzary",
            "name": "Jamidar Narzary",
            "roles": [
                "tenderer",
                "supplier"
            ]
        },
        {
            "id": "kamalakantakhaklary",
            "name": "KAMALA KANTA KHAKLARY",
            "roles": [
                "tenderer"
            ]
        },
        {
            "id": "rajuchandrabasumatary",
            "name": "RAJU CHANDRA BASUMATARY",
            "roles": [
                "tenderer"
            ]
        },
        {
            "id": "sripadmanandachoudhury",
            "name": "Sri Padmananda Choudhury",
            "address": [
                {
                    "streetAddress": "O/o the Addl. Chief Engineer-cum-Director, PWD, BTC, Kokrajhar."
                }
            ],
            "roles": [
                "procuringEntity"
            ]
        }
    ],
    "buyer": [
        {
            "name": "Bodoland Territorial Council-PWD",
            "id": "bodolandterritorialcouncilpwd"
        }
    ],
    "tender": [
        {
            "id": "2023_BTC_33655_1",
            "identifiers": [
                {
                    "id": "150/PWD/NIT/Goodwill/23-24/03",
                    "scheme": "external"
                }
            ],
            "title": "Construction of road from Lakhipur to Dhanpur village by providing SDBC including 12 nos. of RCC Box Culvert from Ch. 0.00Km to Ch. 3.30Km under CMs Goodwill Project in BTC area for the year 2023-24. TN_26_28",
            "description": "Construction of road from Lakhipur to Dhanpur village by providing SDBC including 12 nos. of RCC Box Culvert from Ch. 0.00Km to Ch. 3.30Km under CMs Goodwill Project in BTC area for the year 2023-24. TN_26_28",
            "datePublished": "2023-09-11 10:30",
            "contractType": "Tender",
            "submissionTerms": [
                {
                    "allowPreferentialBidder": "No",
                    "allowMultiCurrencyFee": "No",
                    "allowMultiCurrencyBQQ": "No",
                    "bidValidityPeriod": [
                        {
                            "durationInDays": 180
                        }
                    ]
                }
            ],
            "procuringEntity": [
                {
                    "name": "Sri Padmananda Choudhury",
                    "id": "sripadmanandachoudhury"
                }
            ],
            "items": [
                {
                    "id": "01",
                    "classification": [
                        {
                            "description": "Civil Works \u2013 Roads"
                        }
                    ],
                    "additionalClassifications": [
                        {
                            "description": "Work Item Details > Subcategory"
                        }
                    ],
                    "deliveryAddresses": [
                        {
                            "postalCode": "783370.0",
                            "streetAddress": "Kokrajhar"
                        }
                    ]
                }
            ],
            "value": [
                {
                    "amount": 16642596.0,
                    "currency": "INR"
                }
            ],
            "procurementMethod": "Open Tender",
            "mainProcurementCategory": "Item Rate",
            "tenderPeriod": [
                {
                    "startDate": "2023-09-11 10:30",
                    "endDate": "2023-29-11 14:00",
                    "durationInDays": 20
                }
            ],
            "enquiryPeriod": [
                {
                    "startDate": "2023-09-11 10:30",
                    "endDate": "2023-29-11 14:00",
                    "durationInDays": 20
                }
            ],
            "contractPeriod": [
                {
                    "durationInDays": 365
                }
            ],
            "communication": [
                {
                    "id": 1,
                    "documentAvailabilityPeriod": [
                        {
                            "startDate": "2023-09-11 10:30",
                            "endDate": "2023-29-11 14:00"
                        }
                    ]
                }
            ],
            "bidOpening": [
                {
                    "date": "2023-30-11 12:00",
                    "address": [
                        {
                            "streetAddress": "Kokrajhar"
                        }
                    ]
                }
            ],
            "participationFees": [
                {
                    "id": "01",
                    "value": [
                        {
                            "amount": 6000.0,
                            "currency": "INR"
                        }
                    ],
                    "description": "Nil"
                }
            ],
            "numberOfTenderers": 6,
            "milestones": [
                {
                    "id": "1",
                    "title": "Published Date",
                    "type": "Pre-procurement milestones",
                    "dueDate": "2023-09-11 10:30"
                },
                {
                    "id": "2",
                    "title": "Document Download / Sale Start Date",
                    "type": "Pre-procurement milestones",
                    "dueDate": "2023-09-11 10:30"
                },
                {
                    "id": "3",
                    "title": "Clarification Start Date",
                    "type": "Pre-procurement milestones",
                    "dueDate": "2023-09-11 10:30"
                },
                {
                    "id": "4",
                    "title": "Bid Submission Start Date",
                    "type": "Pre-procurement milestones",
                    "dueDate": "2023-09-11 12:00"
                },
                {
                    "id": "5",
                    "title": "Bid Opening Date",
                    "type": "Pre-procurement milestones",
                    "dueDate": "2023-30-11 12:00"
                },
                {
                    "id": "6",
                    "title": "Document Download / Sale End Date",
                    "type": "Pre-procurement milestones",
                    "dueDate": "2023-29-11 14:00"
                },
                {
                    "id": "7",
                    "title": "Clarification End Date",
                    "type": "Pre-procurement milestones",
                    "dueDate": "2023-29-11 14:00"
                },
                {
                    "id": "8",
                    "title": "Bid Submission End Date",
                    "type": "Pre-procurement milestones",
                    "dueDate": "2023-29-11 14:00"
                },
                {
                    "id": "9",
                    "title": "Financial Bid Opening Date",
                    "type": "Pre-procurement milestones",
                    "dueDate": "2023-22-12 11:00"
                }
            ],
            "fiscalYear": "2023-2024"
        }
    ],
    "bids": [
        {
            "id": 1,
            "details": [
                {
                    "id": "212111.0",
                    "date": "2023-28-11 21:16",
                    "status": "Rejected-AOC",
                    "tenderers": [
                        {
                            "id": "arjunsaha",
                            "name": "Arjun Saha"
                        }
                    ]
                },
                {
                    "id": "213173.0",
                    "date": "2023-29-11 02:58",
                    "status": "Rejected-AOC",
                    "tenderers": [
                        {
                            "id": "assamagencies",
                            "name": "Assam Agencies"
                        }
                    ]
                },
                {
                    "id": "213171.0",
                    "date": "2023-29-11 11:01",
                    "status": "Rejected-AOC",
                    "tenderers": [
                        {
                            "id": "kamalakantakhaklary",
                            "name": "KAMALA KANTA KHAKLARY"
                        }
                    ]
                },
                {
                    "id": "213169.0",
                    "date": "2023-29-11 11:14",
                    "status": "Rejected-AOC",
                    "tenderers": [
                        {
                            "id": "rajuchandrabasumatary",
                            "name": "RAJU CHANDRA BASUMATARY"
                        }
                    ]
                },
                {
                    "id": "213166.0",
                    "date": "2023-29-11 13:18",
                    "status": "Accepted-AOC",
                    "tenderers": [
                        {
                            "id": "jamidarnarzary",
                            "name": "Jamidar Narzary"
                        }
                    ]
                }
            ]
        }
    ],
    "statistics": [
        {
            "id": "1",
            "value": 23978336.4,
            "currency": "INR",
            "measure": "contractValue"
        }
    ],
    "awards": [
        {
            "id": 1,
            "description": "L1",
            "value": [
                {
                    "amount": 23978336.4,
                    "currency": "INR"
                }
            ],
            "suppliers": [
                {
                    "id": "jamidarnarzary",
                    "name": "Jamidar Narzary"
                }
            ],
            "contractPeriod": [
                {
                    "startDate": "2024-20-02",
                    "durationInDays": 365
                }
            ]
        },
        {
            "id": 2,
            "value": [
                {
                    "amount": "239783364",
                    "currency": "INR"
                }
            ]
        }
    ]
}