{
    "ocid": "ocds-f5kvwu-2023_BoTC_31609_2",
    "id": "1",
    "date": "2024-11-27",
    "tag": [
        "tender"
    ],
    "initiationType": "tender",
    "parties": [
        {
            "id": "bodolandterritorialcouncil",
            "name": "Bodoland Territorial Council",
            "roles": [
                "buyer"
            ]
        },
        {
            "id": "srichanduprakashagarwala",
            "name": "Sri Chandu Prakash Agarwala",
            "roles": [
                "tenderer"
            ]
        },
        {
            "id": "sriminonmochahari",
            "name": "Sri Minon Mochahari",
            "roles": [
                "tenderer",
                "supplier"
            ]
        },
        {
            "id": "chdirrigationbtckokrajhar",
            "name": "CHD, Irrigation, BTC, Kokrajhar",
            "address": [
                {
                    "streetAddress": "o/o the CHD, Irrigation, BTC, Kokrajhar"
                }
            ],
            "roles": [
                "procuringEntity"
            ]
        }
    ],
    "buyer": [
        {
            "name": "Bodoland Territorial Council",
            "id": "bodolandterritorialcouncil"
        }
    ],
    "tender": [
        {
            "id": "2023_BoTC_31609_2",
            "identifiers": [
                {
                    "id": "CHDI/ ET/2022-23/17",
                    "scheme": "external"
                }
            ],
            "title": "C.C. lining including earth work at Branch Canal M2D2 from Chainage 6780 m to 8850 m of ERM,Sukla Irrigation Project under PMKSY-AIBP for the year 2021-22",
            "description": "C.C. lining including earth work at Branch Canal M2D2 from Chainage 6780 m to 8850 m of ERM,Sukla Irrigation Project under PMKSY-AIBP for the year 2021-22",
            "datePublished": "2023-10-07 18:00",
            "contractType": "Tender",
            "submissionTerms": [
                {
                    "allowPreferentialBidder": "No",
                    "allowMultiCurrencyFee": "No",
                    "allowMultiCurrencyBQQ": "No",
                    "bidValidityPeriod": [
                        {
                            "durationInDays": 180
                        }
                    ]
                }
            ],
            "procuringEntity": [
                {
                    "name": "CHD, Irrigation, BTC, Kokrajhar",
                    "id": "chdirrigationbtckokrajhar"
                }
            ],
            "items": [
                {
                    "id": "01",
                    "classification": [
                        {
                            "description": "Civil Works"
                        }
                    ],
                    "additionalClassifications": [
                        {
                            "description": "Work Item Details > Subcategory"
                        }
                    ],
                    "deliveryAddresses": [
                        {
                            "postalCode": "781366.0",
                            "streetAddress": "Suklai Serfang Goreswar"
                        }
                    ]
                }
            ],
            "value": [
                {
                    "amount": 30035054.0,
                    "currency": "INR"
                }
            ],
            "procurementMethod": "Open Tender",
            "mainProcurementCategory": "Works",
            "tenderPeriod": [
                {
                    "startDate": "2023-10-07 18:00",
                    "endDate": "2023-31-07 14:00",
                    "durationInDays": 20
                }
            ],
            "contractPeriod": [
                {
                    "durationInDays": 180
                }
            ],
            "communication": [
                {
                    "id": 1,
                    "documentAvailabilityPeriod": [
                        {
                            "startDate": "2023-10-07 18:00",
                            "endDate": "2023-31-07 14:00"
                        }
                    ]
                }
            ],
            "bidOpening": [
                {
                    "date": "2023-01-08 11:00",
                    "address": [
                        {
                            "streetAddress": "Kokrajhar"
                        }
                    ]
                }
            ],
            "participationFees": [
                {
                    "id": "01",
                    "value": [
                        {
                            "amount": 6100.0,
                            "currency": "INR"
                        }
                    ],
                    "description": "Nil"
                }
            ],
            "numberOfTenderers": 4,
            "milestones": [
                {
                    "id": "1",
                    "title": "Published Date",
                    "type": "Pre-procurement milestones",
                    "dueDate": "2023-10-07 18:00"
                },
                {
                    "id": "2",
                    "title": "Document Download / Sale Start Date",
                    "type": "Pre-procurement milestones",
                    "dueDate": "2023-10-07 18:00"
                },
                {
                    "id": "3",
                    "title": "Bid Submission Start Date",
                    "type": "Pre-procurement milestones",
                    "dueDate": "2023-13-07 10:00"
                },
                {
                    "id": "4",
                    "title": "Bid Opening Date",
                    "type": "Pre-procurement milestones",
                    "dueDate": "2023-01-08 11:00"
                },
                {
                    "id": "5",
                    "title": "Document Download / Sale End Date",
                    "type": "Pre-procurement milestones",
                    "dueDate": "2023-31-07 14:00"
                },
                {
                    "id": "6",
                    "title": "Bid Submission End Date",
                    "type": "Pre-procurement milestones",
                    "dueDate": "2023-31-07 14:00"
                },
                {
                    "id": "7",
                    "title": "Financial Bid Opening Date",
                    "type": "Pre-procurement milestones",
                    "dueDate": "2023-14-09 13:15"
                }
            ],
            "fiscalYear": "2023-2024"
        }
    ],
    "bids": [
        {
            "id": 1,
            "details": [
                {
                    "id": "193432.0",
                    "date": "2023-31-07 10:50",
                    "status": "Rejected-Finance",
                    "tenderers": [
                        {
                            "id": "srichanduprakashagarwala",
                            "name": "Sri Chandu Prakash Agarwala"
                        }
                    ]
                },
                {
                    "id": "193580.0",
                    "date": "2023-27-07 21:56",
                    "status": "Accepted-AOC",
                    "tenderers": [
                        {
                            "id": "sriminonmochahari",
                            "name": "Sri Minon Mochahari"
                        }
                    ]
                }
            ]
        }
    ],
    "statistics": [
        {
            "id": "1",
            "value": 27031548.6,
            "currency": "INR",
            "measure": "contractValue"
        }
    ],
    "awards": [
        {
            "id": 1,
            "value": [
                {
                    "amount": 27031548.6,
                    "currency": "INR"
                }
            ],
            "suppliers": [
                {
                    "id": "sriminonmochahari",
                    "name": "Sri Minon Mochahari"
                }
            ],
            "contractPeriod": [
                {
                    "startDate": "2024-08-03",
                    "durationInDays": 365
                }
            ]
        },
        {
            "id": 2,
            "value": [
                {
                    "amount": "270315486",
                    "currency": "INR"
                }
            ]
        }
    ]
}