{
    "ocid": "ocds-f5kvwu-2023_AEGCL_31694_1",
    "id": "1",
    "date": "2024-11-27",
    "tag": [
        "tender"
    ],
    "initiationType": "tender",
    "parties": [
        {
            "id": "assamelectricitygridcorporationltd",
            "name": "Assam Electricity Grid Corporation Ltd",
            "roles": [
                "buyer"
            ]
        },
        {
            "id": "abenterprise",
            "name": "A. B Enterprise",
            "roles": [
                "tenderer"
            ]
        },
        {
            "id": "scientificmestechnikpvtltd",
            "name": "Scientific Mes Technik Pvt Ltd",
            "roles": [
                "tenderer",
                "supplier"
            ]
        },
        {
            "id": "wtcenterprisespvtltd",
            "name": "WTC Enterprises Pvt Ltd",
            "roles": [
                "tenderer"
            ]
        },
        {
            "id": "chiefgeneralmanagertncandcomm",
            "name": "Chief General Manager, TnC and Comm.",
            "address": [
                {
                    "streetAddress": "Chief General Manager, TnC and Comm. AEGCL, Narengi-26"
                }
            ],
            "roles": [
                "procuringEntity"
            ]
        }
    ],
    "buyer": [
        {
            "name": "Assam Electricity Grid Corporation Ltd",
            "id": "assamelectricitygridcorporationltd"
        }
    ],
    "tender": [
        {
            "id": "2023_AEGCL_31694_1",
            "identifiers": [
                {
                    "id": "AEGCL/MD/CGM(TCC)/SLM/2023/01",
                    "scheme": "external"
                }
            ],
            "title": "SUPPLY OF SIGNAL LEVEL METER WITH SIGNAL GENERATOR FOR UA, COMMUNICATION",
            "description": "SUPPLY OF SIGNAL LEVEL METER WITH SIGNAL GENERATOR FOR UA, COMMUNICATION DIVISION, JORHAT, AEGCL",
            "datePublished": "2023-17-07 17:15",
            "contractType": "Tender",
            "submissionTerms": [
                {
                    "allowPreferentialBidder": "No",
                    "allowMultiCurrencyFee": "No",
                    "allowMultiCurrencyBQQ": "No",
                    "bidValidityPeriod": [
                        {
                            "durationInDays": 180
                        }
                    ]
                }
            ],
            "procuringEntity": [
                {
                    "name": "Chief General Manager, TnC and Comm.",
                    "id": "chiefgeneralmanagertncandcomm"
                }
            ],
            "items": [
                {
                    "id": "01",
                    "classification": [
                        {
                            "description": "Electrical Work/ Equipment"
                        }
                    ],
                    "additionalClassifications": [
                        {
                            "description": "Work Item Details > Subcategory"
                        }
                    ],
                    "deliveryAddresses": [
                        {
                            "postalCode": "785007.0",
                            "streetAddress": "O/o the AGM, UA Communication Division, Jorhat"
                        }
                    ]
                }
            ],
            "value": [
                {
                    "amount": 2541800.0,
                    "currency": "INR"
                }
            ],
            "procurementMethod": "Open Tender",
            "mainProcurementCategory": "Supply",
            "tenderPeriod": [
                {
                    "startDate": "2023-17-07 17:15",
                    "endDate": "2023-09-08 17:00",
                    "durationInDays": 22
                }
            ],
            "contractPeriod": [
                {
                    "durationInDays": 90
                }
            ],
            "communication": [
                {
                    "id": 1,
                    "documentAvailabilityPeriod": [
                        {
                            "startDate": "2023-17-07 17:15",
                            "endDate": "2023-09-08 17:00"
                        }
                    ]
                }
            ],
            "bidOpening": [
                {
                    "date": "2023-10-08 12:00",
                    "address": [
                        {
                            "streetAddress": "O/o CGM, TnC and Comm, AEGCL, Narengi"
                        }
                    ]
                }
            ],
            "participationFees": [
                {
                    "id": "01",
                    "value": [
                        {
                            "amount": 2000.0,
                            "currency": "INR"
                        }
                    ],
                    "description": "Nil"
                }
            ],
            "numberOfTenderers": 4,
            "milestones": [
                {
                    "id": "1",
                    "title": "Published Date",
                    "type": "Pre-procurement milestones",
                    "dueDate": "2023-17-07 17:15"
                },
                {
                    "id": "2",
                    "title": "Document Download / Sale Start Date",
                    "type": "Pre-procurement milestones",
                    "dueDate": "2023-17-07 17:15"
                },
                {
                    "id": "3",
                    "title": "Bid Submission Start Date",
                    "type": "Pre-procurement milestones",
                    "dueDate": "2023-18-07 10:00"
                },
                {
                    "id": "4",
                    "title": "Bid Opening Date",
                    "type": "Pre-procurement milestones",
                    "dueDate": "2023-10-08 12:00"
                },
                {
                    "id": "5",
                    "title": "Document Download / Sale End Date",
                    "type": "Pre-procurement milestones",
                    "dueDate": "2023-09-08 17:00"
                },
                {
                    "id": "6",
                    "title": "Bid Submission End Date",
                    "type": "Pre-procurement milestones",
                    "dueDate": "2023-09-08 17:00"
                },
                {
                    "id": "7",
                    "title": "Financial Bid Opening Date",
                    "type": "Pre-procurement milestones",
                    "dueDate": "2023-23-08 14:00"
                }
            ],
            "fiscalYear": "2023-2024"
        }
    ],
    "bids": [
        {
            "id": 1,
            "details": [
                {
                    "id": "194805.0",
                    "date": "2023-08-08 22:44",
                    "status": "Rejected-Finance",
                    "tenderers": [
                        {
                            "id": "abenterprise",
                            "name": "A. B Enterprise"
                        }
                    ]
                },
                {
                    "id": "194357.0",
                    "date": "2023-08-08 13:29",
                    "status": "Rejected-Technical",
                    "tenderers": [
                        {
                            "id": "wtcenterprisespvtltd",
                            "name": "WTC Enterprises Pvt Ltd"
                        }
                    ]
                },
                {
                    "id": "193779.0",
                    "date": "2023-05-08 14:42",
                    "status": "Accepted-AOC",
                    "tenderers": [
                        {
                            "id": "scientificmestechnikpvtltd",
                            "name": "Scientific Mes Technik Pvt Ltd"
                        }
                    ]
                }
            ]
        }
    ],
    "statistics": [
        {
            "id": "1",
            "value": 2537000.0,
            "currency": "INR",
            "measure": "contractValue"
        }
    ],
    "awards": [
        {
            "id": 1,
            "value": [
                {
                    "amount": 2537000.0,
                    "currency": "INR"
                }
            ],
            "suppliers": [
                {
                    "id": "scientificmestechnikpvtltd",
                    "name": "Scientific Mes Technik Pvt Ltd"
                }
            ],
            "contractPeriod": [
                {
                    "startDate": "2024-11-01",
                    "durationInDays": 90
                }
            ]
        },
        {
            "id": 2,
            "value": [
                {
                    "amount": "2537000",
                    "currency": "INR"
                }
            ]
        }
    ]
}