{
    "ocid": "ocds-f5kvwu-2023_AEGCL_32382_1",
    "id": "1",
    "date": "2024-11-27",
    "tag": [
        "tender"
    ],
    "initiationType": "tender",
    "parties": [
        {
            "id": "assamelectricitygridcorporationltd",
            "name": "Assam Electricity Grid Corporation Ltd",
            "roles": [
                "buyer"
            ]
        },
        {
            "id": "dasarathdas",
            "name": "Dasarath Das",
            "roles": [
                "tenderer",
                "supplier"
            ]
        },
        {
            "id": "digantasarma",
            "name": "DIGANTA SARMA",
            "roles": [
                "tenderer",
                "supplier"
            ]
        },
        {
            "id": "mdmuslimuddinahmed",
            "name": "MD.MUSLIMUDDIN AHMED",
            "roles": [
                "tenderer",
                "supplier"
            ]
        },
        {
            "id": "rkindustries",
            "name": "RK INDUSTRIES",
            "roles": [
                "tenderer",
                "supplier"
            ]
        },
        {
            "id": "tazuddinahmed",
            "name": "Tazuddin Ahmed",
            "roles": [
                "tenderer",
                "supplier"
            ]
        },
        {
            "id": "dgmmirzatntcircleaegcl",
            "name": "DGM, Mirza TnT Circle, AEGCL",
            "address": [
                {
                    "streetAddress": "DGM, Mirza TnT Circle, AEGCL"
                }
            ],
            "roles": [
                "procuringEntity"
            ]
        }
    ],
    "buyer": [
        {
            "name": "Assam Electricity Grid Corporation Ltd",
            "id": "assamelectricitygridcorporationltd"
        }
    ],
    "tender": [
        {
            "id": "2023_AEGCL_32382_1",
            "identifiers": [
                {
                    "id": "DGM/MIRZA/TnT/Tech-12/2023/08",
                    "scheme": "external"
                }
            ],
            "title": "Construction of switchyard main road with side drain (both side) at 220KV Agia GSS and Construction of new security barrack at 220KV Boko GSS, AEGCL",
            "description": "Construction of switchyard main road with side drain (both side) at 220KV Agia GSS and Construction of new security barrack at 220KV Boko GSS, AEGCL",
            "datePublished": "2023-05-09 15:00",
            "contractType": "Tender",
            "submissionTerms": [
                {
                    "allowPreferentialBidder": "No",
                    "allowMultiCurrencyFee": "No",
                    "allowMultiCurrencyBQQ": "No",
                    "bidValidityPeriod": [
                        {
                            "durationInDays": 180
                        }
                    ]
                }
            ],
            "procuringEntity": [
                {
                    "name": "DGM, Mirza TnT Circle, AEGCL",
                    "id": "dgmmirzatntcircleaegcl"
                }
            ],
            "items": [
                {
                    "id": "01",
                    "classification": [
                        {
                            "description": "Civil Works"
                        }
                    ],
                    "additionalClassifications": [
                        {
                            "description": "Work Item Details > Subcategory"
                        }
                    ],
                    "deliveryAddresses": [
                        {
                            "postalCode": "783120.0",
                            "streetAddress": "Agia Grid Substation and Boko Grid Substation"
                        }
                    ]
                }
            ],
            "value": [
                {
                    "amount": 2951426.0,
                    "currency": "INR"
                }
            ],
            "procurementMethod": "Open Tender",
            "mainProcurementCategory": "Works",
            "tenderPeriod": [
                {
                    "startDate": "2023-05-09 15:00",
                    "endDate": "2023-26-09 12:00",
                    "durationInDays": 20
                }
            ],
            "contractPeriod": [
                {
                    "durationInDays": 90
                }
            ],
            "communication": [
                {
                    "id": 1,
                    "documentAvailabilityPeriod": [
                        {
                            "startDate": "2023-05-09 15:00",
                            "endDate": "2023-26-09 12:00"
                        }
                    ]
                }
            ],
            "bidOpening": [
                {
                    "date": "2023-27-09 12:00",
                    "address": [
                        {
                            "streetAddress": "Mirza TnT Circle, AEGCL"
                        }
                    ]
                }
            ],
            "participationFees": [
                {
                    "id": "01",
                    "value": [
                        {
                            "amount": 1000.0,
                            "currency": "INR"
                        }
                    ],
                    "description": "Nil"
                }
            ],
            "numberOfTenderers": 6,
            "milestones": [
                {
                    "id": "1",
                    "title": "Published Date",
                    "type": "Pre-procurement milestones",
                    "dueDate": "2023-05-09 15:00"
                },
                {
                    "id": "2",
                    "title": "Document Download / Sale Start Date",
                    "type": "Pre-procurement milestones",
                    "dueDate": "2023-05-09 15:00"
                },
                {
                    "id": "3",
                    "title": "Bid Submission Start Date",
                    "type": "Pre-procurement milestones",
                    "dueDate": "2023-05-09 16:00"
                },
                {
                    "id": "4",
                    "title": "Bid Opening Date",
                    "type": "Pre-procurement milestones",
                    "dueDate": "2023-27-09 12:00"
                },
                {
                    "id": "5",
                    "title": "Document Download / Sale End Date",
                    "type": "Pre-procurement milestones",
                    "dueDate": "2023-26-09 12:00"
                },
                {
                    "id": "6",
                    "title": "Bid Submission End Date",
                    "type": "Pre-procurement milestones",
                    "dueDate": "2023-26-09 12:00"
                },
                {
                    "id": "7",
                    "title": "Financial Bid Opening Date",
                    "type": "Pre-procurement milestones",
                    "dueDate": "2023-07-10 14:00"
                }
            ],
            "fiscalYear": "2023-2024"
        }
    ],
    "bids": [
        {
            "id": 1,
            "details": [
                {
                    "id": "202118.0",
                    "date": "2023-26-09 11:59",
                    "status": "Accepted-AOC",
                    "tenderers": [
                        {
                            "id": "dasarathdas",
                            "name": "Dasarath Das"
                        }
                    ]
                },
                {
                    "id": "202339.0",
                    "date": "2023-26-09 10:20",
                    "status": "Accepted-AOC",
                    "tenderers": [
                        {
                            "id": "digantasarma",
                            "name": "DIGANTA SARMA"
                        }
                    ]
                },
                {
                    "id": "202065.0",
                    "date": "2023-23-09 18:52",
                    "status": "Accepted-AOC",
                    "tenderers": [
                        {
                            "id": "mdmuslimuddinahmed",
                            "name": "MD.MUSLIMUDDIN AHMED"
                        }
                    ]
                },
                {
                    "id": "202298.0",
                    "date": "2023-25-09 20:32",
                    "status": "Accepted-AOC",
                    "tenderers": [
                        {
                            "id": "rkindustries",
                            "name": "RK INDUSTRIES"
                        }
                    ]
                },
                {
                    "id": "202233.0",
                    "date": "2023-25-09 17:21",
                    "status": "Accepted-AOC",
                    "tenderers": [
                        {
                            "id": "tazuddinahmed",
                            "name": "Tazuddin Ahmed"
                        }
                    ]
                }
            ]
        }
    ],
    "statistics": [
        {
            "id": "1",
            "value": 2478081.0,
            "currency": "INR",
            "measure": "contractValue"
        }
    ],
    "awards": [
        {
            "id": 1,
            "description": "As diganta sarma is the lowest bidder he has been allotted the work",
            "value": [
                {
                    "amount": 2478081.0,
                    "currency": "INR"
                }
            ],
            "suppliers": [
                {
                    "id": "digantasarma",
                    "name": "DIGANTA SARMA"
                },
                {
                    "id": "rkindustries",
                    "name": "RK INDUSTRIES"
                },
                {
                    "id": "tazuddinahmed",
                    "name": "Tazuddin Ahmed"
                },
                {
                    "id": "dasarathdas",
                    "name": "Dasarath Das"
                },
                {
                    "id": "mdmuslimuddinahmed",
                    "name": "MD.MUSLIMUDDIN AHMED"
                }
            ],
            "contractPeriod": [
                {
                    "startDate": "2024-29-06",
                    "durationInDays": 90
                }
            ]
        },
        {
            "id": 2,
            "value": [
                {
                    "amount": "2478081",
                    "currency": "INR"
                }
            ]
        }
    ]
}