{
    "ocid": "ocds-f5kvwu-2023_BoTC_32717_1",
    "id": "1",
    "date": "2024-11-27",
    "tag": [
        "tender"
    ],
    "initiationType": "tender",
    "parties": [
        {
            "id": "bodolandterritorialcouncil",
            "name": "Bodoland Territorial Council",
            "roles": [
                "buyer"
            ]
        },
        {
            "id": "abmandjv",
            "name": "abmandjv",
            "roles": [
                "tenderer",
                "supplier"
            ]
        },
        {
            "id": "kamalakantakhaklary",
            "name": "KAMALA KANTA KHAKLARY",
            "roles": [
                "tenderer"
            ]
        },
        {
            "id": "mwikhwmowary",
            "name": "MWIKHWM OWARY",
            "roles": [
                "tenderer"
            ]
        },
        {
            "id": "chdirrigationbtckokrajhar",
            "name": "CHD, Irrigation, BTC, Kokrajhar",
            "address": [
                {
                    "streetAddress": "CHD, Irrigation, BTC, Kokrajhar"
                }
            ],
            "roles": [
                "procuringEntity"
            ]
        }
    ],
    "buyer": [
        {
            "name": "Bodoland Territorial Council",
            "id": "bodolandterritorialcouncil"
        }
    ],
    "tender": [
        {
            "id": "2023_BoTC_32717_1",
            "identifiers": [
                {
                    "id": "CHDI/ ET-24/2022-23/21",
                    "scheme": "external"
                }
            ],
            "title": "Rajkhungri Flow Irrigation Scheme under PMKSY (HKKP) for the year 2022-23",
            "description": "Rajkhungri Flow Irrigation Scheme under PMKSY (HKKP) for the year 2022-23",
            "datePublished": "2023-30-09 09:50",
            "contractType": "Tender",
            "submissionTerms": [
                {
                    "allowPreferentialBidder": "No",
                    "allowMultiCurrencyFee": "No",
                    "allowMultiCurrencyBQQ": "No",
                    "bidValidityPeriod": [
                        {
                            "durationInDays": 180
                        }
                    ]
                }
            ],
            "procuringEntity": [
                {
                    "name": "CHD, Irrigation, BTC, Kokrajhar",
                    "id": "chdirrigationbtckokrajhar"
                }
            ],
            "items": [
                {
                    "id": "01",
                    "classification": [
                        {
                            "description": "Civil Works - Bridges"
                        }
                    ],
                    "additionalClassifications": [
                        {
                            "description": "Work Item Details > Subcategory"
                        }
                    ],
                    "deliveryAddresses": [
                        {
                            "postalCode": "783373.0",
                            "streetAddress": "SIDLI"
                        }
                    ]
                }
            ],
            "value": [
                {
                    "amount": 33566207.0,
                    "currency": "INR"
                }
            ],
            "procurementMethod": "Open Tender",
            "mainProcurementCategory": "Works",
            "tenderPeriod": [
                {
                    "startDate": "2023-30-09 09:50",
                    "endDate": "2023-26-10 13:00",
                    "durationInDays": 26
                }
            ],
            "contractPeriod": [
                {
                    "durationInDays": 365
                }
            ],
            "communication": [
                {
                    "id": 1,
                    "documentAvailabilityPeriod": [
                        {
                            "startDate": "2023-30-09 09:50",
                            "endDate": "2023-26-10 13:00"
                        }
                    ]
                }
            ],
            "bidOpening": [
                {
                    "date": "2023-27-10 11:00",
                    "address": [
                        {
                            "streetAddress": "Kokrajhar"
                        }
                    ]
                }
            ],
            "participationFees": [
                {
                    "id": "01",
                    "value": [
                        {
                            "amount": 6800.0,
                            "currency": "INR"
                        }
                    ],
                    "description": "Nil"
                }
            ],
            "numberOfTenderers": 4,
            "milestones": [
                {
                    "id": "1",
                    "title": "Published Date",
                    "type": "Pre-procurement milestones",
                    "dueDate": "2023-30-09 09:50"
                },
                {
                    "id": "2",
                    "title": "Document Download / Sale Start Date",
                    "type": "Pre-procurement milestones",
                    "dueDate": "2023-30-09 09:50"
                },
                {
                    "id": "3",
                    "title": "Bid Submission Start Date",
                    "type": "Pre-procurement milestones",
                    "dueDate": "2023-03-10 10:00"
                },
                {
                    "id": "4",
                    "title": "Bid Opening Date",
                    "type": "Pre-procurement milestones",
                    "dueDate": "2023-27-10 11:00"
                },
                {
                    "id": "5",
                    "title": "Document Download / Sale End Date",
                    "type": "Pre-procurement milestones",
                    "dueDate": "2023-26-10 13:00"
                },
                {
                    "id": "6",
                    "title": "Bid Submission End Date",
                    "type": "Pre-procurement milestones",
                    "dueDate": "2023-26-10 13:00"
                },
                {
                    "id": "7",
                    "title": "Financial Bid Opening Date",
                    "type": "Pre-procurement milestones",
                    "dueDate": "2023-29-12 14:25"
                }
            ],
            "fiscalYear": "2023-2024"
        }
    ],
    "bids": [
        {
            "id": 1,
            "details": [
                {
                    "id": "204653.0",
                    "date": "2023-20-10 11:54",
                    "status": "Rejected-Finance",
                    "tenderers": [
                        {
                            "id": "kamalakantakhaklary",
                            "name": "KAMALA KANTA KHAKLARY"
                        }
                    ]
                },
                {
                    "id": "205888.0",
                    "date": "2023-25-10 17:00",
                    "status": "Not Admitted-Fee/PreQual/Technical",
                    "tenderers": [
                        {
                            "id": "mwikhwmowary",
                            "name": "MWIKHWM OWARY"
                        }
                    ]
                },
                {
                    "id": "206251.0",
                    "date": "2023-26-10 02:49",
                    "status": "Accepted-AOC",
                    "tenderers": [
                        {
                            "id": "abmandjv",
                            "name": "abmandjv"
                        }
                    ]
                }
            ]
        }
    ],
    "statistics": [
        {
            "id": "1",
            "value": 30209586.3,
            "currency": "INR",
            "measure": "contractValue"
        }
    ],
    "awards": [
        {
            "id": 1,
            "value": [
                {
                    "amount": 30209586.3,
                    "currency": "INR"
                }
            ],
            "suppliers": [
                {
                    "id": "abmandjv",
                    "name": "abmandjv"
                }
            ],
            "contractPeriod": [
                {
                    "startDate": "2024-04-03",
                    "durationInDays": 365
                }
            ]
        },
        {
            "id": 2,
            "value": [
                {
                    "amount": "302095863",
                    "currency": "INR"
                }
            ]
        }
    ]
}