{
    "ocid": "ocds-f5kvwu-2023_APGCL_34915_1",
    "id": "1",
    "date": "2024-11-27",
    "tag": [
        "tender"
    ],
    "initiationType": "tender",
    "parties": [
        {
            "id": "assampowergenerationcompanylimited",
            "name": "Assam Power Generation Company Limited",
            "roles": [
                "buyer"
            ]
        },
        {
            "id": "asomsalesenterprises",
            "name": "Asom sales enterprises",
            "roles": [
                "tenderer",
                "supplier"
            ]
        },
        {
            "id": "electroinfratech",
            "name": "ELECTRO INFRATECH",
            "roles": [
                "tenderer"
            ]
        },
        {
            "id": "wilqoindiaengineering",
            "name": "WILQO INDIA ENGINEERING",
            "roles": [
                "tenderer"
            ]
        },
        {
            "id": "cgmgenapgcl",
            "name": "CGM Gen APGCL",
            "address": [
                {
                    "streetAddress": "3rd floor bijulee bhawan paltan bazar Guwahati 1"
                }
            ],
            "roles": [
                "procuringEntity"
            ]
        }
    ],
    "buyer": [
        {
            "name": "Assam Power Generation Company Limited",
            "id": "assampowergenerationcompanylimited"
        }
    ],
    "tender": [
        {
            "id": "2023_APGCL_34915_1",
            "identifiers": [
                {
                    "id": "Miscellaneous Items LTPS 47",
                    "scheme": "external"
                }
            ],
            "title": "Lug Cable Gland Cable Termination Kit Cable Jointing Kit Nuts Bolts Cable Tie etc.",
            "description": "Supply of Lug Cable Gland Cable Termination Kit Cable Jointing Kit Nuts, Bolts Cable Tie etc. for Lakwa Thermal Power Station APGCL Maibella",
            "datePublished": "2023-22-12 12:00",
            "contractType": "Tender",
            "submissionTerms": [
                {
                    "allowPreferentialBidder": "No",
                    "allowMultiCurrencyFee": "No",
                    "allowMultiCurrencyBQQ": "No",
                    "bidValidityPeriod": [
                        {
                            "durationInDays": 180
                        }
                    ]
                }
            ],
            "procuringEntity": [
                {
                    "name": "CGM Gen APGCL",
                    "id": "cgmgenapgcl"
                }
            ],
            "items": [
                {
                    "id": "01",
                    "classification": [
                        {
                            "description": "Electrical Work/ Equipment"
                        }
                    ],
                    "additionalClassifications": [
                        {
                            "description": "Work Item Details > Subcategory"
                        }
                    ],
                    "deliveryAddresses": [
                        {
                            "postalCode": "785689.0",
                            "streetAddress": "Lakwa Thermal Power Station"
                        }
                    ]
                }
            ],
            "procurementMethod": "Open Tender",
            "mainProcurementCategory": "Tender cum Auction",
            "tenderPeriod": [
                {
                    "startDate": "2023-22-12 12:00",
                    "endDate": "2023-28-12 12:00",
                    "durationInDays": 6
                }
            ],
            "contractPeriod": [
                {
                    "durationInDays": 15
                }
            ],
            "communication": [
                {
                    "id": 1,
                    "documentAvailabilityPeriod": [
                        {
                            "startDate": "2023-22-12 12:00",
                            "endDate": "2023-28-12 12:00"
                        }
                    ]
                }
            ],
            "bidOpening": [
                {
                    "date": "2023-28-12 16:00",
                    "address": [
                        {
                            "streetAddress": "Office of CGM Gen APOGCL"
                        }
                    ]
                }
            ],
            "participationFees": [
                {
                    "id": "01",
                    "value": [
                        {
                            "amount": 500.0,
                            "currency": "INR"
                        }
                    ],
                    "description": "Nil"
                }
            ],
            "numberOfTenderers": 4,
            "milestones": [
                {
                    "id": "1",
                    "title": "Published Date",
                    "type": "Pre-procurement milestones",
                    "dueDate": "2023-22-12 12:00"
                },
                {
                    "id": "2",
                    "title": "Document Download / Sale Start Date",
                    "type": "Pre-procurement milestones",
                    "dueDate": "2023-22-12 12:00"
                },
                {
                    "id": "3",
                    "title": "Bid Submission Start Date",
                    "type": "Pre-procurement milestones",
                    "dueDate": "2023-22-12 12:00"
                },
                {
                    "id": "4",
                    "title": "Bid Opening Date",
                    "type": "Pre-procurement milestones",
                    "dueDate": "2023-28-12 16:00"
                },
                {
                    "id": "5",
                    "title": "Document Download / Sale End Date",
                    "type": "Pre-procurement milestones",
                    "dueDate": "2023-28-12 12:00"
                },
                {
                    "id": "6",
                    "title": "Bid Submission End Date",
                    "type": "Pre-procurement milestones",
                    "dueDate": "2023-28-12 12:00"
                },
                {
                    "id": "7",
                    "title": "Financial Bid Opening Date",
                    "type": "Pre-procurement milestones",
                    "dueDate": "2024-03-01 10:20"
                }
            ],
            "fiscalYear": "2023-2024"
        }
    ],
    "bids": [
        {
            "id": 1,
            "details": [
                {
                    "id": "217525.0",
                    "date": "2023-27-12 22:29",
                    "status": "Rejected-Finance",
                    "tenderers": [
                        {
                            "id": "electroinfratech",
                            "name": "ELECTRO INFRATECH"
                        }
                    ]
                },
                {
                    "id": "217562.0",
                    "date": "2023-28-12 03:17",
                    "status": "Rejected-Finance",
                    "tenderers": [
                        {
                            "id": "wilqoindiaengineering",
                            "name": "WILQO INDIA ENGINEERING"
                        }
                    ]
                },
                {
                    "id": "217078.0",
                    "date": "2023-27-12 19:50",
                    "status": "Accepted-AOC",
                    "tenderers": [
                        {
                            "id": "asomsalesenterprises",
                            "name": "Asom sales enterprises"
                        }
                    ]
                }
            ]
        }
    ],
    "statistics": [
        {
            "id": "1",
            "value": 776988.0,
            "currency": "INR",
            "measure": "contractValue"
        }
    ],
    "awards": [
        {
            "id": 1,
            "value": [
                {
                    "amount": 776988.0,
                    "currency": "INR"
                }
            ],
            "suppliers": [
                {
                    "id": "asomsalesenterprises",
                    "name": "Asom sales enterprises"
                }
            ],
            "contractPeriod": [
                {
                    "startDate": "2024-19-01",
                    "durationInDays": 15
                }
            ]
        },
        {
            "id": 2,
            "value": [
                {
                    "amount": "776988",
                    "currency": "INR"
                }
            ]
        }
    ]
}