{
    "ocid": "ocds-f5kvwu-2023_BoTC_35000_1",
    "id": "1",
    "date": "2024-11-27",
    "tag": [
        "tender"
    ],
    "initiationType": "tender",
    "parties": [
        {
            "id": "bodolandterritorialcouncil",
            "name": "Bodoland Territorial Council",
            "roles": [
                "buyer"
            ]
        },
        {
            "id": "badrulislam",
            "name": "Badrul Islam",
            "roles": [
                "tenderer",
                "supplier"
            ]
        },
        {
            "id": "chdirrigationbtckokrajhar",
            "name": "CHD, Irrigation, BTC, Kokrajhar",
            "address": [
                {
                    "streetAddress": "CHD, Irrigation, BTC, Kokrajhar"
                }
            ],
            "roles": [
                "procuringEntity"
            ]
        }
    ],
    "buyer": [
        {
            "name": "Bodoland Territorial Council",
            "id": "bodolandterritorialcouncil"
        }
    ],
    "tender": [
        {
            "id": "2023_BoTC_35000_1",
            "identifiers": [
                {
                    "id": "CHDI/ ET-24/2022-23/27",
                    "scheme": "external"
                }
            ],
            "title": "Ramchajhar FIS at over Bornadi Tributary at Ramchajhar under PMKSY_HKKP for the year 2021-22",
            "description": "Ramchajhar FIS at over Bornadi Tributary at Ramchajhar under PMKSY_HKKP for the year 2021-22",
            "datePublished": "2023-28-12 11:00",
            "contractType": "Tender",
            "submissionTerms": [
                {
                    "allowPreferentialBidder": "No",
                    "allowMultiCurrencyFee": "No",
                    "allowMultiCurrencyBQQ": "No",
                    "bidValidityPeriod": [
                        {
                            "durationInDays": 180
                        }
                    ]
                }
            ],
            "procuringEntity": [
                {
                    "name": "CHD, Irrigation, BTC, Kokrajhar",
                    "id": "chdirrigationbtckokrajhar"
                }
            ],
            "items": [
                {
                    "id": "01",
                    "classification": [
                        {
                            "description": "Civil Works"
                        }
                    ],
                    "additionalClassifications": [
                        {
                            "description": "Work Item Details > Subcategory"
                        }
                    ],
                    "deliveryAddresses": [
                        {
                            "postalCode": "783373.0",
                            "streetAddress": "SIDLI"
                        }
                    ]
                }
            ],
            "value": [
                {
                    "amount": 36390994.0,
                    "currency": "INR"
                }
            ],
            "procurementMethod": "Open Tender",
            "mainProcurementCategory": "Works",
            "tenderPeriod": [
                {
                    "startDate": "2023-28-12 11:00",
                    "endDate": "2024-08-01 13:00",
                    "durationInDays": 11
                }
            ],
            "contractPeriod": [
                {
                    "durationInDays": 365
                }
            ],
            "communication": [
                {
                    "id": 1,
                    "documentAvailabilityPeriod": [
                        {
                            "startDate": "2023-28-12 11:00",
                            "endDate": "2024-08-01 13:00"
                        }
                    ]
                }
            ],
            "bidOpening": [
                {
                    "date": "2024-09-01 11:00",
                    "address": [
                        {
                            "streetAddress": "Kokrajhar"
                        }
                    ]
                }
            ],
            "participationFees": [
                {
                    "id": "01",
                    "value": [
                        {
                            "amount": 7300.0,
                            "currency": "INR"
                        }
                    ],
                    "description": "Nil"
                }
            ],
            "numberOfTenderers": 4,
            "milestones": [
                {
                    "id": "1",
                    "title": "Published Date",
                    "type": "Pre-procurement milestones",
                    "dueDate": "2023-28-12 11:00"
                },
                {
                    "id": "2",
                    "title": "Document Download / Sale Start Date",
                    "type": "Pre-procurement milestones",
                    "dueDate": "2023-28-12 11:00"
                },
                {
                    "id": "3",
                    "title": "Bid Submission Start Date",
                    "type": "Pre-procurement milestones",
                    "dueDate": "2023-28-12 11:00"
                },
                {
                    "id": "4",
                    "title": "Bid Opening Date",
                    "type": "Pre-procurement milestones",
                    "dueDate": "2024-09-01 11:00"
                },
                {
                    "id": "5",
                    "title": "Document Download / Sale End Date",
                    "type": "Pre-procurement milestones",
                    "dueDate": "2024-08-01 13:00"
                },
                {
                    "id": "6",
                    "title": "Bid Submission End Date",
                    "type": "Pre-procurement milestones",
                    "dueDate": "2024-08-01 13:00"
                },
                {
                    "id": "7",
                    "title": "Financial Bid Opening Date",
                    "type": "Pre-procurement milestones",
                    "dueDate": "2024-03-02 18:05"
                }
            ],
            "fiscalYear": "2023-2024"
        }
    ],
    "bids": [
        {
            "id": 1,
            "details": [
                {
                    "id": "218913.0",
                    "date": "2024-07-01 19:38",
                    "status": "Accepted-AOC",
                    "tenderers": [
                        {
                            "id": "badrulislam",
                            "name": "Badrul Islam"
                        }
                    ]
                }
            ]
        }
    ],
    "statistics": [
        {
            "id": "1",
            "value": 36390993.0,
            "currency": "INR",
            "measure": "contractValue"
        }
    ],
    "awards": [
        {
            "id": 1,
            "value": [
                {
                    "amount": 36390993.0,
                    "currency": "INR"
                }
            ],
            "suppliers": [
                {
                    "id": "badrulislam",
                    "name": "Badrul Islam"
                }
            ],
            "contractPeriod": [
                {
                    "startDate": "2024-08-02",
                    "durationInDays": 365
                }
            ]
        },
        {
            "id": 2,
            "value": [
                {
                    "amount": "36390993",
                    "currency": "INR"
                }
            ]
        }
    ]
}