{
    "ocid": "ocds-f5kvwu-2023_BoTC_30994_1",
    "id": "1",
    "date": "2024-11-27",
    "tag": [
        "tender"
    ],
    "initiationType": "tender",
    "parties": [
        {
            "id": "bodolandterritorialcouncil",
            "name": "Bodoland Territorial Council",
            "roles": [
                "buyer"
            ]
        },
        {
            "id": "abdulhamidchoudhury",
            "name": "ABDUL HAMID CHOUDHURY",
            "roles": [
                "tenderer"
            ]
        },
        {
            "id": "biplabmallick",
            "name": "BIPLAB MALLICK",
            "roles": [
                "tenderer"
            ]
        },
        {
            "id": "dadhibrahma",
            "name": "DADHI BRAHMA",
            "roles": [
                "tenderer"
            ]
        },
        {
            "id": "destinyenterprise",
            "name": "Destiny Enterprise",
            "roles": [
                "tenderer",
                "supplier"
            ]
        },
        {
            "id": "kamalakantakhaklary",
            "name": "KAMALA KANTA KHAKLARY",
            "roles": [
                "tenderer"
            ]
        },
        {
            "id": "chdirrigationbtc",
            "name": "CHD, Irrigation, BTC",
            "address": [
                {
                    "streetAddress": "CHD, Irrigation, BTC"
                }
            ],
            "roles": [
                "procuringEntity"
            ]
        }
    ],
    "buyer": [
        {
            "name": "Bodoland Territorial Council",
            "id": "bodolandterritorialcouncil"
        }
    ],
    "tender": [
        {
            "id": "2023_BoTC_30994_1",
            "identifiers": [
                {
                    "id": "CHDI/ ET/2022-23/16",
                    "scheme": "external"
                }
            ],
            "title": "Construction of R.C.C. Canal (Ch. 0.00 m to Ch. 352.00 m) at Bhirangaon Flow Irrigation Scheme under PMKSY-HKKP for the year 2021-22",
            "description": "Construction of R.C.C. Canal (Ch. 0.00 m to Ch. 352.00 m) at Bhirangaon Flow Irrigation Scheme under PMKSY-HKKP for the year 2021-22",
            "datePublished": "2023-27-05 18:00",
            "contractType": "Tender",
            "submissionTerms": [
                {
                    "allowPreferentialBidder": "No",
                    "allowMultiCurrencyFee": "No",
                    "allowMultiCurrencyBQQ": "No",
                    "bidValidityPeriod": [
                        {
                            "durationInDays": 180
                        }
                    ]
                }
            ],
            "procuringEntity": [
                {
                    "name": "CHD, Irrigation, BTC",
                    "id": "chdirrigationbtc"
                }
            ],
            "items": [
                {
                    "id": "01",
                    "classification": [
                        {
                            "description": "Civil Works"
                        }
                    ],
                    "additionalClassifications": [
                        {
                            "description": "Work Item Details > Subcategory"
                        }
                    ],
                    "deliveryAddresses": [
                        {
                            "postalCode": "783373.0",
                            "streetAddress": "Under Sidli Division"
                        }
                    ]
                }
            ],
            "value": [
                {
                    "amount": 12884716.0,
                    "currency": "INR"
                }
            ],
            "procurementMethod": "Open Tender",
            "mainProcurementCategory": "Works",
            "tenderPeriod": [
                {
                    "startDate": "2023-27-05 18:00",
                    "endDate": "2023-19-06 13:00",
                    "durationInDays": 22
                }
            ],
            "contractPeriod": [
                {
                    "durationInDays": 365
                }
            ],
            "communication": [
                {
                    "id": 1,
                    "documentAvailabilityPeriod": [
                        {
                            "startDate": "2023-27-05 18:00",
                            "endDate": "2023-19-06 13:00"
                        }
                    ]
                }
            ],
            "bidOpening": [
                {
                    "date": "2023-19-06 14:00",
                    "address": [
                        {
                            "streetAddress": "Kokrajhar"
                        }
                    ]
                }
            ],
            "participationFees": [
                {
                    "id": "01",
                    "value": [
                        {
                            "amount": 2600.0,
                            "currency": "INR"
                        }
                    ],
                    "description": "Nil"
                }
            ],
            "numberOfTenderers": 6,
            "milestones": [
                {
                    "id": "1",
                    "title": "Published Date",
                    "type": "Pre-procurement milestones",
                    "dueDate": "2023-27-05 18:00"
                },
                {
                    "id": "2",
                    "title": "Document Download / Sale Start Date",
                    "type": "Pre-procurement milestones",
                    "dueDate": "2023-27-05 18:00"
                },
                {
                    "id": "3",
                    "title": "Bid Submission Start Date",
                    "type": "Pre-procurement milestones",
                    "dueDate": "2023-02-06 17:00"
                },
                {
                    "id": "4",
                    "title": "Bid Opening Date",
                    "type": "Pre-procurement milestones",
                    "dueDate": "2023-19-06 14:00"
                },
                {
                    "id": "5",
                    "title": "Document Download / Sale End Date",
                    "type": "Pre-procurement milestones",
                    "dueDate": "2023-19-06 13:00"
                },
                {
                    "id": "6",
                    "title": "Bid Submission End Date",
                    "type": "Pre-procurement milestones",
                    "dueDate": "2023-19-06 13:00"
                },
                {
                    "id": "7",
                    "title": "Financial Bid Opening Date",
                    "type": "Pre-procurement milestones",
                    "dueDate": "2023-03-08 16:20"
                }
            ],
            "fiscalYear": "2023-2024"
        }
    ],
    "bids": [
        {
            "id": 1,
            "details": [
                {
                    "id": "187921.0",
                    "date": "2023-19-06 12:28",
                    "status": "Rejected-Finance",
                    "tenderers": [
                        {
                            "id": "abdulhamidchoudhury",
                            "name": "ABDUL HAMID CHOUDHURY"
                        }
                    ]
                },
                {
                    "id": "187901.0",
                    "date": "2023-18-06 21:46",
                    "status": "Rejected-Finance",
                    "tenderers": [
                        {
                            "id": "biplabmallick",
                            "name": "BIPLAB MALLICK"
                        }
                    ]
                },
                {
                    "id": "187547.0",
                    "date": "2023-18-06 15:16",
                    "status": "Rejected-Finance",
                    "tenderers": [
                        {
                            "id": "dadhibrahma",
                            "name": "DADHI BRAHMA"
                        }
                    ]
                },
                {
                    "id": "187693.0",
                    "date": "2023-17-06 15:15",
                    "status": "Rejected-Finance",
                    "tenderers": [
                        {
                            "id": "kamalakantakhaklary",
                            "name": "KAMALA KANTA KHAKLARY"
                        }
                    ]
                },
                {
                    "id": "187908.0",
                    "date": "2023-19-06 12:23",
                    "status": "Accepted-AOC",
                    "tenderers": [
                        {
                            "id": "destinyenterprise",
                            "name": "Destiny Enterprise"
                        }
                    ]
                }
            ]
        }
    ],
    "statistics": [
        {
            "id": "1",
            "value": 11596244.4,
            "currency": "INR",
            "measure": "contractValue"
        }
    ],
    "awards": [
        {
            "id": 1,
            "value": [
                {
                    "amount": 11596244.4,
                    "currency": "INR"
                }
            ],
            "suppliers": [
                {
                    "id": "destinyenterprise",
                    "name": "Destiny Enterprise"
                }
            ],
            "contractPeriod": [
                {
                    "startDate": "2024-12-01",
                    "durationInDays": 365
                }
            ]
        },
        {
            "id": 2,
            "value": [
                {
                    "amount": "115962444",
                    "currency": "INR"
                }
            ]
        }
    ]
}