{
    "ocid": "ocds-f5kvwu-2023_BTC_33690_1",
    "id": "1",
    "date": "2024-11-27",
    "tag": [
        "tender"
    ],
    "initiationType": "tender",
    "parties": [
        {
            "id": "bodolandterritorialcouncilpwd",
            "name": "Bodoland Territorial Council-PWD",
            "roles": [
                "buyer"
            ]
        },
        {
            "id": "arjunsaha",
            "name": "Arjun Saha",
            "roles": [
                "tenderer"
            ]
        },
        {
            "id": "dhilanbasumatary",
            "name": "DHILAN BASUMATARY",
            "roles": [
                "tenderer"
            ]
        },
        {
            "id": "prasannadas",
            "name": "Prasanna Das",
            "roles": [
                "tenderer",
                "supplier"
            ]
        },
        {
            "id": "theaddlchiefengineercumdirectorpwdbtc",
            "name": "The Addl. Chief Engineer cum Director, PWD BTC",
            "address": [
                {
                    "streetAddress": "O/o the Addl. Chief Engineer cum Director, PWD BTC, Kokrajhar"
                }
            ],
            "roles": [
                "procuringEntity"
            ]
        }
    ],
    "buyer": [
        {
            "name": "Bodoland Territorial Council-PWD",
            "id": "bodolandterritorialcouncilpwd"
        }
    ],
    "tender": [
        {
            "id": "2023_BTC_33690_1",
            "identifiers": [
                {
                    "id": "150/PWD/NIT/Goodwill/23-24/5",
                    "scheme": "external"
                }
            ],
            "title": "Construction of CC block road from Nalapara L.P. School to Rajagarh via Jaruabasti under CMs Goodwill Mission Project for the financial year 2023-24 of District Udalguri (33. Nonwi Serfang) (Non ST). (TN_26_135)",
            "description": "Construction of CC block road from Nalapara L.P. School to Rajagarh via Jaruabasti under CMs Goodwill Mission Project for the financial year 2023-24 of District Udalguri (33. Nonwi Serfang) (Non ST).",
            "datePublished": "2023-08-11 14:00",
            "contractType": "Tender",
            "submissionTerms": [
                {
                    "allowPreferentialBidder": "No",
                    "allowMultiCurrencyFee": "No",
                    "allowMultiCurrencyBQQ": "No",
                    "bidValidityPeriod": [
                        {
                            "durationInDays": 180
                        }
                    ]
                }
            ],
            "procuringEntity": [
                {
                    "name": "The Addl. Chief Engineer cum Director, PWD BTC",
                    "id": "theaddlchiefengineercumdirectorpwdbtc"
                }
            ],
            "items": [
                {
                    "id": "01",
                    "classification": [
                        {
                            "description": "Civil Works"
                        }
                    ],
                    "additionalClassifications": [
                        {
                            "description": "Work Item Details > Subcategory"
                        }
                    ],
                    "deliveryAddresses": [
                        {
                            "postalCode": "784509.0",
                            "streetAddress": "Udalguri"
                        }
                    ]
                }
            ],
            "value": [
                {
                    "amount": 24587986.0,
                    "currency": "INR"
                }
            ],
            "procurementMethod": "Open Tender",
            "mainProcurementCategory": "Works",
            "tenderPeriod": [
                {
                    "startDate": "2023-08-11 14:00",
                    "endDate": "2023-28-11 14:00",
                    "durationInDays": 20
                }
            ],
            "enquiryPeriod": [
                {
                    "startDate": "2023-08-11 14:00",
                    "endDate": "2023-28-11 12:00",
                    "durationInDays": 19
                }
            ],
            "contractPeriod": [
                {
                    "durationInDays": 365
                }
            ],
            "communication": [
                {
                    "id": 1,
                    "documentAvailabilityPeriod": [
                        {
                            "startDate": "2023-08-11 14:00",
                            "endDate": "2023-28-11 14:00"
                        }
                    ]
                }
            ],
            "bidOpening": [
                {
                    "date": "2023-29-11 12:00",
                    "address": [
                        {
                            "streetAddress": "O/o the Addl. Chief Engineer cum Director, PWD BTC"
                        }
                    ]
                }
            ],
            "participationFees": [
                {
                    "id": "01",
                    "value": [
                        {
                            "amount": 5000.0,
                            "currency": "INR"
                        }
                    ],
                    "description": "Nil"
                }
            ],
            "numberOfTenderers": 5,
            "milestones": [
                {
                    "id": "1",
                    "title": "Published Date",
                    "type": "Pre-procurement milestones",
                    "dueDate": "2023-08-11 14:00"
                },
                {
                    "id": "2",
                    "title": "Document Download / Sale Start Date",
                    "type": "Pre-procurement milestones",
                    "dueDate": "2023-08-11 14:00"
                },
                {
                    "id": "3",
                    "title": "Clarification Start Date",
                    "type": "Pre-procurement milestones",
                    "dueDate": "2023-08-11 14:00"
                },
                {
                    "id": "4",
                    "title": "Bid Submission Start Date",
                    "type": "Pre-procurement milestones",
                    "dueDate": "2023-08-11 14:00"
                },
                {
                    "id": "5",
                    "title": "Bid Opening Date",
                    "type": "Pre-procurement milestones",
                    "dueDate": "2023-29-11 12:00"
                },
                {
                    "id": "6",
                    "title": "Document Download / Sale End Date",
                    "type": "Pre-procurement milestones",
                    "dueDate": "2023-28-11 14:00"
                },
                {
                    "id": "7",
                    "title": "Clarification End Date",
                    "type": "Pre-procurement milestones",
                    "dueDate": "2023-28-11 12:00"
                },
                {
                    "id": "8",
                    "title": "Bid Submission End Date",
                    "type": "Pre-procurement milestones",
                    "dueDate": "2023-28-11 14:00"
                },
                {
                    "id": "9",
                    "title": "Financial Bid Opening Date",
                    "type": "Pre-procurement milestones",
                    "dueDate": "2023-21-12 17:00"
                }
            ],
            "fiscalYear": "2023-2024"
        }
    ],
    "bids": [
        {
            "id": 1,
            "details": [
                {
                    "id": "210486.0",
                    "date": "2023-18-11 01:12",
                    "status": "Rejected-AOC",
                    "tenderers": [
                        {
                            "id": "arjunsaha",
                            "name": "Arjun Saha"
                        }
                    ]
                },
                {
                    "id": "210490.0",
                    "date": "2023-18-11 01:07",
                    "status": "Rejected-AOC",
                    "tenderers": [
                        {
                            "id": "dhilanbasumatary",
                            "name": "DHILAN BASUMATARY"
                        }
                    ]
                },
                {
                    "id": "210546.0",
                    "date": "2023-18-11 01:03",
                    "status": "Accepted-AOC",
                    "tenderers": [
                        {
                            "id": "prasannadas",
                            "name": "Prasanna Das"
                        }
                    ]
                }
            ]
        }
    ],
    "statistics": [
        {
            "id": "1",
            "value": 24587400.0,
            "currency": "INR",
            "measure": "contractValue"
        }
    ],
    "awards": [
        {
            "id": 1,
            "description": "Work Order",
            "value": [
                {
                    "amount": 24587400.0,
                    "currency": "INR"
                }
            ],
            "suppliers": [
                {
                    "id": "prasannadas",
                    "name": "Prasanna Das"
                }
            ],
            "contractPeriod": [
                {
                    "startDate": "2024-23-02",
                    "durationInDays": 365
                }
            ]
        },
        {
            "id": 2,
            "value": [
                {
                    "amount": "24587400",
                    "currency": "INR"
                }
            ]
        }
    ]
}