{
    "ocid": "ocds-f5kvwu-2023_BoTC_29365_11",
    "id": "1",
    "date": "2024-11-27",
    "tag": [
        "tender"
    ],
    "initiationType": "tender",
    "parties": [
        {
            "id": "bodolandterritorialcouncil",
            "name": "Bodoland Territorial Council",
            "roles": [
                "buyer"
            ]
        },
        {
            "id": "bijitbrahma",
            "name": "BIJIT BRAHMA",
            "roles": [
                "tenderer",
                "supplier"
            ]
        },
        {
            "id": "gautambrahma",
            "name": "Gautam Brahma",
            "roles": [
                "tenderer"
            ]
        },
        {
            "id": "jacobnarzary",
            "name": "JACOB NARZARY",
            "roles": [
                "tenderer"
            ]
        },
        {
            "id": "kumarravijaiswal",
            "name": "Kumar Ravi Jaiswal",
            "roles": [
                "tenderer"
            ]
        },
        {
            "id": "srisomladaimary",
            "name": "Sri Somla daimary",
            "roles": [
                "tenderer"
            ]
        },
        {
            "id": "chdirrigationbtc",
            "name": "CHD, Irrigation, BTC",
            "address": [
                {
                    "streetAddress": "CHD, Irrigation, BTC, Kokrajhar"
                }
            ],
            "roles": [
                "procuringEntity"
            ]
        }
    ],
    "buyer": [
        {
            "name": "Bodoland Territorial Council",
            "id": "bodolandterritorialcouncil"
        }
    ],
    "tender": [
        {
            "id": "2023_BoTC_29365_11",
            "identifiers": [
                {
                    "id": "CHDI/ ET/2022-23/10",
                    "scheme": "external"
                }
            ],
            "title": "Dakhingaon Dable FIS (Canal System) under PMKSY_HKKP for the year 2021-22",
            "description": "Dakhingaon Dable FIS (Canal System) under PMKSY_HKKP for the year 2021-22",
            "datePublished": "2023-17-02 12:00",
            "contractType": "Tender",
            "submissionTerms": [
                {
                    "allowPreferentialBidder": "No",
                    "allowMultiCurrencyFee": "No",
                    "allowMultiCurrencyBQQ": "No",
                    "bidValidityPeriod": [
                        {
                            "durationInDays": 180
                        }
                    ]
                }
            ],
            "procuringEntity": [
                {
                    "name": "CHD, Irrigation, BTC",
                    "id": "chdirrigationbtc"
                }
            ],
            "items": [
                {
                    "id": "01",
                    "classification": [
                        {
                            "description": "Civil Works"
                        }
                    ],
                    "additionalClassifications": [
                        {
                            "description": "Work Item Details > Subcategory"
                        }
                    ],
                    "deliveryAddresses": [
                        {
                            "postalCode": "783373.0",
                            "streetAddress": "Sidli"
                        }
                    ]
                }
            ],
            "value": [
                {
                    "amount": 21419183.0,
                    "currency": "INR"
                }
            ],
            "procurementMethod": "Open Tender",
            "mainProcurementCategory": "Works",
            "tenderPeriod": [
                {
                    "startDate": "2023-17-02 12:00",
                    "endDate": "2023-08-03 12:00",
                    "durationInDays": 19
                }
            ],
            "contractPeriod": [
                {
                    "durationInDays": 365
                }
            ],
            "communication": [
                {
                    "id": 1,
                    "documentAvailabilityPeriod": [
                        {
                            "startDate": "2023-17-02 12:00",
                            "endDate": "2023-08-03 12:00"
                        }
                    ]
                }
            ],
            "bidOpening": [
                {
                    "date": "2023-08-03 14:00",
                    "address": [
                        {
                            "streetAddress": "Kokrajhar"
                        }
                    ]
                }
            ],
            "participationFees": [
                {
                    "id": "01",
                    "value": [
                        {
                            "amount": 4300.0,
                            "currency": "INR"
                        }
                    ],
                    "description": "Nil"
                }
            ],
            "numberOfTenderers": 6,
            "milestones": [
                {
                    "id": "1",
                    "title": "Published Date",
                    "type": "Pre-procurement milestones",
                    "dueDate": "2023-17-02 12:00"
                },
                {
                    "id": "2",
                    "title": "Document Download / Sale Start Date",
                    "type": "Pre-procurement milestones",
                    "dueDate": "2023-17-02 12:00"
                },
                {
                    "id": "3",
                    "title": "Bid Submission Start Date",
                    "type": "Pre-procurement milestones",
                    "dueDate": "2023-18-02 17:00"
                },
                {
                    "id": "4",
                    "title": "Bid Opening Date",
                    "type": "Pre-procurement milestones",
                    "dueDate": "2023-08-03 14:00"
                },
                {
                    "id": "5",
                    "title": "Document Download / Sale End Date",
                    "type": "Pre-procurement milestones",
                    "dueDate": "2023-08-03 12:00"
                },
                {
                    "id": "6",
                    "title": "Bid Submission End Date",
                    "type": "Pre-procurement milestones",
                    "dueDate": "2023-08-03 12:00"
                },
                {
                    "id": "7",
                    "title": "Financial Bid Opening Date",
                    "type": "Pre-procurement milestones",
                    "dueDate": "2023-29-03 12:40"
                }
            ],
            "fiscalYear": "2022-2023"
        }
    ],
    "bids": [
        {
            "id": 1,
            "details": [
                {
                    "id": "179252.0",
                    "date": "2023-07-03 19:10",
                    "status": "Rejected-Finance",
                    "tenderers": [
                        {
                            "id": "gautambrahma",
                            "name": "Gautam Brahma"
                        }
                    ]
                },
                {
                    "id": "178932.0",
                    "date": "2023-06-03 16:57",
                    "status": "Rejected-Finance",
                    "tenderers": [
                        {
                            "id": "jacobnarzary",
                            "name": "JACOB NARZARY"
                        }
                    ]
                },
                {
                    "id": "178980.0",
                    "date": "2023-06-03 14:46",
                    "status": "Rejected-Finance",
                    "tenderers": [
                        {
                            "id": "kumarravijaiswal",
                            "name": "Kumar Ravi Jaiswal"
                        }
                    ]
                },
                {
                    "id": "178974.0",
                    "date": "2023-07-03 16:15",
                    "status": "Rejected-Finance",
                    "tenderers": [
                        {
                            "id": "srisomladaimary",
                            "name": "Sri Somla daimary"
                        }
                    ]
                },
                {
                    "id": "179175.0",
                    "date": "2023-08-03 10:35",
                    "status": "Accepted-AOC",
                    "tenderers": [
                        {
                            "id": "bijitbrahma",
                            "name": "BIJIT BRAHMA"
                        }
                    ]
                }
            ]
        }
    ],
    "statistics": [
        {
            "id": "1",
            "value": 19277264.7,
            "currency": "INR",
            "measure": "contractValue"
        }
    ],
    "awards": [
        {
            "id": 1,
            "value": [
                {
                    "amount": 19277264.7,
                    "currency": "INR"
                }
            ],
            "suppliers": [
                {
                    "id": "bijitbrahma",
                    "name": "BIJIT BRAHMA"
                }
            ],
            "contractPeriod": [
                {
                    "startDate": "2024-04-03",
                    "durationInDays": 365
                }
            ]
        },
        {
            "id": 2,
            "value": [
                {
                    "amount": "192772647",
                    "currency": "INR"
                }
            ]
        }
    ]
}