{
    "ocid": "ocds-f5kvwu-2023_AAU_33822_1",
    "id": "1",
    "date": "2024-11-27",
    "tag": [
        "tender"
    ],
    "initiationType": "tender",
    "parties": [
        {
            "id": "assamagriculturaluniversity",
            "name": "Assam Agricultural University",
            "roles": [
                "buyer"
            ]
        },
        {
            "id": "amitabhchoudhury",
            "name": "Amitabh Choudhury",
            "roles": [
                "tenderer",
                "supplier"
            ]
        },
        {
            "id": "directorateofphysicalplantkhanapara",
            "name": "DIRECTORATE OF PHYSICAL PLANT KHANAPARA",
            "address": [
                {
                    "streetAddress": "DIRECTORATE OF PHYSICAL PLANT KHANAPARA"
                }
            ],
            "roles": [
                "procuringEntity"
            ]
        }
    ],
    "buyer": [
        {
            "name": "Assam Agricultural University",
            "id": "assamagriculturaluniversity"
        }
    ],
    "tender": [
        {
            "id": "2023_AAU_33822_1",
            "identifiers": [
                {
                    "id": "AAU/DPK/2023-24/4507-16 DTD.06.11.2023",
                    "scheme": "external"
                }
            ],
            "title": "CONSTRUCTION OF CANTEEN CUM INDOOR STADIUM WITH GYMNASIUM HALL FOR COLLEGE OF HORTICULTURE AND FSR, AAU, DHARMAPUR,NALBARI.",
            "description": "CONSTRUCTION OF CANTEEN CUM INDOOR STADIUM WITH GYMNASIUM HALL FOR COLLEGE OF HORTICULTURE AND FSR, AAU, DHARMAPUR,NALBARI.",
            "datePublished": "2023-09-11 18:40",
            "contractType": "Empanelment",
            "submissionTerms": [
                {
                    "allowPreferentialBidder": "No",
                    "allowMultiCurrencyFee": "No",
                    "allowMultiCurrencyBQQ": "No",
                    "bidValidityPeriod": [
                        {
                            "durationInDays": 180
                        }
                    ]
                }
            ],
            "procuringEntity": [
                {
                    "name": "DIRECTORATE OF PHYSICAL PLANT KHANAPARA",
                    "id": "directorateofphysicalplantkhanapara"
                }
            ],
            "items": [
                {
                    "id": "01",
                    "classification": [
                        {
                            "description": "Construction Works"
                        }
                    ],
                    "additionalClassifications": [
                        {
                            "description": "Work Item Details > Subcategory"
                        }
                    ],
                    "deliveryAddresses": [
                        {
                            "postalCode": "781338.0",
                            "streetAddress": "COH AND FSR NALBARI"
                        }
                    ]
                }
            ],
            "value": [
                {
                    "amount": 29013544.0,
                    "currency": "INR"
                }
            ],
            "procurementMethod": "Open Tender",
            "mainProcurementCategory": "Percentage",
            "tenderPeriod": [
                {
                    "startDate": "2023-09-11 18:40",
                    "endDate": "2023-14-12 14:00",
                    "durationInDays": 34
                }
            ],
            "enquiryPeriod": [
                {
                    "startDate": "2023-09-11 18:40",
                    "endDate": "2023-22-11 10:30",
                    "durationInDays": 12
                }
            ],
            "contractPeriod": [
                {
                    "durationInDays": 365
                }
            ],
            "communication": [
                {
                    "id": 1,
                    "documentAvailabilityPeriod": [
                        {
                            "startDate": "2023-09-11 18:40",
                            "endDate": "2023-14-12 14:00"
                        }
                    ]
                }
            ],
            "bidOpening": [
                {
                    "date": "2023-14-12 15:30",
                    "address": [
                        {
                            "streetAddress": "DPP,AAU,KHANAPARA"
                        }
                    ]
                }
            ],
            "participationFees": [
                {
                    "id": "01",
                    "value": [
                        {
                            "amount": 6000.0,
                            "currency": "INR"
                        }
                    ],
                    "description": "Nil"
                }
            ],
            "numberOfTenderers": 6,
            "milestones": [
                {
                    "id": "1",
                    "title": "Published Date",
                    "type": "Pre-procurement milestones",
                    "dueDate": "2023-09-11 18:40"
                },
                {
                    "id": "2",
                    "title": "Document Download / Sale Start Date",
                    "type": "Pre-procurement milestones",
                    "dueDate": "2023-09-11 18:40"
                },
                {
                    "id": "3",
                    "title": "Clarification Start Date",
                    "type": "Pre-procurement milestones",
                    "dueDate": "2023-09-11 18:40"
                },
                {
                    "id": "4",
                    "title": "Bid Submission Start Date",
                    "type": "Pre-procurement milestones",
                    "dueDate": "2023-09-11 18:40"
                },
                {
                    "id": "5",
                    "title": "Bid Opening Date",
                    "type": "Pre-procurement milestones",
                    "dueDate": "2023-14-12 15:30"
                },
                {
                    "id": "6",
                    "title": "Document Download / Sale End Date",
                    "type": "Pre-procurement milestones",
                    "dueDate": "2023-14-12 14:00"
                },
                {
                    "id": "7",
                    "title": "Clarification End Date",
                    "type": "Pre-procurement milestones",
                    "dueDate": "2023-22-11 10:30"
                },
                {
                    "id": "8",
                    "title": "Bid Submission End Date",
                    "type": "Pre-procurement milestones",
                    "dueDate": "2023-14-12 14:00"
                },
                {
                    "id": "9",
                    "title": "Financial Bid Opening Date",
                    "type": "Pre-procurement milestones",
                    "dueDate": "2024-08-01 11:00"
                }
            ],
            "fiscalYear": "2023-2024"
        }
    ],
    "bids": [
        {
            "id": 1,
            "details": [
                {
                    "id": "213593.0",
                    "date": "2023-30-11 11:53",
                    "status": "Accepted-AOC",
                    "tenderers": [
                        {
                            "id": "amitabhchoudhury",
                            "name": "Amitabh Choudhury"
                        }
                    ]
                }
            ]
        }
    ],
    "statistics": [
        {
            "id": "1",
            "value": 26982595.92,
            "currency": "INR",
            "measure": "contractValue"
        }
    ],
    "awards": [
        {
            "id": 1,
            "value": [
                {
                    "amount": 26982595.92,
                    "currency": "INR"
                }
            ],
            "suppliers": [
                {
                    "id": "amitabhchoudhury",
                    "name": "Amitabh Choudhury"
                }
            ],
            "contractPeriod": [
                {
                    "startDate": "2024-21-02",
                    "durationInDays": 365
                }
            ]
        },
        {
            "id": 2,
            "value": [
                {
                    "amount": "2698259592",
                    "currency": "INR"
                }
            ]
        }
    ]
}