{
    "ocid": "ocds-f5kvwu-2023_AEGCL_34353_1",
    "id": "1",
    "date": "2024-11-27",
    "tag": [
        "tender"
    ],
    "initiationType": "tender",
    "parties": [
        {
            "id": "assamelectricitygridcorporationltd",
            "name": "Assam Electricity Grid Corporation Ltd",
            "roles": [
                "buyer"
            ]
        },
        {
            "id": "kazimahmadulhassan",
            "name": "KAZI MAHMADUL HASSAN",
            "roles": [
                "tenderer"
            ]
        },
        {
            "id": "mshabibarrahman",
            "name": "M/s Habibar Rahman",
            "roles": [
                "tenderer"
            ]
        },
        {
            "id": "mspowergridassociates",
            "name": "M/S POWER GRID ASSOCIATES",
            "roles": [
                "tenderer"
            ]
        },
        {
            "id": "sunsteelindustriespvtltd",
            "name": "Sun Steel Industries Pvt Ltd",
            "roles": [
                "tenderer"
            ]
        },
        {
            "id": "visionengineers",
            "name": "Vision Engineers",
            "roles": [
                "tenderer",
                "supplier"
            ]
        },
        {
            "id": "thecgmonmlaraegcl",
            "name": "The CGM, OnM (LAR), AEGCL",
            "address": [
                {
                    "streetAddress": "AEGCL, Bijulee Bhawan, Paltan Bazar, Guwahati-01"
                }
            ],
            "roles": [
                "procuringEntity"
            ]
        }
    ],
    "buyer": [
        {
            "name": "Assam Electricity Grid Corporation Ltd",
            "id": "assamelectricitygridcorporationltd"
        }
    ],
    "tender": [
        {
            "id": "2023_AEGCL_34353_1",
            "identifiers": [
                {
                    "id": "/Tech-314/RNG-SLKT/Restoration work",
                    "scheme": "external"
                }
            ],
            "title": "Construction of 3 (three) Nos. of new tower with pile foundation in place of river eroded tower at",
            "description": "Construction of 3 (three) Nos. of new tower with pile foundation in place of river eroded tower at Loc- 451, 452 and 453 of 220 KV D/C Rangia-Salakati Line",
            "datePublished": "2023-02-12 18:00",
            "contractType": "Tender",
            "submissionTerms": [
                {
                    "allowPreferentialBidder": "No",
                    "allowMultiCurrencyFee": "No",
                    "allowMultiCurrencyBQQ": "No",
                    "bidValidityPeriod": [
                        {
                            "durationInDays": 180
                        }
                    ]
                }
            ],
            "procuringEntity": [
                {
                    "name": "The CGM, OnM (LAR), AEGCL",
                    "id": "thecgmonmlaraegcl"
                }
            ],
            "items": [
                {
                    "id": "01",
                    "classification": [
                        {
                            "description": "Electrical Works"
                        }
                    ],
                    "additionalClassifications": [
                        {
                            "description": "Work Item Details > Subcategory"
                        }
                    ],
                    "deliveryAddresses": [
                        {
                            "postalCode": "781369.0",
                            "streetAddress": "Rangia"
                        }
                    ]
                }
            ],
            "value": [
                {
                    "amount": 28785566.0,
                    "currency": "INR"
                }
            ],
            "procurementMethod": "Open Tender",
            "mainProcurementCategory": "Works",
            "tenderPeriod": [
                {
                    "startDate": "2023-02-12 18:00",
                    "endDate": "2023-26-12 12:00",
                    "durationInDays": 23
                }
            ],
            "enquiryPeriod": [
                {
                    "startDate": "2023-02-12 18:00",
                    "endDate": "2023-09-12 17:00",
                    "durationInDays": 6
                }
            ],
            "contractPeriod": [
                {
                    "durationInDays": 180
                }
            ],
            "communication": [
                {
                    "id": 1,
                    "documentAvailabilityPeriod": [
                        {
                            "startDate": "2023-02-12 18:00",
                            "endDate": "2023-26-12 12:00"
                        }
                    ]
                }
            ],
            "bidOpening": [
                {
                    "date": "2023-28-12 17:00",
                    "address": [
                        {
                            "streetAddress": "O/o the CGM, OnM (LAR), AEGCL"
                        }
                    ]
                }
            ],
            "participationFees": [
                {
                    "id": "01",
                    "value": [
                        {
                            "amount": 1000.0,
                            "currency": "INR"
                        }
                    ],
                    "description": "Nil"
                }
            ],
            "numberOfTenderers": 7,
            "milestones": [
                {
                    "id": "1",
                    "title": "Published Date",
                    "type": "Pre-procurement milestones",
                    "dueDate": "2023-02-12 18:00"
                },
                {
                    "id": "2",
                    "title": "Document Download / Sale Start Date",
                    "type": "Pre-procurement milestones",
                    "dueDate": "2023-02-12 18:00"
                },
                {
                    "id": "3",
                    "title": "Clarification Start Date",
                    "type": "Pre-procurement milestones",
                    "dueDate": "2023-02-12 18:00"
                },
                {
                    "id": "4",
                    "title": "Bid Submission Start Date",
                    "type": "Pre-procurement milestones",
                    "dueDate": "2023-02-12 18:00"
                },
                {
                    "id": "5",
                    "title": "Bid Opening Date",
                    "type": "Pre-procurement milestones",
                    "dueDate": "2023-28-12 17:00"
                },
                {
                    "id": "6",
                    "title": "Document Download / Sale End Date",
                    "type": "Pre-procurement milestones",
                    "dueDate": "2023-26-12 12:00"
                },
                {
                    "id": "7",
                    "title": "Clarification End Date",
                    "type": "Pre-procurement milestones",
                    "dueDate": "2023-09-12 17:00"
                },
                {
                    "id": "8",
                    "title": "Bid Submission End Date",
                    "type": "Pre-procurement milestones",
                    "dueDate": "2023-26-12 12:00"
                },
                {
                    "id": "9",
                    "title": "Financial Bid Opening Date",
                    "type": "Pre-procurement milestones",
                    "dueDate": "2024-22-01 15:00"
                }
            ],
            "fiscalYear": "2023-2024"
        }
    ],
    "bids": [
        {
            "id": 1,
            "details": [
                {
                    "id": "216976.0",
                    "date": "2023-26-12 11:10",
                    "status": "Rejected-Finance",
                    "tenderers": [
                        {
                            "id": "kazimahmadulhassan",
                            "name": "KAZI MAHMADUL HASSAN"
                        }
                    ]
                },
                {
                    "id": "215485.0",
                    "date": "2023-26-12 11:52",
                    "status": "Rejected-Finance",
                    "tenderers": [
                        {
                            "id": "mshabibarrahman",
                            "name": "M/s Habibar Rahman"
                        }
                    ]
                },
                {
                    "id": "217001.0",
                    "date": "2023-26-12 11:50",
                    "status": "Rejected-Finance",
                    "tenderers": [
                        {
                            "id": "mspowergridassociates",
                            "name": "M/S POWER GRID ASSOCIATES"
                        }
                    ]
                },
                {
                    "id": "215036.0",
                    "date": "2023-15-12 17:50",
                    "status": "Rejected-Finance",
                    "tenderers": [
                        {
                            "id": "sunsteelindustriespvtltd",
                            "name": "Sun Steel Industries Pvt Ltd"
                        }
                    ]
                },
                {
                    "id": "215435.0",
                    "date": "2023-18-12 09:37",
                    "status": "Accepted-AOC",
                    "tenderers": [
                        {
                            "id": "visionengineers",
                            "name": "Vision Engineers"
                        }
                    ]
                }
            ]
        }
    ],
    "statistics": [
        {
            "id": "1",
            "value": 26380375.0,
            "currency": "INR",
            "measure": "contractValue"
        }
    ],
    "awards": [
        {
            "id": 1,
            "value": [
                {
                    "amount": 26380375.0,
                    "currency": "INR"
                }
            ],
            "suppliers": [
                {
                    "id": "visionengineers",
                    "name": "Vision Engineers"
                }
            ],
            "contractPeriod": [
                {
                    "startDate": "2024-07-03",
                    "durationInDays": 180
                }
            ]
        },
        {
            "id": 2,
            "value": [
                {
                    "amount": "26380375",
                    "currency": "INR"
                }
            ]
        }
    ]
}