{
    "ocid": "ocds-f5kvwu-2023_BoTC_34841_1",
    "id": "1",
    "date": "2024-11-27",
    "tag": [
        "tender"
    ],
    "initiationType": "tender",
    "parties": [
        {
            "id": "bodolandterritorialcouncil",
            "name": "Bodoland Territorial Council",
            "roles": [
                "buyer"
            ]
        },
        {
            "id": "galaxyenterprise",
            "name": "galaxy enterprise",
            "roles": [
                "tenderer",
                "supplier"
            ]
        },
        {
            "id": "munindradutta",
            "name": "munindra dutta",
            "roles": [
                "tenderer"
            ]
        },
        {
            "id": "srikhanangoyari",
            "name": "Sri Khanan Goyari",
            "roles": [
                "tenderer"
            ]
        },
        {
            "id": "srimukulnarzari",
            "name": "Sri Mukul Narzari",
            "roles": [
                "tenderer"
            ]
        },
        {
            "id": "thesepwdkjrbldgcirclekjr",
            "name": "the S.E.PWD, Kjr Bldg Circle, Kjr",
            "address": [
                {
                    "streetAddress": "O/o the S.E.PWD, Kjr Bldg Circle, Kjr"
                }
            ],
            "roles": [
                "procuringEntity"
            ]
        }
    ],
    "buyer": [
        {
            "name": "Bodoland Territorial Council",
            "id": "bodolandterritorialcouncil"
        }
    ],
    "tender": [
        {
            "id": "2023_BoTC_34841_1",
            "identifiers": [
                {
                    "id": "No. TECH- 05/SE(B)/E-Tender",
                    "scheme": "external"
                }
            ],
            "title": "Construction of Jagannath Community Hall and Skill Centre under Udalguri LAC. (AT HATTIGARH TE) 530-1",
            "description": "Construction of Jagannath Community Hall and Skill Centre under Udalguri LAC. (AT HATTIGARH TE) 530-1",
            "datePublished": "2023-20-12 10:00",
            "contractType": "Tender",
            "submissionTerms": [
                {
                    "allowPreferentialBidder": "No",
                    "allowMultiCurrencyFee": "No",
                    "allowMultiCurrencyBQQ": "No",
                    "bidValidityPeriod": [
                        {
                            "durationInDays": 180
                        }
                    ]
                }
            ],
            "procuringEntity": [
                {
                    "name": "the S.E.PWD, Kjr Bldg Circle, Kjr",
                    "id": "thesepwdkjrbldgcirclekjr"
                }
            ],
            "items": [
                {
                    "id": "01",
                    "classification": [
                        {
                            "description": "Civil Works - Building"
                        }
                    ],
                    "additionalClassifications": [
                        {
                            "description": "Work Item Details > Subcategory"
                        }
                    ],
                    "deliveryAddresses": [
                        {
                            "postalCode": "784509.0",
                            "streetAddress": "Udalguri"
                        }
                    ]
                }
            ],
            "value": [
                {
                    "amount": 14073143.0,
                    "currency": "INR"
                }
            ],
            "procurementMethod": "Open Tender",
            "mainProcurementCategory": "Item Rate",
            "tenderPeriod": [
                {
                    "startDate": "2023-20-12 10:00",
                    "endDate": "2024-11-01 13:00",
                    "durationInDays": 22
                }
            ],
            "enquiryPeriod": [
                {
                    "startDate": "2023-20-12 10:00",
                    "endDate": "2023-27-12 13:00",
                    "durationInDays": 7
                }
            ],
            "contractPeriod": [
                {
                    "durationInDays": 365
                }
            ],
            "communication": [
                {
                    "id": 1,
                    "documentAvailabilityPeriod": [
                        {
                            "startDate": "2023-20-12 10:00",
                            "endDate": "2024-11-01 13:00"
                        }
                    ]
                }
            ],
            "bidOpening": [
                {
                    "date": "2024-11-01 13:30",
                    "address": [
                        {
                            "streetAddress": "O/o the S.E.PWD, Kjr Bldg Circle, Kjr"
                        }
                    ]
                }
            ],
            "participationFees": [
                {
                    "id": "01",
                    "value": [
                        {
                            "amount": 2900.0,
                            "currency": "INR"
                        }
                    ],
                    "description": "Nil"
                }
            ],
            "numberOfTenderers": 5,
            "milestones": [
                {
                    "id": "1",
                    "title": "Published Date",
                    "type": "Pre-procurement milestones",
                    "dueDate": "2023-20-12 10:00"
                },
                {
                    "id": "2",
                    "title": "Document Download / Sale Start Date",
                    "type": "Pre-procurement milestones",
                    "dueDate": "2023-20-12 10:00"
                },
                {
                    "id": "3",
                    "title": "Clarification Start Date",
                    "type": "Pre-procurement milestones",
                    "dueDate": "2023-20-12 10:00"
                },
                {
                    "id": "4",
                    "title": "Bid Submission Start Date",
                    "type": "Pre-procurement milestones",
                    "dueDate": "2023-20-12 10:00"
                },
                {
                    "id": "5",
                    "title": "Bid Opening Date",
                    "type": "Pre-procurement milestones",
                    "dueDate": "2024-11-01 13:30"
                },
                {
                    "id": "6",
                    "title": "Document Download / Sale End Date",
                    "type": "Pre-procurement milestones",
                    "dueDate": "2024-11-01 13:00"
                },
                {
                    "id": "7",
                    "title": "Clarification End Date",
                    "type": "Pre-procurement milestones",
                    "dueDate": "2023-27-12 13:00"
                },
                {
                    "id": "8",
                    "title": "Bid Submission End Date",
                    "type": "Pre-procurement milestones",
                    "dueDate": "2024-11-01 13:00"
                },
                {
                    "id": "9",
                    "title": "Financial Bid Opening Date",
                    "type": "Pre-procurement milestones",
                    "dueDate": "2024-19-01 18:00"
                }
            ],
            "fiscalYear": "2023-2024"
        }
    ],
    "bids": [
        {
            "id": 1,
            "details": [
                {
                    "id": "218753.0",
                    "date": "2024-08-01 17:21",
                    "status": "Not Admitted-Fee/PreQual/Technical",
                    "tenderers": [
                        {
                            "id": "munindradutta",
                            "name": "munindra dutta"
                        }
                    ]
                },
                {
                    "id": "220318.0",
                    "date": "2024-11-01 12:33",
                    "status": "Rejected-AOC",
                    "tenderers": [
                        {
                            "id": "srikhanangoyari",
                            "name": "Sri Khanan Goyari"
                        }
                    ]
                },
                {
                    "id": "220004.0",
                    "date": "2024-11-01 12:13",
                    "status": "Rejected-AOC",
                    "tenderers": [
                        {
                            "id": "srimukulnarzari",
                            "name": "Sri Mukul Narzari"
                        }
                    ]
                },
                {
                    "id": "220001.0",
                    "date": "2024-11-01 12:07",
                    "status": "Accepted-AOC",
                    "tenderers": [
                        {
                            "id": "galaxyenterprise",
                            "name": "galaxy enterprise"
                        }
                    ]
                }
            ]
        }
    ],
    "statistics": [
        {
            "id": "1",
            "value": 14064952.0,
            "currency": "INR",
            "measure": "contractValue"
        }
    ],
    "awards": [
        {
            "id": 1,
            "description": "Work Order",
            "value": [
                {
                    "amount": 14064952.0,
                    "currency": "INR"
                }
            ],
            "suppliers": [
                {
                    "id": "galaxyenterprise",
                    "name": "galaxy enterprise"
                }
            ],
            "contractPeriod": [
                {
                    "startDate": "2024-29-02",
                    "durationInDays": 365
                }
            ]
        },
        {
            "id": 2,
            "value": [
                {
                    "amount": "14064952",
                    "currency": "INR"
                }
            ]
        }
    ]
}