{
    "ocid": "ocds-f5kvwu-2023_BoTC_34316_1",
    "id": "1",
    "date": "2024-11-27",
    "tag": [
        "tender"
    ],
    "initiationType": "tender",
    "parties": [
        {
            "id": "bodolandterritorialcouncil",
            "name": "Bodoland Territorial Council",
            "roles": [
                "buyer"
            ]
        },
        {
            "id": "srijatishray",
            "name": "Sri Jatish Ray",
            "roles": [
                "tenderer",
                "supplier"
            ]
        },
        {
            "id": "srisumanboro",
            "name": "Sri Suman Boro",
            "roles": [
                "tenderer"
            ]
        },
        {
            "id": "jointdirectorcumchdfisherydepartmentbtc",
            "name": "Joint-Director cum CHD,Fishery Department, BTC",
            "address": [
                {
                    "streetAddress": "O/o Joint-Director cum CHD, Fishery Department, BTC, Kokrajhar"
                }
            ],
            "roles": [
                "procuringEntity"
            ]
        }
    ],
    "buyer": [
        {
            "name": "Bodoland Territorial Council",
            "id": "bodolandterritorialcouncil"
        }
    ],
    "tender": [
        {
            "id": "2023_BoTC_34316_1",
            "identifiers": [
                {
                    "id": "FSHRY/BTC/2023-24/008/2",
                    "scheme": "external"
                }
            ],
            "title": "Construction of Boundary wall and Renovation of DFDO office along with Campus Development in Baksa District",
            "description": "Construction of Boundary wall and Renovation of DFDO office along with Campus Development in Baksa District under SOPD fund",
            "datePublished": "2023-01-12 09:00",
            "contractType": "Tender",
            "submissionTerms": [
                {
                    "allowPreferentialBidder": "No",
                    "allowMultiCurrencyFee": "No",
                    "allowMultiCurrencyBQQ": "No",
                    "bidValidityPeriod": [
                        {
                            "durationInDays": 180
                        }
                    ]
                }
            ],
            "procuringEntity": [
                {
                    "name": "Joint-Director cum CHD,Fishery Department, BTC",
                    "id": "jointdirectorcumchdfisherydepartmentbtc"
                }
            ],
            "items": [
                {
                    "id": "01",
                    "classification": [
                        {
                            "description": "Construction Works"
                        }
                    ],
                    "additionalClassifications": [
                        {
                            "description": "Work Item Details > Subcategory"
                        }
                    ],
                    "deliveryAddresses": [
                        {
                            "postalCode": "783370.0",
                            "streetAddress": "Mushalpur"
                        }
                    ]
                }
            ],
            "value": [
                {
                    "amount": 2430000.0,
                    "currency": "INR"
                }
            ],
            "procurementMethod": "Open Tender",
            "mainProcurementCategory": "Works",
            "tenderPeriod": [
                {
                    "startDate": "2023-01-12 09:00",
                    "endDate": "2024-02-01 16:00",
                    "durationInDays": 32
                }
            ],
            "contractPeriod": [
                {
                    "durationInDays": 90
                }
            ],
            "communication": [
                {
                    "id": 1,
                    "documentAvailabilityPeriod": [
                        {
                            "startDate": "2023-01-12 09:00",
                            "endDate": "2024-02-01 16:00"
                        }
                    ]
                }
            ],
            "bidOpening": [
                {
                    "date": "2024-03-01 10:20",
                    "address": [
                        {
                            "streetAddress": "O/o Joint-Director cum CHD,Fishery Department, BTC"
                        }
                    ]
                }
            ],
            "participationFees": [
                {
                    "id": "01",
                    "value": [
                        {
                            "amount": 1000.0,
                            "currency": "INR"
                        }
                    ],
                    "description": "Nil"
                }
            ],
            "numberOfTenderers": 4,
            "milestones": [
                {
                    "id": "1",
                    "title": "Published Date",
                    "type": "Pre-procurement milestones",
                    "dueDate": "2023-01-12 09:00"
                },
                {
                    "id": "2",
                    "title": "Document Download / Sale Start Date",
                    "type": "Pre-procurement milestones",
                    "dueDate": "2023-01-12 09:00"
                },
                {
                    "id": "3",
                    "title": "Bid Submission Start Date",
                    "type": "Pre-procurement milestones",
                    "dueDate": "2023-01-12 14:00"
                },
                {
                    "id": "4",
                    "title": "Bid Opening Date",
                    "type": "Pre-procurement milestones",
                    "dueDate": "2024-03-01 10:20"
                },
                {
                    "id": "5",
                    "title": "Document Download / Sale End Date",
                    "type": "Pre-procurement milestones",
                    "dueDate": "2024-02-01 16:00"
                },
                {
                    "id": "6",
                    "title": "Bid Submission End Date",
                    "type": "Pre-procurement milestones",
                    "dueDate": "2024-02-01 16:00"
                },
                {
                    "id": "7",
                    "title": "Financial Bid Opening Date",
                    "type": "Pre-procurement milestones",
                    "dueDate": "2024-12-02 15:00"
                }
            ],
            "fiscalYear": "2023-2024"
        }
    ],
    "bids": [
        {
            "id": 1,
            "details": [
                {
                    "id": "218089.0",
                    "date": "2024-01-01 12:59",
                    "status": "Rejected-Finance",
                    "tenderers": [
                        {
                            "id": "srisumanboro",
                            "name": "Sri Suman Boro"
                        }
                    ]
                },
                {
                    "id": "218081.0",
                    "date": "2024-01-01 13:11",
                    "status": "Accepted-AOC",
                    "tenderers": [
                        {
                            "id": "srijatishray",
                            "name": "Sri Jatish Ray"
                        }
                    ]
                }
            ]
        }
    ],
    "statistics": [
        {
            "id": "1",
            "value": 2427656.0,
            "currency": "INR",
            "measure": "contractValue"
        }
    ],
    "awards": [
        {
            "id": 1,
            "value": [
                {
                    "amount": 2427656.0,
                    "currency": "INR"
                }
            ],
            "suppliers": [
                {
                    "id": "srijatishray",
                    "name": "Sri Jatish Ray"
                }
            ],
            "contractPeriod": [
                {
                    "startDate": "2024-29-02",
                    "durationInDays": 90
                }
            ]
        },
        {
            "id": 2,
            "value": [
                {
                    "amount": "2427656",
                    "currency": "INR"
                }
            ]
        }
    ]
}