{
    "ocid": "ocds-f5kvwu-2023_BTC_32922_1",
    "id": "1",
    "date": "2024-11-27",
    "tag": [
        "tender"
    ],
    "initiationType": "tender",
    "parties": [
        {
            "id": "bodolandterritorialcouncilpwd",
            "name": "Bodoland Territorial Council-PWD",
            "roles": [
                "buyer"
            ]
        },
        {
            "id": "sribibekanandadey",
            "name": "SRI BIBEKANANDA DEY",
            "roles": [
                "tenderer"
            ]
        },
        {
            "id": "tapandey",
            "name": "Tapan Dey",
            "roles": [
                "tenderer",
                "supplier"
            ]
        },
        {
            "id": "sripadmadandachoudhury",
            "name": "Sri Padmadanda Choudhury",
            "address": [
                {
                    "streetAddress": "O/o the Addl. Chief Engineer-cum-Director, PWD, BTC, Kokrajhar."
                }
            ],
            "roles": [
                "procuringEntity"
            ]
        }
    ],
    "buyer": [
        {
            "name": "Bodoland Territorial Council-PWD",
            "id": "bodolandterritorialcouncilpwd"
        }
    ],
    "tender": [
        {
            "id": "2023_BTC_32922_1",
            "identifiers": [
                {
                    "id": "No.27/KOJ/NIT/Pt-II/2023-24/29",
                    "scheme": "external"
                }
            ],
            "title": "Construction of Santali Cultural research centre at Gossaigaon Habrubil. TN No.28_04",
            "description": "Construction of Santali Cultural research centre at Gossaigaon Habrubil. TN No.28_04",
            "datePublished": "2023-11-10 10:30",
            "contractType": "Tender",
            "submissionTerms": [
                {
                    "allowPreferentialBidder": "No",
                    "allowMultiCurrencyFee": "No",
                    "allowMultiCurrencyBQQ": "No",
                    "bidValidityPeriod": [
                        {
                            "durationInDays": 180
                        }
                    ]
                }
            ],
            "procuringEntity": [
                {
                    "name": "Sri Padmadanda Choudhury",
                    "id": "sripadmadandachoudhury"
                }
            ],
            "items": [
                {
                    "id": "01",
                    "classification": [
                        {
                            "description": "Civil Works - Building"
                        }
                    ],
                    "additionalClassifications": [
                        {
                            "description": "Work Item Details > Subcategory"
                        }
                    ],
                    "deliveryAddresses": [
                        {
                            "postalCode": "783370.0",
                            "streetAddress": "Kokrajhar"
                        }
                    ]
                }
            ],
            "value": [
                {
                    "amount": 2380028.0,
                    "currency": "INR"
                }
            ],
            "procurementMethod": "Open Tender",
            "mainProcurementCategory": "Item Rate",
            "tenderPeriod": [
                {
                    "startDate": "2023-11-10 10:30",
                    "endDate": "2023-01-11 14:00",
                    "durationInDays": 21
                }
            ],
            "enquiryPeriod": [
                {
                    "startDate": "2023-11-10 10:30",
                    "endDate": "2023-01-11 14:00",
                    "durationInDays": 21
                }
            ],
            "contractPeriod": [
                {
                    "durationInDays": 180
                }
            ],
            "communication": [
                {
                    "id": 1,
                    "documentAvailabilityPeriod": [
                        {
                            "startDate": "2023-11-10 10:30",
                            "endDate": "2023-01-11 14:00"
                        }
                    ]
                }
            ],
            "bidOpening": [
                {
                    "date": "2023-02-11 11:00",
                    "address": [
                        {
                            "streetAddress": "Kokrajhar"
                        }
                    ]
                }
            ],
            "participationFees": [
                {
                    "id": "01",
                    "value": [
                        {
                            "amount": 1000.0,
                            "currency": "INR"
                        }
                    ],
                    "description": "Nil"
                }
            ],
            "numberOfTenderers": 5,
            "milestones": [
                {
                    "id": "1",
                    "title": "Published Date",
                    "type": "Pre-procurement milestones",
                    "dueDate": "2023-11-10 10:30"
                },
                {
                    "id": "2",
                    "title": "Document Download / Sale Start Date",
                    "type": "Pre-procurement milestones",
                    "dueDate": "2023-11-10 10:30"
                },
                {
                    "id": "3",
                    "title": "Clarification Start Date",
                    "type": "Pre-procurement milestones",
                    "dueDate": "2023-11-10 10:30"
                },
                {
                    "id": "4",
                    "title": "Bid Submission Start Date",
                    "type": "Pre-procurement milestones",
                    "dueDate": "2023-11-10 12:00"
                },
                {
                    "id": "5",
                    "title": "Bid Opening Date",
                    "type": "Pre-procurement milestones",
                    "dueDate": "2023-02-11 11:00"
                },
                {
                    "id": "6",
                    "title": "Document Download / Sale End Date",
                    "type": "Pre-procurement milestones",
                    "dueDate": "2023-01-11 14:00"
                },
                {
                    "id": "7",
                    "title": "Clarification End Date",
                    "type": "Pre-procurement milestones",
                    "dueDate": "2023-01-11 14:00"
                },
                {
                    "id": "8",
                    "title": "Bid Submission End Date",
                    "type": "Pre-procurement milestones",
                    "dueDate": "2023-01-11 14:00"
                },
                {
                    "id": "9",
                    "title": "Financial Bid Opening Date",
                    "type": "Pre-procurement milestones",
                    "dueDate": "2023-10-11 14:00"
                }
            ],
            "fiscalYear": "2023-2024"
        }
    ],
    "bids": [
        {
            "id": 1,
            "details": [
                {
                    "id": "207794.0",
                    "date": "2023-01-11 11:15",
                    "status": "Rejected-AOC",
                    "tenderers": [
                        {
                            "id": "sribibekanandadey",
                            "name": "SRI BIBEKANANDA DEY"
                        }
                    ]
                },
                {
                    "id": "207790.0",
                    "date": "2023-01-11 11:43",
                    "status": "Accepted-AOC",
                    "tenderers": [
                        {
                            "id": "tapandey",
                            "name": "Tapan Dey"
                        }
                    ]
                }
            ]
        }
    ],
    "statistics": [
        {
            "id": "1",
            "value": 2380000.0,
            "currency": "INR",
            "measure": "contractValue"
        }
    ],
    "awards": [
        {
            "id": 1,
            "description": "L1",
            "value": [
                {
                    "amount": 2380000.0,
                    "currency": "INR"
                }
            ],
            "suppliers": [
                {
                    "id": "tapandey",
                    "name": "Tapan Dey"
                }
            ],
            "contractPeriod": [
                {
                    "startDate": "2024-17-01",
                    "durationInDays": 180
                }
            ]
        },
        {
            "id": 2,
            "value": [
                {
                    "amount": "2380000",
                    "currency": "INR"
                }
            ]
        }
    ]
}