{
    "ocid": "ocds-f5kvwu-2023_BTC_33743_1",
    "id": "1",
    "date": "2024-11-27",
    "tag": [
        "tender"
    ],
    "initiationType": "tender",
    "parties": [
        {
            "id": "bodolandterritorialcouncilpwd",
            "name": "Bodoland Territorial Council-PWD",
            "roles": [
                "buyer"
            ]
        },
        {
            "id": "dayaldas",
            "name": "DAYAL DAS",
            "roles": [
                "tenderer",
                "supplier"
            ]
        },
        {
            "id": "ranjanrabha",
            "name": "RANJAN RABHA",
            "roles": [
                "tenderer"
            ]
        },
        {
            "id": "sridhirensingha",
            "name": "SRI DHIREN SINGHA",
            "roles": [
                "tenderer"
            ]
        },
        {
            "id": "ootheaddlchiefengineercumdirectorpwdbtc",
            "name": "O/oThe Addl. Chief Engineer cum Director, PWD, BTC",
            "address": [
                {
                    "streetAddress": "O/oThe Addl. Chief Engineer cum Director, PWD, BTC"
                }
            ],
            "roles": [
                "procuringEntity"
            ]
        }
    ],
    "buyer": [
        {
            "name": "Bodoland Territorial Council-PWD",
            "id": "bodolandterritorialcouncilpwd"
        }
    ],
    "tender": [
        {
            "id": "2023_BTC_33743_1",
            "identifiers": [
                {
                    "id": "ACE-150/PWD/NIT/Goodwill/23-24",
                    "scheme": "external"
                }
            ],
            "title": "Construction of road from RD road Jiten Rabha house to Sapkata ulubari road near Shotish Rabha house at Dalongpar village at Tamulpur under CMs Goodwill Project Mission for the year 2023-24. TN_26_80",
            "description": "Construction of road from RD road Jiten Rabha house to Sapkata ulubari road near Shotish Rabha house at Dalongpar village at Tamulpur under CMs Goodwill Project Mission for the year 2023-24. TN_26_80",
            "datePublished": "2023-09-11 10:00",
            "contractType": "Tender",
            "submissionTerms": [
                {
                    "allowPreferentialBidder": "No",
                    "allowMultiCurrencyFee": "No",
                    "allowMultiCurrencyBQQ": "No",
                    "bidValidityPeriod": [
                        {
                            "durationInDays": 180
                        }
                    ]
                }
            ],
            "procuringEntity": [
                {
                    "name": "O/oThe Addl. Chief Engineer cum Director, PWD, BTC",
                    "id": "ootheaddlchiefengineercumdirectorpwdbtc"
                }
            ],
            "items": [
                {
                    "id": "01",
                    "classification": [
                        {
                            "description": "Civil Works \u2013 Roads"
                        }
                    ],
                    "additionalClassifications": [
                        {
                            "description": "Work Item Details > Subcategory"
                        }
                    ],
                    "deliveryAddresses": [
                        {
                            "postalCode": "783127.0",
                            "streetAddress": "Baksa"
                        }
                    ]
                }
            ],
            "value": [
                {
                    "amount": 27849946.0,
                    "currency": "INR"
                }
            ],
            "procurementMethod": "Open Tender",
            "mainProcurementCategory": "Works",
            "tenderPeriod": [
                {
                    "startDate": "2023-09-11 10:00",
                    "endDate": "2023-01-12 13:30",
                    "durationInDays": 22
                }
            ],
            "enquiryPeriod": [
                {
                    "startDate": "2023-09-11 10:00",
                    "endDate": "2023-30-11 12:00",
                    "durationInDays": 21
                }
            ],
            "contractPeriod": [
                {
                    "durationInDays": 365
                }
            ],
            "communication": [
                {
                    "id": 1,
                    "documentAvailabilityPeriod": [
                        {
                            "startDate": "2023-09-11 10:00",
                            "endDate": "2023-01-12 13:30"
                        }
                    ]
                }
            ],
            "bidOpening": [
                {
                    "date": "2023-01-12 14:00",
                    "address": [
                        {
                            "streetAddress": "O/oThe Addl. Chief Engineer cum Director, PWD, BTC"
                        }
                    ]
                }
            ],
            "participationFees": [
                {
                    "id": "01",
                    "value": [
                        {
                            "amount": 5600.0,
                            "currency": "INR"
                        }
                    ],
                    "description": "Nil"
                }
            ],
            "numberOfTenderers": 5,
            "milestones": [
                {
                    "id": "1",
                    "title": "Published Date",
                    "type": "Pre-procurement milestones",
                    "dueDate": "2023-09-11 10:00"
                },
                {
                    "id": "2",
                    "title": "Document Download / Sale Start Date",
                    "type": "Pre-procurement milestones",
                    "dueDate": "2023-09-11 10:00"
                },
                {
                    "id": "3",
                    "title": "Clarification Start Date",
                    "type": "Pre-procurement milestones",
                    "dueDate": "2023-09-11 10:00"
                },
                {
                    "id": "4",
                    "title": "Bid Submission Start Date",
                    "type": "Pre-procurement milestones",
                    "dueDate": "2023-09-11 10:00"
                },
                {
                    "id": "5",
                    "title": "Bid Opening Date",
                    "type": "Pre-procurement milestones",
                    "dueDate": "2023-01-12 14:00"
                },
                {
                    "id": "6",
                    "title": "Document Download / Sale End Date",
                    "type": "Pre-procurement milestones",
                    "dueDate": "2023-01-12 13:30"
                },
                {
                    "id": "7",
                    "title": "Clarification End Date",
                    "type": "Pre-procurement milestones",
                    "dueDate": "2023-30-11 12:00"
                },
                {
                    "id": "8",
                    "title": "Bid Submission End Date",
                    "type": "Pre-procurement milestones",
                    "dueDate": "2023-01-12 13:30"
                },
                {
                    "id": "9",
                    "title": "Financial Bid Opening Date",
                    "type": "Pre-procurement milestones",
                    "dueDate": "2023-26-12 14:50"
                }
            ],
            "fiscalYear": "2023-2024"
        }
    ],
    "bids": [
        {
            "id": 1,
            "details": [
                {
                    "id": "212423.0",
                    "date": "2023-28-11 00:50",
                    "status": "Rejected-Technical",
                    "tenderers": [
                        {
                            "id": "ranjanrabha",
                            "name": "RANJAN RABHA"
                        }
                    ]
                },
                {
                    "id": "212227.0",
                    "date": "2023-28-11 00:44",
                    "status": "Rejected-AOC",
                    "tenderers": [
                        {
                            "id": "sridhirensingha",
                            "name": "SRI DHIREN SINGHA"
                        }
                    ]
                },
                {
                    "id": "212232.0",
                    "date": "2023-28-11 00:31",
                    "status": "Accepted-AOC",
                    "tenderers": [
                        {
                            "id": "dayaldas",
                            "name": "DAYAL DAS"
                        }
                    ]
                }
            ]
        }
    ],
    "statistics": [
        {
            "id": "1",
            "value": 27849160.29,
            "currency": "INR",
            "measure": "contractValue"
        }
    ],
    "awards": [
        {
            "id": 1,
            "description": "Work Order",
            "value": [
                {
                    "amount": 27849160.29,
                    "currency": "INR"
                }
            ],
            "suppliers": [
                {
                    "id": "dayaldas",
                    "name": "DAYAL DAS"
                }
            ],
            "contractPeriod": [
                {
                    "startDate": "2024-14-02",
                    "durationInDays": 365
                }
            ]
        },
        {
            "id": 2,
            "value": [
                {
                    "amount": "2784916029",
                    "currency": "INR"
                }
            ]
        }
    ]
}