{
    "ocid": "ocds-f5kvwu-2023_AHVD_34049_1",
    "id": "1",
    "date": "2024-11-27",
    "tag": [
        "tender"
    ],
    "initiationType": "tender",
    "parties": [
        {
            "id": "animalhusbandryandveterinarydepartment",
            "name": "Animal Husbandry and Veterinary Department",
            "roles": [
                "buyer"
            ]
        },
        {
            "id": "arindamgogoi",
            "name": "ARINDAM GOGOI",
            "roles": [
                "tenderer"
            ]
        },
        {
            "id": "bibhutibhushanbora",
            "name": "Bibhuti Bhushan Bora",
            "roles": [
                "tenderer",
                "supplier"
            ]
        },
        {
            "id": "debikasarkarbora",
            "name": "Debika Sarkar Bora",
            "roles": [
                "tenderer"
            ]
        },
        {
            "id": "monsoonenterprise",
            "name": "MONSOON ENTERPRISE",
            "roles": [
                "tenderer"
            ]
        },
        {
            "id": "director",
            "name": "Director",
            "address": [
                {
                    "streetAddress": "Director, A.H. Vetty. Department"
                }
            ],
            "roles": [
                "procuringEntity"
            ]
        }
    ],
    "buyer": [
        {
            "name": "Animal Husbandry and Veterinary Department",
            "id": "animalhusbandryandveterinarydepartment"
        }
    ],
    "tender": [
        {
            "id": "2023_AHVD_34049_1",
            "identifiers": [
                {
                    "id": "E_408596_2023_24_DFA_395557",
                    "scheme": "external"
                }
            ],
            "title": "Construction of Raised Plate Form for Animal at Disoi in Golaghat District under SOPD G Scheme",
            "description": "Construction of Raised Plate Form for Animal at Disoi in Golaghat District under SOPD G Scheme",
            "datePublished": "2023-18-11 16:00",
            "contractType": "Tender",
            "submissionTerms": [
                {
                    "allowPreferentialBidder": "No",
                    "allowMultiCurrencyFee": "No",
                    "allowMultiCurrencyBQQ": "No",
                    "bidValidityPeriod": [
                        {
                            "durationInDays": 180
                        }
                    ]
                }
            ],
            "procuringEntity": [
                {
                    "name": "Director",
                    "id": "director"
                }
            ],
            "items": [
                {
                    "id": "01",
                    "classification": [
                        {
                            "description": "Civil Works"
                        }
                    ],
                    "additionalClassifications": [
                        {
                            "description": "Work Item Details > Subcategory"
                        }
                    ],
                    "deliveryAddresses": [
                        {
                            "postalCode": "785611.0",
                            "streetAddress": "Golaghat"
                        }
                    ]
                }
            ],
            "value": [
                {
                    "amount": 3000000.0,
                    "currency": "INR"
                }
            ],
            "procurementMethod": "Open Tender",
            "mainProcurementCategory": "Works",
            "tenderPeriod": [
                {
                    "startDate": "2023-18-11 16:00",
                    "endDate": "2023-11-12 14:00",
                    "durationInDays": 22
                }
            ],
            "enquiryPeriod": [
                {
                    "startDate": "2023-18-11 16:00",
                    "endDate": "2023-23-11 12:00",
                    "durationInDays": 4
                }
            ],
            "contractPeriod": [
                {
                    "durationInDays": 90
                }
            ],
            "communication": [
                {
                    "id": 1,
                    "documentAvailabilityPeriod": [
                        {
                            "startDate": "2023-18-11 16:00",
                            "endDate": "2023-11-12 14:00"
                        }
                    ]
                }
            ],
            "bidOpening": [
                {
                    "date": "2023-11-12 14:30",
                    "address": [
                        {
                            "streetAddress": "CHENIKUTHI, GUWAHATI-3."
                        }
                    ]
                }
            ],
            "participationFees": [
                {
                    "id": "01",
                    "value": [
                        {
                            "amount": 700.0,
                            "currency": "INR"
                        }
                    ],
                    "description": "Nil"
                }
            ],
            "numberOfTenderers": 6,
            "milestones": [
                {
                    "id": "1",
                    "title": "Published Date",
                    "type": "Pre-procurement milestones",
                    "dueDate": "2023-18-11 16:00"
                },
                {
                    "id": "2",
                    "title": "Document Download / Sale Start Date",
                    "type": "Pre-procurement milestones",
                    "dueDate": "2023-18-11 16:00"
                },
                {
                    "id": "3",
                    "title": "Clarification Start Date",
                    "type": "Pre-procurement milestones",
                    "dueDate": "2023-18-11 16:00"
                },
                {
                    "id": "4",
                    "title": "Bid Submission Start Date",
                    "type": "Pre-procurement milestones",
                    "dueDate": "2023-30-11 09:00"
                },
                {
                    "id": "5",
                    "title": "Bid Opening Date",
                    "type": "Pre-procurement milestones",
                    "dueDate": "2023-11-12 14:30"
                },
                {
                    "id": "6",
                    "title": "Document Download / Sale End Date",
                    "type": "Pre-procurement milestones",
                    "dueDate": "2023-11-12 14:00"
                },
                {
                    "id": "7",
                    "title": "Clarification End Date",
                    "type": "Pre-procurement milestones",
                    "dueDate": "2023-23-11 12:00"
                },
                {
                    "id": "8",
                    "title": "Bid Submission End Date",
                    "type": "Pre-procurement milestones",
                    "dueDate": "2023-11-12 14:00"
                },
                {
                    "id": "9",
                    "title": "Financial Bid Opening Date",
                    "type": "Pre-procurement milestones",
                    "dueDate": "2023-21-12 15:45"
                }
            ],
            "fiscalYear": "2023-2024"
        }
    ],
    "bids": [
        {
            "id": 1,
            "details": [
                {
                    "id": "214721.0",
                    "date": "2023-11-12 12:13",
                    "status": "Rejected-AOC",
                    "tenderers": [
                        {
                            "id": "arindamgogoi",
                            "name": "ARINDAM GOGOI"
                        }
                    ]
                },
                {
                    "id": "214312.0",
                    "date": "2023-11-12 11:47",
                    "status": "Rejected-AOC",
                    "tenderers": [
                        {
                            "id": "debikasarkarbora",
                            "name": "Debika Sarkar Bora"
                        }
                    ]
                },
                {
                    "id": "214429.0",
                    "date": "2023-10-12 22:22",
                    "status": "Rejected-AOC",
                    "tenderers": [
                        {
                            "id": "monsoonenterprise",
                            "name": "MONSOON ENTERPRISE"
                        }
                    ]
                },
                {
                    "id": "214595.0",
                    "date": "2023-11-12 12:00",
                    "status": "Accepted-AOC",
                    "tenderers": [
                        {
                            "id": "bibhutibhushanbora",
                            "name": "Bibhuti Bhushan Bora"
                        }
                    ]
                }
            ]
        }
    ],
    "statistics": [
        {
            "id": "1",
            "value": 2549980.0,
            "currency": "INR",
            "measure": "contractValue"
        }
    ],
    "awards": [
        {
            "id": 1,
            "description": "AWARDED",
            "value": [
                {
                    "amount": 2549980.0,
                    "currency": "INR"
                }
            ],
            "suppliers": [
                {
                    "id": "bibhutibhushanbora",
                    "name": "Bibhuti Bhushan Bora"
                }
            ],
            "contractPeriod": [
                {
                    "startDate": "2024-13-02",
                    "durationInDays": 90
                }
            ]
        },
        {
            "id": 2,
            "value": [
                {
                    "amount": "2549980",
                    "currency": "INR"
                }
            ]
        }
    ]
}