{
    "ocid": "ocds-f5kvwu-2023_APGCL_31107_1",
    "id": "1",
    "date": "2024-11-27",
    "tag": [
        "tender"
    ],
    "initiationType": "tender",
    "parties": [
        {
            "id": "assampowergenerationcompanylimited",
            "name": "Assam Power Generation Company Limited",
            "roles": [
                "buyer"
            ]
        },
        {
            "id": "3479nnsinghsecurityagency",
            "name": "3479/N N SINGH SECURITY AGENCY",
            "roles": [
                "tenderer"
            ]
        },
        {
            "id": "adwiksecurityhrsolutionspvtltd",
            "name": "ADWIK SECURITY & HR SOLUTIONS PVT LTD",
            "roles": [
                "tenderer"
            ]
        },
        {
            "id": "citysecurityservice",
            "name": "CITY SECURITY SERVICE",
            "roles": [
                "tenderer"
            ]
        },
        {
            "id": "dolphinsecurityandadvertising",
            "name": "Dolphin Security and Advertising",
            "roles": [
                "tenderer"
            ]
        },
        {
            "id": "group5",
            "name": "Group5",
            "roles": [
                "tenderer"
            ]
        },
        {
            "id": "jobeastin",
            "name": "JOBEAST.IN",
            "roles": [
                "tenderer"
            ]
        },
        {
            "id": "legendssecurityandplacementservice",
            "name": "Legends Security and Placement Service",
            "roles": [
                "tenderer"
            ]
        },
        {
            "id": "marcossecurityforceindiapvtltd",
            "name": "MARCOS SECURITY FORCE INDIA PVT LTD",
            "roles": [
                "tenderer"
            ]
        },
        {
            "id": "northeasternsecurityservicenesspvtltd",
            "name": "North Eastern Security Service (NESS) Pvt. Ltd.",
            "roles": [
                "tenderer",
                "supplier"
            ]
        },
        {
            "id": "robokopsprivatelimited",
            "name": "ROBOKOPS PRIVATE LIMITED",
            "roles": [
                "tenderer"
            ]
        },
        {
            "id": "samannaysecurityservice",
            "name": "SAMANNAY SECURITY SERVICE",
            "roles": [
                "tenderer"
            ]
        },
        {
            "id": "vssecuritysystemsprivatelimited",
            "name": "VS SECURITY & SYSTEMS PRIVATE LIMITED",
            "roles": [
                "tenderer"
            ]
        },
        {
            "id": "generalmanagerhrapgcl",
            "name": "General Manager HR APGCL",
            "address": [
                {
                    "streetAddress": "3rd Floor APGCL Bijulee Bhawan Paltan Bazar Guwahati 01"
                }
            ],
            "roles": [
                "procuringEntity"
            ]
        }
    ],
    "buyer": [
        {
            "name": "Assam Power Generation Company Limited",
            "id": "assampowergenerationcompanylimited"
        }
    ],
    "tender": [
        {
            "id": "2023_APGCL_31107_1",
            "identifiers": [
                {
                    "id": "APGCL CSO ESSTT 209 PART I 222",
                    "scheme": "external"
                }
            ],
            "title": "SUPPLY OF OUTSOURCED SECURITY GUARDS",
            "description": "SUPPLY OF OUTSOURCED SECURITY GUARDS TO VARIOUS INSTALLATIONS OF APGCL FROM GOVT. REGISTERED SECURITY AGENCIES",
            "datePublished": "2023-06-06 17:00",
            "contractType": "Tender",
            "submissionTerms": [
                {
                    "allowPreferentialBidder": "No",
                    "allowMultiCurrencyFee": "No",
                    "allowMultiCurrencyBQQ": "No",
                    "bidValidityPeriod": [
                        {
                            "durationInDays": 180
                        }
                    ]
                }
            ],
            "procuringEntity": [
                {
                    "name": "General Manager HR APGCL",
                    "id": "generalmanagerhrapgcl"
                }
            ],
            "items": [
                {
                    "id": "01",
                    "classification": [
                        {
                            "description": "Manpower Supply"
                        }
                    ],
                    "additionalClassifications": [
                        {
                            "description": "Security Guards "
                        }
                    ],
                    "deliveryAddresses": [
                        {
                            "postalCode": "781001.0",
                            "streetAddress": "APGCL Headquater and Power Plants"
                        }
                    ]
                }
            ],
            "procurementMethod": "Open Tender",
            "mainProcurementCategory": "Works",
            "tenderPeriod": [
                {
                    "startDate": "2023-06-06 17:00",
                    "endDate": "2023-03-07 17:00",
                    "durationInDays": 27
                }
            ],
            "contractPeriod": [
                {
                    "durationInDays": 15
                }
            ],
            "communication": [
                {
                    "id": 1,
                    "documentAvailabilityPeriod": [
                        {
                            "startDate": "2023-06-06 17:00",
                            "endDate": "2023-03-07 17:00"
                        }
                    ]
                }
            ],
            "bidOpening": [
                {
                    "date": "2023-04-07 15:00",
                    "address": [
                        {
                            "streetAddress": "APGCL Conference Room 3rd Floor Bijulee Bhawan"
                        }
                    ]
                }
            ],
            "participationFees": [
                {
                    "id": "01",
                    "value": [
                        {
                            "amount": 1000.0,
                            "currency": "INR"
                        }
                    ],
                    "description": "Nil"
                }
            ],
            "numberOfTenderers": 13,
            "milestones": [
                {
                    "id": "1",
                    "title": "Published Date",
                    "type": "Pre-procurement milestones",
                    "dueDate": "2023-06-06 17:00"
                },
                {
                    "id": "2",
                    "title": "Document Download / Sale Start Date",
                    "type": "Pre-procurement milestones",
                    "dueDate": "2023-06-06 17:00"
                },
                {
                    "id": "3",
                    "title": "Bid Submission Start Date",
                    "type": "Pre-procurement milestones",
                    "dueDate": "2023-06-06 17:00"
                },
                {
                    "id": "4",
                    "title": "Bid Opening Date",
                    "type": "Pre-procurement milestones",
                    "dueDate": "2023-04-07 15:00"
                },
                {
                    "id": "5",
                    "title": "Document Download / Sale End Date",
                    "type": "Pre-procurement milestones",
                    "dueDate": "2023-03-07 17:00"
                },
                {
                    "id": "6",
                    "title": "Bid Submission End Date",
                    "type": "Pre-procurement milestones",
                    "dueDate": "2023-03-07 17:00"
                },
                {
                    "id": "7",
                    "title": "Financial Bid Opening Date",
                    "type": "Pre-procurement milestones",
                    "dueDate": "2023-12-12 14:30"
                }
            ],
            "fiscalYear": "2023-2024"
        }
    ],
    "bids": [
        {
            "id": 1,
            "details": [
                {
                    "id": "188740.0",
                    "date": "2023-01-07 16:08",
                    "status": "Rejected-AOC",
                    "tenderers": [
                        {
                            "id": "3479nnsinghsecurityagency",
                            "name": "3479/N N SINGH SECURITY AGENCY"
                        }
                    ]
                },
                {
                    "id": "187839.0",
                    "date": "2023-20-06 17:46",
                    "status": "Rejected-AOC",
                    "tenderers": [
                        {
                            "id": "adwiksecurityhrsolutionspvtltd",
                            "name": "ADWIK SECURITY & HR SOLUTIONS PVT LTD"
                        }
                    ]
                },
                {
                    "id": "188733.0",
                    "date": "2023-01-07 14:54",
                    "status": "Rejected-AOC",
                    "tenderers": [
                        {
                            "id": "citysecurityservice",
                            "name": "CITY SECURITY SERVICE"
                        }
                    ]
                },
                {
                    "id": "188189.0",
                    "date": "2023-03-07 12:41",
                    "status": "Rejected-AOC",
                    "tenderers": [
                        {
                            "id": "dolphinsecurityandadvertising",
                            "name": "Dolphin Security and Advertising"
                        }
                    ]
                },
                {
                    "id": "188821.0",
                    "date": "2023-03-07 14:18",
                    "status": "Rejected-Technical",
                    "tenderers": [
                        {
                            "id": "group5",
                            "name": "Group5"
                        }
                    ]
                },
                {
                    "id": "188666.0",
                    "date": "2023-01-07 19:31",
                    "status": "Rejected-Technical",
                    "tenderers": [
                        {
                            "id": "jobeastin",
                            "name": "JOBEAST.IN"
                        }
                    ]
                },
                {
                    "id": "188747.0",
                    "date": "2023-02-07 20:08",
                    "status": "Rejected-Technical",
                    "tenderers": [
                        {
                            "id": "legendssecurityandplacementservice",
                            "name": "Legends Security and Placement Service"
                        }
                    ]
                },
                {
                    "id": "187381.0",
                    "date": "2023-15-06 19:29",
                    "status": "Rejected-Technical",
                    "tenderers": [
                        {
                            "id": "marcossecurityforceindiapvtltd",
                            "name": "MARCOS SECURITY FORCE INDIA PVT LTD"
                        }
                    ]
                },
                {
                    "id": "188762.0",
                    "date": "2023-02-07 12:09",
                    "status": "Rejected-Technical",
                    "tenderers": [
                        {
                            "id": "robokopsprivatelimited",
                            "name": "ROBOKOPS PRIVATE LIMITED"
                        }
                    ]
                },
                {
                    "id": "188864.0",
                    "date": "2023-03-07 15:05",
                    "status": "Rejected-Technical",
                    "tenderers": [
                        {
                            "id": "samannaysecurityservice",
                            "name": "SAMANNAY SECURITY SERVICE"
                        }
                    ]
                },
                {
                    "id": "188852.0",
                    "date": "2023-03-07 15:09",
                    "status": "Rejected-AOC",
                    "tenderers": [
                        {
                            "id": "vssecuritysystemsprivatelimited",
                            "name": "VS SECURITY & SYSTEMS PRIVATE LIMITED"
                        }
                    ]
                },
                {
                    "id": "188661.0",
                    "date": "2023-03-07 10:15",
                    "status": "Accepted-AOC",
                    "tenderers": [
                        {
                            "id": "northeasternsecurityservicenesspvtltd",
                            "name": "North Eastern Security Service (NESS) Pvt. Ltd."
                        }
                    ]
                }
            ]
        }
    ],
    "statistics": [
        {
            "id": "1",
            "value": 3123263.0,
            "currency": "INR",
            "measure": "contractValue"
        }
    ],
    "awards": [
        {
            "id": 1,
            "description": "Work is allotted to L1 bidder as per QCBS standing.",
            "value": [
                {
                    "amount": 3123263.0,
                    "currency": "INR"
                }
            ],
            "suppliers": [
                {
                    "id": "northeasternsecurityservicenesspvtltd",
                    "name": "North Eastern Security Service (NESS) Pvt. Ltd."
                }
            ],
            "contractPeriod": [
                {
                    "startDate": "2024-01-04",
                    "durationInDays": 365
                }
            ]
        },
        {
            "id": 2,
            "value": [
                {
                    "amount": "312326324",
                    "currency": "INR"
                }
            ]
        }
    ]
}