{
    "ocid": "ocds-f5kvwu-2023_BoTC_34930_1",
    "id": "1",
    "date": "2024-11-27",
    "tag": [
        "tender"
    ],
    "initiationType": "tender",
    "parties": [
        {
            "id": "bodolandterritorialcouncil",
            "name": "Bodoland Territorial Council",
            "roles": [
                "buyer"
            ]
        },
        {
            "id": "brajendeka",
            "name": "BRAJEN DEKA",
            "roles": [
                "tenderer",
                "supplier"
            ]
        },
        {
            "id": "sridipankarmali",
            "name": "Sri Dipankar Mali",
            "roles": [
                "tenderer"
            ]
        },
        {
            "id": "srikhanangoyari",
            "name": "Sri Khanan Goyari",
            "roles": [
                "tenderer"
            ]
        },
        {
            "id": "cahirmanudalgurimunicipalboard",
            "name": "Cahirman, Udalguri Municipal Board",
            "address": [
                {
                    "streetAddress": "O/o the Cahirman, Udalguri Municipal Board"
                }
            ],
            "roles": [
                "procuringEntity"
            ]
        }
    ],
    "buyer": [
        {
            "name": "Bodoland Territorial Council",
            "id": "bodolandterritorialcouncil"
        }
    ],
    "tender": [
        {
            "id": "2023_BoTC_34930_1",
            "identifiers": [
                {
                    "id": "BTC/UMB/01/2023",
                    "scheme": "external"
                }
            ],
            "title": "Construction of Passage was with ICBP within the weekly market at Ward No 05 of Udalguri Municipal Board",
            "description": "Construction of Passage was with ICBP within the weekly market at Ward No 05 of Udalguri Municipal Board",
            "datePublished": "2023-22-12 15:00",
            "contractType": "Tender",
            "submissionTerms": [
                {
                    "allowPreferentialBidder": "No",
                    "allowMultiCurrencyFee": "No",
                    "allowMultiCurrencyBQQ": "No",
                    "bidValidityPeriod": [
                        {
                            "durationInDays": 180
                        }
                    ]
                }
            ],
            "procuringEntity": [
                {
                    "name": "Cahirman, Udalguri Municipal Board",
                    "id": "cahirmanudalgurimunicipalboard"
                }
            ],
            "items": [
                {
                    "id": "01",
                    "classification": [
                        {
                            "description": "Civil Works"
                        }
                    ],
                    "additionalClassifications": [
                        {
                            "description": "Work Item Details > Subcategory"
                        }
                    ],
                    "deliveryAddresses": [
                        {
                            "postalCode": "784509.0",
                            "streetAddress": "Udalguri"
                        }
                    ]
                }
            ],
            "value": [
                {
                    "amount": 2535600.0,
                    "currency": "INR"
                }
            ],
            "procurementMethod": "Open Tender",
            "mainProcurementCategory": "Works",
            "tenderPeriod": [
                {
                    "startDate": "2023-22-12 15:00",
                    "endDate": "2024-08-01 15:00",
                    "durationInDays": 17
                }
            ],
            "enquiryPeriod": [
                {
                    "startDate": "2023-22-12 15:00",
                    "endDate": "2024-08-01 15:00",
                    "durationInDays": 17
                }
            ],
            "contractPeriod": [
                {
                    "durationInDays": 180
                }
            ],
            "communication": [
                {
                    "id": 1,
                    "documentAvailabilityPeriod": [
                        {
                            "startDate": "2023-22-12 15:00",
                            "endDate": "2024-08-01 15:00"
                        }
                    ]
                }
            ],
            "bidOpening": [
                {
                    "date": "2024-08-01 15:30",
                    "address": [
                        {
                            "streetAddress": "O/o the Cahirman, Udalguri Municipal Board"
                        }
                    ]
                }
            ],
            "participationFees": [
                {
                    "id": "01",
                    "value": [
                        {
                            "amount": 500.0,
                            "currency": "INR"
                        }
                    ],
                    "description": "Nil"
                }
            ],
            "numberOfTenderers": 4,
            "milestones": [
                {
                    "id": "1",
                    "title": "Published Date",
                    "type": "Pre-procurement milestones",
                    "dueDate": "2023-22-12 15:00"
                },
                {
                    "id": "2",
                    "title": "Document Download / Sale Start Date",
                    "type": "Pre-procurement milestones",
                    "dueDate": "2023-22-12 15:00"
                },
                {
                    "id": "3",
                    "title": "Clarification Start Date",
                    "type": "Pre-procurement milestones",
                    "dueDate": "2023-22-12 15:00"
                },
                {
                    "id": "4",
                    "title": "Bid Submission Start Date",
                    "type": "Pre-procurement milestones",
                    "dueDate": "2023-22-12 15:00"
                },
                {
                    "id": "5",
                    "title": "Bid Opening Date",
                    "type": "Pre-procurement milestones",
                    "dueDate": "2024-08-01 15:30"
                },
                {
                    "id": "6",
                    "title": "Document Download / Sale End Date",
                    "type": "Pre-procurement milestones",
                    "dueDate": "2024-08-01 15:00"
                },
                {
                    "id": "7",
                    "title": "Clarification End Date",
                    "type": "Pre-procurement milestones",
                    "dueDate": "2024-08-01 15:00"
                },
                {
                    "id": "8",
                    "title": "Bid Submission End Date",
                    "type": "Pre-procurement milestones",
                    "dueDate": "2024-08-01 15:00"
                },
                {
                    "id": "9",
                    "title": "Financial Bid Opening Date",
                    "type": "Pre-procurement milestones",
                    "dueDate": "2024-12-01 11:25"
                }
            ],
            "fiscalYear": "2023-2024"
        }
    ],
    "bids": [
        {
            "id": 1,
            "details": [
                {
                    "id": "218134.0",
                    "date": "2024-06-01 12:25",
                    "status": "Rejected-Technical",
                    "tenderers": [
                        {
                            "id": "sridipankarmali",
                            "name": "Sri Dipankar Mali"
                        }
                    ]
                },
                {
                    "id": "218466.0",
                    "date": "2024-06-01 12:30",
                    "status": "Rejected-Finance",
                    "tenderers": [
                        {
                            "id": "srikhanangoyari",
                            "name": "Sri Khanan Goyari"
                        }
                    ]
                },
                {
                    "id": "218123.0",
                    "date": "2024-06-01 12:39",
                    "status": "Accepted-AOC",
                    "tenderers": [
                        {
                            "id": "brajendeka",
                            "name": "BRAJEN DEKA"
                        }
                    ]
                }
            ]
        }
    ],
    "statistics": [
        {
            "id": "1",
            "value": 2515593.4,
            "currency": "INR",
            "measure": "contractValue"
        }
    ],
    "awards": [
        {
            "id": 1,
            "description": "L1 bidder",
            "value": [
                {
                    "amount": 2515593.4,
                    "currency": "INR"
                }
            ],
            "suppliers": [
                {
                    "id": "brajendeka",
                    "name": "BRAJEN DEKA"
                }
            ],
            "contractPeriod": [
                {
                    "startDate": "2024-10-05",
                    "durationInDays": 180
                }
            ]
        },
        {
            "id": 2,
            "value": [
                {
                    "amount": "25155934",
                    "currency": "INR"
                }
            ]
        }
    ]
}