{
    "ocid": "ocds-f5kvwu-2023_BoTC_33927_1",
    "id": "1",
    "date": "2024-11-27",
    "tag": [
        "tender"
    ],
    "initiationType": "tender",
    "parties": [
        {
            "id": "bodolandterritorialcouncil",
            "name": "Bodoland Territorial Council",
            "roles": [
                "buyer"
            ]
        },
        {
            "id": "hemanhainari",
            "name": "HEMAN HAINARI",
            "roles": [
                "tenderer",
                "supplier"
            ]
        },
        {
            "id": "krishnanarzari",
            "name": "KRISHNA NARZARI",
            "roles": [
                "tenderer"
            ]
        },
        {
            "id": "subhashbasumatary",
            "name": "SUBHASH BASUMATARY",
            "roles": [
                "tenderer"
            ]
        },
        {
            "id": "directorpnrdbtckokrajhar",
            "name": "Director PNRD BTC Kokrajhar",
            "address": [
                {
                    "streetAddress": "Director PNRD BTC Kokrajhar"
                }
            ],
            "roles": [
                "procuringEntity"
            ]
        }
    ],
    "buyer": [
        {
            "name": "Bodoland Territorial Council",
            "id": "bodolandterritorialcouncil"
        }
    ],
    "tender": [
        {
            "id": "2023_BoTC_33927_1",
            "identifiers": [
                {
                    "id": "DPRD/BTC/(15th FC)UT(IV)/Udl-02/2023/08",
                    "scheme": "external"
                }
            ],
            "title": "Const of CC Block from Rowta Gate to Hadanguri village under 15th ASFC, Untied for the year 2022-23.",
            "description": "DPRD/BTC/(15th FC)UT(IV)/Udl-02/2023/08",
            "datePublished": "2023-14-11 10:30",
            "contractType": "Tender",
            "submissionTerms": [
                {
                    "allowPreferentialBidder": "No",
                    "allowMultiCurrencyFee": "No",
                    "allowMultiCurrencyBQQ": "No",
                    "bidValidityPeriod": [
                        {
                            "durationInDays": 180
                        }
                    ]
                }
            ],
            "procuringEntity": [
                {
                    "name": "Director PNRD BTC Kokrajhar",
                    "id": "directorpnrdbtckokrajhar"
                }
            ],
            "items": [
                {
                    "id": "01",
                    "classification": [
                        {
                            "description": "Civil Works"
                        }
                    ],
                    "additionalClassifications": [
                        {
                            "description": "Work Item Details > Subcategory"
                        }
                    ],
                    "deliveryAddresses": [
                        {
                            "postalCode": "784507.0",
                            "streetAddress": "Mazbat"
                        }
                    ]
                }
            ],
            "value": [
                {
                    "amount": 5749118.0,
                    "currency": "INR"
                }
            ],
            "procurementMethod": "Open Tender",
            "mainProcurementCategory": "Item Rate",
            "tenderPeriod": [
                {
                    "startDate": "2023-14-11 10:30",
                    "endDate": "2023-05-12 14:30",
                    "durationInDays": 21
                }
            ],
            "enquiryPeriod": [
                {
                    "startDate": "2023-14-11 10:30",
                    "endDate": "2023-05-12 14:00",
                    "durationInDays": 21
                }
            ],
            "contractPeriod": [
                {
                    "durationInDays": 90
                }
            ],
            "communication": [
                {
                    "id": 1,
                    "documentAvailabilityPeriod": [
                        {
                            "startDate": "2023-14-11 10:30",
                            "endDate": "2023-05-12 14:30"
                        }
                    ]
                }
            ],
            "bidOpening": [
                {
                    "date": "2023-06-12 14:30",
                    "address": [
                        {
                            "streetAddress": "Director PNRD BTC Kokrajhar"
                        }
                    ]
                }
            ],
            "participationFees": [
                {
                    "id": "01",
                    "value": [
                        {
                            "amount": 1150.0,
                            "currency": "INR"
                        }
                    ],
                    "description": "Nil"
                }
            ],
            "numberOfTenderers": 5,
            "milestones": [
                {
                    "id": "1",
                    "title": "Published Date",
                    "type": "Pre-procurement milestones",
                    "dueDate": "2023-14-11 10:30"
                },
                {
                    "id": "2",
                    "title": "Document Download / Sale Start Date",
                    "type": "Pre-procurement milestones",
                    "dueDate": "2023-14-11 10:30"
                },
                {
                    "id": "3",
                    "title": "Clarification Start Date",
                    "type": "Pre-procurement milestones",
                    "dueDate": "2023-14-11 10:30"
                },
                {
                    "id": "4",
                    "title": "Bid Submission Start Date",
                    "type": "Pre-procurement milestones",
                    "dueDate": "2023-14-11 10:30"
                },
                {
                    "id": "5",
                    "title": "Bid Opening Date",
                    "type": "Pre-procurement milestones",
                    "dueDate": "2023-06-12 14:30"
                },
                {
                    "id": "6",
                    "title": "Document Download / Sale End Date",
                    "type": "Pre-procurement milestones",
                    "dueDate": "2023-05-12 14:30"
                },
                {
                    "id": "7",
                    "title": "Clarification End Date",
                    "type": "Pre-procurement milestones",
                    "dueDate": "2023-05-12 14:00"
                },
                {
                    "id": "8",
                    "title": "Bid Submission End Date",
                    "type": "Pre-procurement milestones",
                    "dueDate": "2023-05-12 14:30"
                },
                {
                    "id": "9",
                    "title": "Financial Bid Opening Date",
                    "type": "Pre-procurement milestones",
                    "dueDate": "2024-05-01 09:30"
                }
            ],
            "fiscalYear": "2023-2024"
        }
    ],
    "bids": [
        {
            "id": 1,
            "details": [
                {
                    "id": "213905.0",
                    "date": "2023-04-12 15:05",
                    "status": "Rejected-AOC",
                    "tenderers": [
                        {
                            "id": "krishnanarzari",
                            "name": "KRISHNA NARZARI"
                        }
                    ]
                },
                {
                    "id": "213912.0",
                    "date": "2023-04-12 15:18",
                    "status": "Rejected-AOC",
                    "tenderers": [
                        {
                            "id": "subhashbasumatary",
                            "name": "SUBHASH BASUMATARY"
                        }
                    ]
                },
                {
                    "id": "213900.0",
                    "date": "2023-04-12 18:39",
                    "status": "Accepted-AOC",
                    "tenderers": [
                        {
                            "id": "hemanhainari",
                            "name": "HEMAN HAINARI"
                        }
                    ]
                }
            ]
        }
    ],
    "statistics": [
        {
            "id": "1",
            "value": 5800000.0,
            "currency": "INR",
            "measure": "contractValue"
        }
    ],
    "awards": [
        {
            "id": 1,
            "description": "Const of CC Block from Rowta Gate to Hadanguri village under 15th ASFC, Untied for the year 2022-23",
            "value": [
                {
                    "amount": 5800000.0,
                    "currency": "INR"
                }
            ],
            "suppliers": [
                {
                    "id": "hemanhainari",
                    "name": "HEMAN HAINARI"
                }
            ],
            "contractPeriod": [
                {
                    "startDate": "2024-09-01",
                    "durationInDays": 90
                }
            ]
        },
        {
            "id": 2,
            "value": [
                {
                    "amount": "5749117",
                    "currency": "INR"
                }
            ]
        }
    ]
}