{
    "ocid": "ocds-f5kvwu-2023_BTC_33647_1",
    "id": "1",
    "date": "2024-11-27",
    "tag": [
        "tender"
    ],
    "initiationType": "tender",
    "parties": [
        {
            "id": "bodolandterritorialcouncilpwd",
            "name": "Bodoland Territorial Council-PWD",
            "roles": [
                "buyer"
            ]
        },
        {
            "id": "bistimushahary",
            "name": "BISTI MUSHAHARY",
            "roles": [
                "tenderer"
            ]
        },
        {
            "id": "krishnadas",
            "name": "KRISHNA DAS",
            "roles": [
                "tenderer"
            ]
        },
        {
            "id": "msbarmanenterprise",
            "name": "M/S BARMAN ENTERPRISE",
            "roles": [
                "tenderer",
                "supplier"
            ]
        },
        {
            "id": "ranjanboro",
            "name": "RANJAN BORO",
            "roles": [
                "tenderer"
            ]
        },
        {
            "id": "theaddlchiefengineercumdirectorpwdbtc",
            "name": "The Addl. Chief Engineer cum Director, PWD, BTC",
            "address": [
                {
                    "streetAddress": "O/oThe Addl. Chief Engineer cum Director, PWD, BTC"
                }
            ],
            "roles": [
                "procuringEntity"
            ]
        }
    ],
    "buyer": [
        {
            "name": "Bodoland Territorial Council-PWD",
            "id": "bodolandterritorialcouncilpwd"
        }
    ],
    "tender": [
        {
            "id": "2023_BTC_33647_1",
            "identifiers": [
                {
                    "id": "ACE-150/PWD/NIT/Goodwill/23-24",
                    "scheme": "external"
                }
            ],
            "title": "Construction of Road from Dash Mile Highway Chowk to Kalbari Dakhin Hati Kalbagan under CMs Goodwill Mission Project for the year 2023-24. TN_26_57",
            "description": "Construction of Road from Dash Mile Highway Chowk to Kalbari Dakhin Hati Kalbagan under CMs Goodwill Mission Project for the year 2023-24. TN_26_57",
            "datePublished": "2023-08-11 10:00",
            "contractType": "Tender",
            "submissionTerms": [
                {
                    "allowPreferentialBidder": "No",
                    "allowMultiCurrencyFee": "No",
                    "allowMultiCurrencyBQQ": "No",
                    "bidValidityPeriod": [
                        {
                            "durationInDays": 180
                        }
                    ]
                }
            ],
            "procuringEntity": [
                {
                    "name": "The Addl. Chief Engineer cum Director, PWD, BTC",
                    "id": "theaddlchiefengineercumdirectorpwdbtc"
                }
            ],
            "items": [
                {
                    "id": "01",
                    "classification": [
                        {
                            "description": "Civil Works \u2013 Roads"
                        }
                    ],
                    "additionalClassifications": [
                        {
                            "description": "Work Item Details > Subcategory"
                        }
                    ],
                    "deliveryAddresses": [
                        {
                            "postalCode": "783217.0",
                            "streetAddress": "Baksa"
                        }
                    ]
                }
            ],
            "value": [
                {
                    "amount": 25189984.0,
                    "currency": "INR"
                }
            ],
            "procurementMethod": "Open Tender",
            "mainProcurementCategory": "Works",
            "tenderPeriod": [
                {
                    "startDate": "2023-08-11 10:00",
                    "endDate": "2023-01-12 13:30",
                    "durationInDays": 23
                }
            ],
            "enquiryPeriod": [
                {
                    "startDate": "2023-08-11 10:00",
                    "endDate": "2023-30-11 12:00",
                    "durationInDays": 22
                }
            ],
            "contractPeriod": [
                {
                    "durationInDays": 365
                }
            ],
            "communication": [
                {
                    "id": 1,
                    "documentAvailabilityPeriod": [
                        {
                            "startDate": "2023-08-11 10:00",
                            "endDate": "2023-01-12 13:30"
                        }
                    ]
                }
            ],
            "bidOpening": [
                {
                    "date": "2023-01-12 14:00",
                    "address": [
                        {
                            "streetAddress": "O/oThe Addl. Chief Engineer cum Director, PWD, BTC"
                        }
                    ]
                }
            ],
            "participationFees": [
                {
                    "id": "01",
                    "value": [
                        {
                            "amount": 5100.0,
                            "currency": "INR"
                        }
                    ],
                    "description": "Nil"
                }
            ],
            "numberOfTenderers": 5,
            "milestones": [
                {
                    "id": "1",
                    "title": "Published Date",
                    "type": "Pre-procurement milestones",
                    "dueDate": "2023-08-11 10:00"
                },
                {
                    "id": "2",
                    "title": "Document Download / Sale Start Date",
                    "type": "Pre-procurement milestones",
                    "dueDate": "2023-08-11 10:00"
                },
                {
                    "id": "3",
                    "title": "Clarification Start Date",
                    "type": "Pre-procurement milestones",
                    "dueDate": "2023-08-11 10:00"
                },
                {
                    "id": "4",
                    "title": "Bid Submission Start Date",
                    "type": "Pre-procurement milestones",
                    "dueDate": "2023-08-11 10:00"
                },
                {
                    "id": "5",
                    "title": "Bid Opening Date",
                    "type": "Pre-procurement milestones",
                    "dueDate": "2023-01-12 14:00"
                },
                {
                    "id": "6",
                    "title": "Document Download / Sale End Date",
                    "type": "Pre-procurement milestones",
                    "dueDate": "2023-01-12 13:30"
                },
                {
                    "id": "7",
                    "title": "Clarification End Date",
                    "type": "Pre-procurement milestones",
                    "dueDate": "2023-30-11 12:00"
                },
                {
                    "id": "8",
                    "title": "Bid Submission End Date",
                    "type": "Pre-procurement milestones",
                    "dueDate": "2023-01-12 13:30"
                },
                {
                    "id": "9",
                    "title": "Financial Bid Opening Date",
                    "type": "Pre-procurement milestones",
                    "dueDate": "2024-11-01 16:45"
                }
            ],
            "fiscalYear": "2023-2024"
        }
    ],
    "bids": [
        {
            "id": 1,
            "details": [
                {
                    "id": "213625.0",
                    "date": "2023-01-12 02:21",
                    "status": "Not Admitted-Fee/PreQual/Technical",
                    "tenderers": [
                        {
                            "id": "bistimushahary",
                            "name": "BISTI MUSHAHARY"
                        }
                    ]
                },
                {
                    "id": "213256.0",
                    "date": "2023-01-12 09:34",
                    "status": "Rejected-AOC",
                    "tenderers": [
                        {
                            "id": "krishnadas",
                            "name": "KRISHNA DAS"
                        }
                    ]
                },
                {
                    "id": "213799.0",
                    "date": "2023-01-12 11:48",
                    "status": "Rejected-Technical",
                    "tenderers": [
                        {
                            "id": "ranjanboro",
                            "name": "RANJAN BORO"
                        }
                    ]
                },
                {
                    "id": "213258.0",
                    "date": "2023-01-12 09:53",
                    "status": "Accepted-AOC",
                    "tenderers": [
                        {
                            "id": "msbarmanenterprise",
                            "name": "M/S BARMAN ENTERPRISE"
                        }
                    ]
                }
            ]
        }
    ],
    "statistics": [
        {
            "id": "1",
            "value": 25189802.2,
            "currency": "INR",
            "measure": "contractValue"
        }
    ],
    "awards": [
        {
            "id": 1,
            "description": "Work Order",
            "value": [
                {
                    "amount": 25189802.2,
                    "currency": "INR"
                }
            ],
            "suppliers": [
                {
                    "id": "msbarmanenterprise",
                    "name": "M/S BARMAN ENTERPRISE"
                }
            ],
            "contractPeriod": [
                {
                    "startDate": "2024-19-02",
                    "durationInDays": 365
                }
            ]
        },
        {
            "id": 2,
            "value": [
                {
                    "amount": "251898022",
                    "currency": "INR"
                }
            ]
        }
    ]
}