{
    "ocid": "ocds-f5kvwu-2023_BoTC_34846_1",
    "id": "1",
    "date": "2024-11-27",
    "tag": [
        "tender"
    ],
    "initiationType": "tender",
    "parties": [
        {
            "id": "bodolandterritorialcouncil",
            "name": "Bodoland Territorial Council",
            "roles": [
                "buyer"
            ]
        },
        {
            "id": "dharamsingnarzary",
            "name": "DHARAMSING NARZARY",
            "roles": [
                "tenderer"
            ]
        },
        {
            "id": "mskmyenterprise",
            "name": "M/S K.M.Y ENTERPRISE",
            "roles": [
                "tenderer",
                "supplier"
            ]
        },
        {
            "id": "pinkunarzary",
            "name": "PINKU NARZARY",
            "roles": [
                "tenderer"
            ]
        },
        {
            "id": "thesepwdkjrbldgcirclekjr",
            "name": "the S.E, PWD, Kjr Bldg Circle, Kjr",
            "address": [
                {
                    "streetAddress": "O/o the S.E, PWD, Kjr Bldg Circle, Kjr"
                }
            ],
            "roles": [
                "procuringEntity"
            ]
        }
    ],
    "buyer": [
        {
            "name": "Bodoland Territorial Council",
            "id": "bodolandterritorialcouncil"
        }
    ],
    "tender": [
        {
            "id": "2023_BoTC_34846_1",
            "identifiers": [
                {
                    "id": "No. TECH- 05/SE(B)/E-Tender",
                    "scheme": "external"
                }
            ],
            "title": "Construction of Staff Quarter, Brick Boundary wall and Pucca Approach Road at Bamunjuli Mini PHC in Udalguri District. 530-5",
            "description": "Construction of Staff Quarter, Brick Boundary wall and Pucca Approach Road at Bamunjuli Mini PHC in Udalguri District. 530-5",
            "datePublished": "2023-20-12 10:00",
            "contractType": "Tender",
            "submissionTerms": [
                {
                    "allowPreferentialBidder": "No",
                    "allowMultiCurrencyFee": "No",
                    "allowMultiCurrencyBQQ": "No",
                    "bidValidityPeriod": [
                        {
                            "durationInDays": 180
                        }
                    ]
                }
            ],
            "procuringEntity": [
                {
                    "name": "the S.E, PWD, Kjr Bldg Circle, Kjr",
                    "id": "thesepwdkjrbldgcirclekjr"
                }
            ],
            "items": [
                {
                    "id": "01",
                    "classification": [
                        {
                            "description": "Civil Works - Building"
                        }
                    ],
                    "additionalClassifications": [
                        {
                            "description": "Work Item Details > Subcategory"
                        }
                    ],
                    "deliveryAddresses": [
                        {
                            "postalCode": "784509.0",
                            "streetAddress": "udalguri"
                        }
                    ]
                }
            ],
            "value": [
                {
                    "amount": 3067999.0,
                    "currency": "INR"
                }
            ],
            "procurementMethod": "Open Tender",
            "mainProcurementCategory": "Item Rate",
            "tenderPeriod": [
                {
                    "startDate": "2023-20-12 10:00",
                    "endDate": "2024-11-01 13:00",
                    "durationInDays": 22
                }
            ],
            "enquiryPeriod": [
                {
                    "startDate": "2023-20-12 10:00",
                    "endDate": "2023-27-12 13:00",
                    "durationInDays": 7
                }
            ],
            "contractPeriod": [
                {
                    "durationInDays": 180
                }
            ],
            "communication": [
                {
                    "id": 1,
                    "documentAvailabilityPeriod": [
                        {
                            "startDate": "2023-20-12 10:00",
                            "endDate": "2024-11-01 13:00"
                        }
                    ]
                }
            ],
            "bidOpening": [
                {
                    "date": "2024-11-01 13:30",
                    "address": [
                        {
                            "streetAddress": "O/o the S.E, PWD, Kjr Bldg Circle, Kjr"
                        }
                    ]
                }
            ],
            "participationFees": [
                {
                    "id": "01",
                    "value": [
                        {
                            "amount": 1000.0,
                            "currency": "INR"
                        }
                    ],
                    "description": "Nil"
                }
            ],
            "numberOfTenderers": 5,
            "milestones": [
                {
                    "id": "1",
                    "title": "Published Date",
                    "type": "Pre-procurement milestones",
                    "dueDate": "2023-20-12 10:00"
                },
                {
                    "id": "2",
                    "title": "Document Download / Sale Start Date",
                    "type": "Pre-procurement milestones",
                    "dueDate": "2023-20-12 10:00"
                },
                {
                    "id": "3",
                    "title": "Clarification Start Date",
                    "type": "Pre-procurement milestones",
                    "dueDate": "2023-20-12 10:00"
                },
                {
                    "id": "4",
                    "title": "Bid Submission Start Date",
                    "type": "Pre-procurement milestones",
                    "dueDate": "2023-20-12 10:00"
                },
                {
                    "id": "5",
                    "title": "Bid Opening Date",
                    "type": "Pre-procurement milestones",
                    "dueDate": "2024-11-01 13:30"
                },
                {
                    "id": "6",
                    "title": "Document Download / Sale End Date",
                    "type": "Pre-procurement milestones",
                    "dueDate": "2024-11-01 13:00"
                },
                {
                    "id": "7",
                    "title": "Clarification End Date",
                    "type": "Pre-procurement milestones",
                    "dueDate": "2023-27-12 13:00"
                },
                {
                    "id": "8",
                    "title": "Bid Submission End Date",
                    "type": "Pre-procurement milestones",
                    "dueDate": "2024-11-01 13:00"
                },
                {
                    "id": "9",
                    "title": "Financial Bid Opening Date",
                    "type": "Pre-procurement milestones",
                    "dueDate": "2024-19-01 18:00"
                }
            ],
            "fiscalYear": "2023-2024"
        }
    ],
    "bids": [
        {
            "id": 1,
            "details": [
                {
                    "id": "220347.0",
                    "date": "2024-11-01 12:17",
                    "status": "Rejected-AOC",
                    "tenderers": [
                        {
                            "id": "dharamsingnarzary",
                            "name": "DHARAMSING NARZARY"
                        }
                    ]
                },
                {
                    "id": "220350.0",
                    "date": "2024-11-01 12:45",
                    "status": "Rejected-AOC",
                    "tenderers": [
                        {
                            "id": "pinkunarzary",
                            "name": "PINKU NARZARY"
                        }
                    ]
                },
                {
                    "id": "220344.0",
                    "date": "2024-11-01 11:56",
                    "status": "Accepted-AOC",
                    "tenderers": [
                        {
                            "id": "mskmyenterprise",
                            "name": "M/S K.M.Y ENTERPRISE"
                        }
                    ]
                }
            ]
        }
    ],
    "statistics": [
        {
            "id": "1",
            "value": 3067829.94,
            "currency": "INR",
            "measure": "contractValue"
        }
    ],
    "awards": [
        {
            "id": 1,
            "description": "Work Order",
            "value": [
                {
                    "amount": 3067829.94,
                    "currency": "INR"
                }
            ],
            "suppliers": [
                {
                    "id": "mskmyenterprise",
                    "name": "M/S K.M.Y ENTERPRISE"
                }
            ],
            "contractPeriod": [
                {
                    "startDate": "2024-10-02",
                    "durationInDays": 180
                }
            ]
        },
        {
            "id": 2,
            "value": [
                {
                    "amount": "306782994",
                    "currency": "INR"
                }
            ]
        }
    ]
}