{
    "ocid": "ocds-f5kvwu-2023_AHVD_30402_5",
    "id": "1",
    "date": "2024-11-27",
    "tag": [
        "tender"
    ],
    "initiationType": "tender",
    "parties": [
        {
            "id": "animalhusbandryandveterinarydepartment",
            "name": "Animal Husbandry and Veterinary Department",
            "roles": [
                "buyer"
            ]
        },
        {
            "id": "apurbakumardeka",
            "name": "apurba kumar deka",
            "roles": [
                "tenderer"
            ]
        },
        {
            "id": "balenroymedhi",
            "name": "Balen Roy Medhi",
            "roles": [
                "tenderer"
            ]
        },
        {
            "id": "bubuluddinahmed",
            "name": "Bubul Uddin Ahmed",
            "roles": [
                "tenderer"
            ]
        },
        {
            "id": "evergreenenterprise",
            "name": "Evergreen Enterprise",
            "roles": [
                "tenderer"
            ]
        },
        {
            "id": "ganeshdas",
            "name": "GANESH DAS",
            "roles": [
                "tenderer"
            ]
        },
        {
            "id": "msoriententerprise",
            "name": "M/s Orient Enterprise",
            "roles": [
                "tenderer"
            ]
        },
        {
            "id": "nuralom",
            "name": "Nur Alom",
            "roles": [
                "tenderer"
            ]
        },
        {
            "id": "srihemantakumarborah",
            "name": "SRI HEMANTA KUMAR BORAH",
            "roles": [
                "tenderer",
                "supplier"
            ]
        },
        {
            "id": "director",
            "name": "DIRECTOR",
            "address": [
                {
                    "streetAddress": "OFFICE OF THE DIRECTOR, ANIMAL HUSBANDRY AND VETERINARY DEPARTMENT, ASSAM CHENIKUTHI, GUWAHATI -3"
                }
            ],
            "roles": [
                "procuringEntity"
            ]
        }
    ],
    "buyer": [
        {
            "name": "Animal Husbandry and Veterinary Department",
            "id": "animalhusbandryandveterinarydepartment"
        }
    ],
    "tender": [
        {
            "id": "2023_AHVD_30402_5",
            "identifiers": [
                {
                    "id": "DVT-223/RIDF-XXVII (S)Nalbari/2022-23/9",
                    "scheme": "external"
                }
            ],
            "title": "Construction of Assam Type Sub-Centre Building with electrification,Water supply and sanitary works etc. at HATI NAHARBARI in Nalbari District.",
            "description": "Construction of Assam Type Sub- Centre Building with electrification, Water supply and sanitary works etc. at NAHARBARI in Nalbari District.",
            "datePublished": "2023-06-04 18:00",
            "contractType": "Tender",
            "submissionTerms": [
                {
                    "allowPreferentialBidder": "No",
                    "allowMultiCurrencyFee": "No",
                    "allowMultiCurrencyBQQ": "No",
                    "bidValidityPeriod": [
                        {
                            "durationInDays": 180
                        }
                    ]
                }
            ],
            "procuringEntity": [
                {
                    "name": "DIRECTOR",
                    "id": "director"
                }
            ],
            "items": [
                {
                    "id": "01",
                    "classification": [
                        {
                            "description": "Civil Works"
                        }
                    ],
                    "additionalClassifications": [
                        {
                            "description": "Work Item Details > Subcategory"
                        }
                    ],
                    "deliveryAddresses": [
                        {
                            "postalCode": "781369.0",
                            "streetAddress": "NALBARI"
                        }
                    ]
                }
            ],
            "value": [
                {
                    "amount": 3371000.0,
                    "currency": "INR"
                }
            ],
            "procurementMethod": "Open Tender",
            "mainProcurementCategory": "Item Rate",
            "tenderPeriod": [
                {
                    "startDate": "2023-06-04 18:00",
                    "endDate": "2023-28-04 14:00",
                    "durationInDays": 21
                }
            ],
            "contractPeriod": [
                {
                    "durationInDays": 120
                }
            ],
            "communication": [
                {
                    "id": 1,
                    "documentAvailabilityPeriod": [
                        {
                            "startDate": "2023-06-04 18:00",
                            "endDate": "2023-28-04 14:00"
                        }
                    ]
                }
            ],
            "bidOpening": [
                {
                    "date": "2023-29-04 14:30",
                    "address": [
                        {
                            "streetAddress": "O/O THE DIRECTOR, AHVD, ASSAM, GHY-03"
                        }
                    ]
                }
            ],
            "participationFees": [
                {
                    "id": "01",
                    "value": [
                        {
                            "amount": 1200.0,
                            "currency": "INR"
                        }
                    ],
                    "description": "Nil"
                }
            ],
            "numberOfTenderers": 9,
            "milestones": [
                {
                    "id": "1",
                    "title": "Published Date",
                    "type": "Pre-procurement milestones",
                    "dueDate": "2023-06-04 18:00"
                },
                {
                    "id": "2",
                    "title": "Document Download / Sale Start Date",
                    "type": "Pre-procurement milestones",
                    "dueDate": "2023-06-04 18:00"
                },
                {
                    "id": "3",
                    "title": "Bid Submission Start Date",
                    "type": "Pre-procurement milestones",
                    "dueDate": "2023-13-04 12:00"
                },
                {
                    "id": "4",
                    "title": "Bid Opening Date",
                    "type": "Pre-procurement milestones",
                    "dueDate": "2023-29-04 14:30"
                },
                {
                    "id": "5",
                    "title": "Document Download / Sale End Date",
                    "type": "Pre-procurement milestones",
                    "dueDate": "2023-28-04 14:00"
                },
                {
                    "id": "6",
                    "title": "Bid Submission End Date",
                    "type": "Pre-procurement milestones",
                    "dueDate": "2023-28-04 14:00"
                },
                {
                    "id": "7",
                    "title": "Financial Bid Opening Date",
                    "type": "Pre-procurement milestones",
                    "dueDate": "2023-01-08 17:00"
                }
            ],
            "fiscalYear": "2022-2023"
        }
    ],
    "bids": [
        {
            "id": 1,
            "details": [
                {
                    "id": "184949.0",
                    "date": "2023-27-04 19:40",
                    "status": "Rejected-Finance",
                    "tenderers": [
                        {
                            "id": "apurbakumardeka",
                            "name": "apurba kumar deka"
                        }
                    ]
                },
                {
                    "id": "184562.0",
                    "date": "2023-27-04 20:10",
                    "status": "Rejected-Finance",
                    "tenderers": [
                        {
                            "id": "balenroymedhi",
                            "name": "Balen Roy Medhi"
                        }
                    ]
                },
                {
                    "id": "184720.0",
                    "date": "2023-27-04 18:51",
                    "status": "Rejected-Finance",
                    "tenderers": [
                        {
                            "id": "bubuluddinahmed",
                            "name": "Bubul Uddin Ahmed"
                        }
                    ]
                },
                {
                    "id": "184422.0",
                    "date": "2023-28-04 13:16",
                    "status": "Rejected-Finance",
                    "tenderers": [
                        {
                            "id": "evergreenenterprise",
                            "name": "Evergreen Enterprise"
                        }
                    ]
                },
                {
                    "id": "185000.0",
                    "date": "2023-28-04 13:13",
                    "status": "Rejected-Technical",
                    "tenderers": [
                        {
                            "id": "ganeshdas",
                            "name": "GANESH DAS"
                        }
                    ]
                },
                {
                    "id": "184938.0",
                    "date": "2023-28-04 13:28",
                    "status": "Rejected-Technical",
                    "tenderers": [
                        {
                            "id": "msoriententerprise",
                            "name": "M/s Orient Enterprise"
                        }
                    ]
                },
                {
                    "id": "184062.0",
                    "date": "2023-27-04 17:42",
                    "status": "Rejected-Finance",
                    "tenderers": [
                        {
                            "id": "nuralom",
                            "name": "Nur Alom"
                        }
                    ]
                },
                {
                    "id": "184533.0",
                    "date": "2023-28-04 13:05",
                    "status": "Accepted-AOC",
                    "tenderers": [
                        {
                            "id": "srihemantakumarborah",
                            "name": "SRI HEMANTA KUMAR BORAH"
                        }
                    ]
                }
            ]
        }
    ],
    "statistics": [
        {
            "id": "1",
            "value": 2646187.58,
            "currency": "INR",
            "measure": "contractValue"
        }
    ],
    "awards": [
        {
            "id": 1,
            "value": [
                {
                    "amount": 2646187.58,
                    "currency": "INR"
                }
            ],
            "suppliers": [
                {
                    "id": "srihemantakumarborah",
                    "name": "SRI HEMANTA KUMAR BORAH"
                }
            ],
            "contractPeriod": [
                {
                    "startDate": "2024-25-01",
                    "durationInDays": 180
                }
            ]
        },
        {
            "id": 2,
            "value": [
                {
                    "amount": "264618758",
                    "currency": "INR"
                }
            ]
        }
    ]
}