{
    "ocid": "ocds-f5kvwu-2023_BoTC_33083_1",
    "id": "1",
    "date": "2024-11-27",
    "tag": [
        "tender"
    ],
    "initiationType": "tender",
    "parties": [
        {
            "id": "bodolandterritorialcouncil",
            "name": "Bodoland Territorial Council",
            "roles": [
                "buyer"
            ]
        },
        {
            "id": "harmahanmushahary",
            "name": "Harmahan Mushahary",
            "roles": [
                "tenderer"
            ]
        },
        {
            "id": "srimanojnarzary",
            "name": "Sri Manoj Narzary",
            "roles": [
                "tenderer",
                "supplier"
            ]
        },
        {
            "id": "sriprafullabrahma",
            "name": "SRI PRAFULLA BRAHMA",
            "roles": [
                "tenderer"
            ]
        },
        {
            "id": "directorpnrdbtckokrajhar",
            "name": "Director PNRD BTC Kokrajhar",
            "address": [
                {
                    "streetAddress": "Director PNRD BTC Kokrajhar"
                }
            ],
            "roles": [
                "procuringEntity"
            ]
        }
    ],
    "buyer": [
        {
            "name": "Bodoland Territorial Council",
            "id": "bodolandterritorialcouncil"
        }
    ],
    "tender": [
        {
            "id": "2023_BoTC_33083_1",
            "identifiers": [
                {
                    "id": "DPRD/BTC/(6th ASFC)-160/2023/13",
                    "scheme": "external"
                }
            ],
            "title": "Const of road with CC Block at Naodrabil Village under 6th ASFC for the year 2020-21 during 2023-24.",
            "description": "DPRD/BTC/(6th ASFC)-160/2023/13",
            "datePublished": "2023-16-10 10:30",
            "contractType": "Tender",
            "submissionTerms": [
                {
                    "allowPreferentialBidder": "No",
                    "allowMultiCurrencyFee": "No",
                    "allowMultiCurrencyBQQ": "No",
                    "bidValidityPeriod": [
                        {
                            "durationInDays": 180
                        }
                    ]
                }
            ],
            "procuringEntity": [
                {
                    "name": "Director PNRD BTC Kokrajhar",
                    "id": "directorpnrdbtckokrajhar"
                }
            ],
            "items": [
                {
                    "id": "01",
                    "classification": [
                        {
                            "description": "Civil Works"
                        }
                    ],
                    "additionalClassifications": [
                        {
                            "description": "Work Item Details > Subcategory"
                        }
                    ],
                    "deliveryAddresses": [
                        {
                            "postalCode": "783347.0",
                            "streetAddress": "Dotma"
                        }
                    ]
                }
            ],
            "value": [
                {
                    "amount": 8911762.0,
                    "currency": "INR"
                }
            ],
            "procurementMethod": "Open Tender",
            "mainProcurementCategory": "Item Rate",
            "tenderPeriod": [
                {
                    "startDate": "2023-16-10 10:30",
                    "endDate": "2023-07-11 14:30",
                    "durationInDays": 22
                }
            ],
            "enquiryPeriod": [
                {
                    "startDate": "2023-16-10 10:30",
                    "endDate": "2023-07-11 14:00",
                    "durationInDays": 22
                }
            ],
            "contractPeriod": [
                {
                    "durationInDays": 180
                }
            ],
            "communication": [
                {
                    "id": 1,
                    "documentAvailabilityPeriod": [
                        {
                            "startDate": "2023-16-10 10:30",
                            "endDate": "2023-07-11 14:30"
                        }
                    ]
                }
            ],
            "bidOpening": [
                {
                    "date": "2023-08-11 14:30",
                    "address": [
                        {
                            "streetAddress": "Director PNRD BTC Kokrajhar"
                        }
                    ]
                }
            ],
            "participationFees": [
                {
                    "id": "01",
                    "value": [
                        {
                            "amount": 1800.0,
                            "currency": "INR"
                        }
                    ],
                    "description": "Nil"
                }
            ],
            "numberOfTenderers": 5,
            "milestones": [
                {
                    "id": "1",
                    "title": "Published Date",
                    "type": "Pre-procurement milestones",
                    "dueDate": "2023-16-10 10:30"
                },
                {
                    "id": "2",
                    "title": "Document Download / Sale Start Date",
                    "type": "Pre-procurement milestones",
                    "dueDate": "2023-16-10 10:30"
                },
                {
                    "id": "3",
                    "title": "Clarification Start Date",
                    "type": "Pre-procurement milestones",
                    "dueDate": "2023-16-10 10:30"
                },
                {
                    "id": "4",
                    "title": "Bid Submission Start Date",
                    "type": "Pre-procurement milestones",
                    "dueDate": "2023-16-10 10:30"
                },
                {
                    "id": "5",
                    "title": "Bid Opening Date",
                    "type": "Pre-procurement milestones",
                    "dueDate": "2023-08-11 14:30"
                },
                {
                    "id": "6",
                    "title": "Document Download / Sale End Date",
                    "type": "Pre-procurement milestones",
                    "dueDate": "2023-07-11 14:30"
                },
                {
                    "id": "7",
                    "title": "Clarification End Date",
                    "type": "Pre-procurement milestones",
                    "dueDate": "2023-07-11 14:00"
                },
                {
                    "id": "8",
                    "title": "Bid Submission End Date",
                    "type": "Pre-procurement milestones",
                    "dueDate": "2023-07-11 14:30"
                },
                {
                    "id": "9",
                    "title": "Financial Bid Opening Date",
                    "type": "Pre-procurement milestones",
                    "dueDate": "2023-28-11 11:35"
                }
            ],
            "fiscalYear": "2023-2024"
        }
    ],
    "bids": [
        {
            "id": 1,
            "details": [
                {
                    "id": "207407.0",
                    "date": "2023-07-11 10:51",
                    "status": "Not Admitted-Fee/PreQual/Technical",
                    "tenderers": [
                        {
                            "id": "harmahanmushahary",
                            "name": "Harmahan Mushahary"
                        }
                    ]
                },
                {
                    "id": "207408.0",
                    "date": "2023-07-11 10:45",
                    "status": "Rejected-AOC",
                    "tenderers": [
                        {
                            "id": "sriprafullabrahma",
                            "name": "SRI PRAFULLA BRAHMA"
                        }
                    ]
                },
                {
                    "id": "207406.0",
                    "date": "2023-07-11 10:40",
                    "status": "Accepted-AOC",
                    "tenderers": [
                        {
                            "id": "srimanojnarzary",
                            "name": "Sri Manoj Narzary"
                        }
                    ]
                }
            ]
        }
    ],
    "statistics": [
        {
            "id": "1",
            "value": 9000000.0,
            "currency": "INR",
            "measure": "contractValue"
        }
    ],
    "awards": [
        {
            "id": 1,
            "description": "Const of road with CC Block at Naodrabil Village under 6th ASFC for the year 2020-21 during 2023-24.",
            "value": [
                {
                    "amount": 9000000.0,
                    "currency": "INR"
                }
            ],
            "suppliers": [
                {
                    "id": "srimanojnarzary",
                    "name": "Sri Manoj Narzary"
                }
            ],
            "contractPeriod": [
                {
                    "startDate": "2024-02-01",
                    "durationInDays": 90
                }
            ]
        },
        {
            "id": 2,
            "value": [
                {
                    "amount": "891176232",
                    "currency": "INR"
                }
            ]
        }
    ]
}