{
    "ocid": "ocds-f5kvwu-2023_BoTC_32434_1",
    "id": "1",
    "date": "2024-11-27",
    "tag": [
        "tender"
    ],
    "initiationType": "tender",
    "parties": [
        {
            "id": "bodolandterritorialcouncil",
            "name": "Bodoland Territorial Council",
            "roles": [
                "buyer"
            ]
        },
        {
            "id": "4bitsolutions",
            "name": "4B IT SOLUTIONS",
            "roles": [
                "tenderer"
            ]
        },
        {
            "id": "arthylearningandimplementationprivatelimited",
            "name": "Arthy Learning And Implementation Private Limited",
            "roles": [
                "tenderer"
            ]
        },
        {
            "id": "digitalomaprivatelimited",
            "name": "DIGITALOMA PRIVATE LIMITED",
            "roles": [
                "tenderer",
                "supplier"
            ]
        },
        {
            "id": "rourwtwnbasumatary",
            "name": "Rourwtwn Basumatary",
            "roles": [
                "tenderer"
            ]
        },
        {
            "id": "directorofagriculturebtckokrajhar",
            "name": "Director of Agriculture, BTC, Kokrajhar",
            "address": [
                {
                    "streetAddress": "O/o the Director of Agriculture, BTC, Kokrajhar"
                }
            ],
            "roles": [
                "procuringEntity"
            ]
        }
    ],
    "buyer": [
        {
            "name": "Bodoland Territorial Council",
            "id": "bodolandterritorialcouncil"
        }
    ],
    "tender": [
        {
            "id": "2023_BoTC_32434_1",
            "identifiers": [
                {
                    "id": "DA/BTC/K/e-Tender/2023-24/28",
                    "scheme": "external"
                }
            ],
            "title": "Farmers Data Collection and online entry in all VCDCs of Baksa District and 5 VCDCs each in 3 other Districts of BTC Viz.- Kokrajhar, Chirang and Udalguri under SOPD for the year 2023-24.",
            "description": "Farmers Data Collection and online entry in all VCDCs of Baksa District and 5 VCDCs each in 3 other Districts of BTC Viz.- Kokrajhar, Chirang and Udalguri under SOPD for the year 2023-24.",
            "datePublished": "2023-11-09 10:00",
            "contractType": "Tender",
            "submissionTerms": [
                {
                    "allowPreferentialBidder": "No",
                    "allowMultiCurrencyFee": "No",
                    "allowMultiCurrencyBQQ": "No",
                    "bidValidityPeriod": [
                        {
                            "durationInDays": 90
                        }
                    ]
                }
            ],
            "procuringEntity": [
                {
                    "name": "Director of Agriculture, BTC, Kokrajhar",
                    "id": "directorofagriculturebtckokrajhar"
                }
            ],
            "items": [
                {
                    "id": "01",
                    "classification": [
                        {
                            "description": "Survey"
                        }
                    ],
                    "additionalClassifications": [
                        {
                            "description": "Work Item Details > Subcategory"
                        }
                    ],
                    "deliveryAddresses": [
                        {
                            "postalCode": "783370.0",
                            "streetAddress": "O/o the Director of Agriculture, BTC, Kokrajhar"
                        }
                    ]
                }
            ],
            "value": [
                {
                    "amount": 5000000.0,
                    "currency": "INR"
                }
            ],
            "procurementMethod": "Open Tender",
            "mainProcurementCategory": "Works",
            "tenderPeriod": [
                {
                    "startDate": "2023-11-09 10:00",
                    "endDate": "2023-26-09 14:00",
                    "durationInDays": 15
                }
            ],
            "enquiryPeriod": [
                {
                    "startDate": "2023-11-09 10:00",
                    "endDate": "2023-26-09 14:00",
                    "durationInDays": 15
                }
            ],
            "contractPeriod": [
                {
                    "durationInDays": 60
                }
            ],
            "communication": [
                {
                    "id": 1,
                    "documentAvailabilityPeriod": [
                        {
                            "startDate": "2023-11-09 10:00",
                            "endDate": "2023-26-09 14:00"
                        }
                    ]
                }
            ],
            "bidOpening": [
                {
                    "date": "2023-26-09 15:00",
                    "address": [
                        {
                            "streetAddress": "O/o the Director of Agriculture, BTC, Kokrajhar"
                        }
                    ]
                }
            ],
            "participationFees": [
                {
                    "id": "01",
                    "value": [
                        {
                            "amount": 1000.0,
                            "currency": "INR"
                        }
                    ],
                    "description": "Nil"
                }
            ],
            "numberOfTenderers": 5,
            "milestones": [
                {
                    "id": "1",
                    "title": "Published Date",
                    "type": "Pre-procurement milestones",
                    "dueDate": "2023-11-09 10:00"
                },
                {
                    "id": "2",
                    "title": "Document Download / Sale Start Date",
                    "type": "Pre-procurement milestones",
                    "dueDate": "2023-11-09 10:00"
                },
                {
                    "id": "3",
                    "title": "Clarification Start Date",
                    "type": "Pre-procurement milestones",
                    "dueDate": "2023-11-09 10:00"
                },
                {
                    "id": "4",
                    "title": "Bid Submission Start Date",
                    "type": "Pre-procurement milestones",
                    "dueDate": "2023-11-09 10:00"
                },
                {
                    "id": "5",
                    "title": "Bid Opening Date",
                    "type": "Pre-procurement milestones",
                    "dueDate": "2023-26-09 15:00"
                },
                {
                    "id": "6",
                    "title": "Document Download / Sale End Date",
                    "type": "Pre-procurement milestones",
                    "dueDate": "2023-26-09 14:00"
                },
                {
                    "id": "7",
                    "title": "Clarification End Date",
                    "type": "Pre-procurement milestones",
                    "dueDate": "2023-26-09 14:00"
                },
                {
                    "id": "8",
                    "title": "Bid Submission End Date",
                    "type": "Pre-procurement milestones",
                    "dueDate": "2023-26-09 14:00"
                },
                {
                    "id": "9",
                    "title": "Financial Bid Opening Date",
                    "type": "Pre-procurement milestones",
                    "dueDate": "2023-29-09 12:00"
                }
            ],
            "fiscalYear": "2023-2024"
        }
    ],
    "bids": [
        {
            "id": 1,
            "details": [
                {
                    "id": "202229.0",
                    "date": "2023-24-09 19:25",
                    "status": "Rejected-Finance",
                    "tenderers": [
                        {
                            "id": "4bitsolutions",
                            "name": "4B IT SOLUTIONS"
                        }
                    ]
                },
                {
                    "id": "200335.0",
                    "date": "2023-26-09 11:37",
                    "status": "Rejected-Technical",
                    "tenderers": [
                        {
                            "id": "arthylearningandimplementationprivatelimited",
                            "name": "Arthy Learning And Implementation Private Limited"
                        }
                    ]
                },
                {
                    "id": "202226.0",
                    "date": "2023-24-09 20:09",
                    "status": "Rejected-Finance",
                    "tenderers": [
                        {
                            "id": "rourwtwnbasumatary",
                            "name": "Rourwtwn Basumatary"
                        }
                    ]
                },
                {
                    "id": "202204.0",
                    "date": "2023-24-09 13:55",
                    "status": "Accepted-AOC",
                    "tenderers": [
                        {
                            "id": "digitalomaprivatelimited",
                            "name": "DIGITALOMA PRIVATE LIMITED"
                        }
                    ]
                }
            ]
        }
    ],
    "statistics": [
        {
            "id": "1",
            "value": 5000000.0,
            "currency": "INR",
            "measure": "contractValue"
        }
    ],
    "awards": [
        {
            "id": 1,
            "description": "Award of Contract",
            "value": [
                {
                    "amount": 5000000.0,
                    "currency": "INR"
                }
            ],
            "suppliers": [
                {
                    "id": "digitalomaprivatelimited",
                    "name": "DIGITALOMA PRIVATE LIMITED"
                }
            ],
            "contractPeriod": [
                {
                    "startDate": "2023-21-11",
                    "durationInDays": 60
                }
            ]
        },
        {
            "id": 2,
            "value": [
                {
                    "amount": "4994267",
                    "currency": "INR"
                }
            ]
        }
    ]
}