{
    "ocid": "ocds-f5kvwu-2023_BoTC_30529_12",
    "id": "1",
    "date": "2024-11-27",
    "tag": [
        "tender"
    ],
    "initiationType": "tender",
    "parties": [
        {
            "id": "bodolandterritorialcouncil",
            "name": "Bodoland Territorial Council",
            "roles": [
                "buyer"
            ]
        },
        {
            "id": "binoddaimari",
            "name": "BINOD DAIMARI",
            "roles": [
                "tenderer"
            ]
        },
        {
            "id": "deepakchandramandal",
            "name": "DEEPAK CHANDRA MANDAL",
            "roles": [
                "tenderer"
            ]
        },
        {
            "id": "fareastbuildersco",
            "name": "Fareast Builders & Co.",
            "roles": [
                "tenderer"
            ]
        },
        {
            "id": "mrbabulbaglary",
            "name": "MR BABUL BAGLARY",
            "roles": [
                "tenderer",
                "supplier"
            ]
        },
        {
            "id": "natsakeeincorporation",
            "name": "Natsakee Incorporation",
            "roles": [
                "tenderer"
            ]
        },
        {
            "id": "nelsonbasumatary",
            "name": "NELSON BASUMATARY",
            "roles": [
                "tenderer"
            ]
        },
        {
            "id": "sriswgwmsardaimary",
            "name": "SRI SWGWMSAR DAIMARY",
            "roles": [
                "tenderer",
                "supplier"
            ]
        },
        {
            "id": "chdirrigationbtckokrajhar",
            "name": "CHD, Irrigation, BTC, Kokrajhar",
            "address": [
                {
                    "streetAddress": "CHD, Irrigation, BTC, Kokrajhar"
                }
            ],
            "roles": [
                "procuringEntity"
            ]
        }
    ],
    "buyer": [
        {
            "name": "Bodoland Territorial Council",
            "id": "bodolandterritorialcouncil"
        }
    ],
    "tender": [
        {
            "id": "2023_BoTC_30529_12",
            "identifiers": [
                {
                    "id": "CHDI/ ET-24/2022-23/12",
                    "scheme": "external"
                }
            ],
            "title": "Samuapara Hudukanda FIS at Honglabasti under PMKSY-HKKP for the year 2021-2022 (Canal 0-500m)",
            "description": "Samuapara Hudukanda FIS at Honglabasti under PMKSY-HKKP for the year 2021-2022 (Canal 0-500m)",
            "datePublished": "2023-18-04 12:00",
            "contractType": "Tender",
            "submissionTerms": [
                {
                    "allowPreferentialBidder": "No",
                    "allowMultiCurrencyFee": "No",
                    "allowMultiCurrencyBQQ": "No",
                    "bidValidityPeriod": [
                        {
                            "durationInDays": 180
                        }
                    ]
                }
            ],
            "procuringEntity": [
                {
                    "name": "CHD, Irrigation, BTC, Kokrajhar",
                    "id": "chdirrigationbtckokrajhar"
                }
            ],
            "items": [
                {
                    "id": "01",
                    "classification": [
                        {
                            "description": "Civil Works"
                        }
                    ],
                    "additionalClassifications": [
                        {
                            "description": "Work Item Details > Subcategory"
                        }
                    ],
                    "deliveryAddresses": [
                        {
                            "postalCode": "784509.0",
                            "streetAddress": "Udalguri"
                        }
                    ]
                }
            ],
            "value": [
                {
                    "amount": 11327958.0,
                    "currency": "INR"
                }
            ],
            "procurementMethod": "Open Tender",
            "mainProcurementCategory": "Works",
            "tenderPeriod": [
                {
                    "startDate": "2023-18-04 12:00",
                    "endDate": "2023-11-05 14:00",
                    "durationInDays": 23
                }
            ],
            "contractPeriod": [
                {
                    "durationInDays": 365
                }
            ],
            "communication": [
                {
                    "id": 1,
                    "documentAvailabilityPeriod": [
                        {
                            "startDate": "2023-18-04 12:00",
                            "endDate": "2023-11-05 14:00"
                        }
                    ]
                }
            ],
            "bidOpening": [
                {
                    "date": "2023-11-05 15:00",
                    "address": [
                        {
                            "streetAddress": "Kokrajhar"
                        }
                    ]
                }
            ],
            "participationFees": [
                {
                    "id": "01",
                    "value": [
                        {
                            "amount": 2300.0,
                            "currency": "INR"
                        }
                    ],
                    "description": "Nil"
                }
            ],
            "numberOfTenderers": 8,
            "milestones": [
                {
                    "id": "1",
                    "title": "Published Date",
                    "type": "Pre-procurement milestones",
                    "dueDate": "2023-18-04 12:00"
                },
                {
                    "id": "2",
                    "title": "Document Download / Sale Start Date",
                    "type": "Pre-procurement milestones",
                    "dueDate": "2023-18-04 12:00"
                },
                {
                    "id": "3",
                    "title": "Bid Submission Start Date",
                    "type": "Pre-procurement milestones",
                    "dueDate": "2023-24-04 10:00"
                },
                {
                    "id": "4",
                    "title": "Bid Opening Date",
                    "type": "Pre-procurement milestones",
                    "dueDate": "2023-11-05 15:00"
                },
                {
                    "id": "5",
                    "title": "Document Download / Sale End Date",
                    "type": "Pre-procurement milestones",
                    "dueDate": "2023-11-05 14:00"
                },
                {
                    "id": "6",
                    "title": "Bid Submission End Date",
                    "type": "Pre-procurement milestones",
                    "dueDate": "2023-11-05 14:00"
                },
                {
                    "id": "7",
                    "title": "Financial Bid Opening Date",
                    "type": "Pre-procurement milestones",
                    "dueDate": "2023-13-06 11:05"
                }
            ],
            "fiscalYear": "2022-2023"
        }
    ],
    "bids": [
        {
            "id": 1,
            "details": [
                {
                    "id": "185156.0",
                    "date": "2023-10-05 10:54",
                    "status": "Rejected-Finance",
                    "tenderers": [
                        {
                            "id": "binoddaimari",
                            "name": "BINOD DAIMARI"
                        }
                    ]
                },
                {
                    "id": "185601.0",
                    "date": "2023-10-05 20:11",
                    "status": "Rejected-Finance",
                    "tenderers": [
                        {
                            "id": "deepakchandramandal",
                            "name": "DEEPAK CHANDRA MANDAL"
                        }
                    ]
                },
                {
                    "id": "185563.0",
                    "date": "2023-10-05 14:39",
                    "status": "Rejected-Finance",
                    "tenderers": [
                        {
                            "id": "fareastbuildersco",
                            "name": "Fareast Builders & Co."
                        }
                    ]
                },
                {
                    "id": "185574.0",
                    "date": "2023-11-05 11:17",
                    "status": "Rejected-Finance",
                    "tenderers": [
                        {
                            "id": "natsakeeincorporation",
                            "name": "Natsakee Incorporation"
                        }
                    ]
                },
                {
                    "id": "185587.0",
                    "date": "2023-10-05 18:54",
                    "status": "Rejected-Finance",
                    "tenderers": [
                        {
                            "id": "nelsonbasumatary",
                            "name": "NELSON BASUMATARY"
                        }
                    ]
                },
                {
                    "id": "185612.0",
                    "date": "2023-10-05 21:07",
                    "status": "Accepted-AOC",
                    "tenderers": [
                        {
                            "id": "mrbabulbaglary",
                            "name": "MR BABUL BAGLARY"
                        }
                    ]
                },
                {
                    "id": "185621.0",
                    "date": "2023-11-05 12:36",
                    "status": "Accepted-AOC",
                    "tenderers": [
                        {
                            "id": "sriswgwmsardaimary",
                            "name": "SRI SWGWMSAR DAIMARY"
                        }
                    ]
                }
            ]
        }
    ],
    "statistics": [
        {
            "id": "1",
            "value": 10195146.0,
            "currency": "INR",
            "measure": "contractValue"
        }
    ],
    "awards": [
        {
            "id": 1,
            "value": [
                {
                    "amount": 10195146.0,
                    "currency": "INR"
                }
            ],
            "suppliers": [
                {
                    "id": "sriswgwmsardaimary",
                    "name": "SRI SWGWMSAR DAIMARY"
                },
                {
                    "id": "mrbabulbaglary",
                    "name": "MR BABUL BAGLARY"
                }
            ],
            "contractPeriod": [
                {
                    "startDate": "2024-16-03",
                    "durationInDays": 365
                }
            ]
        },
        {
            "id": 2,
            "value": [
                {
                    "amount": "7992991",
                    "currency": "INR"
                }
            ]
        }
    ]
}