{
    "ocid": "ocds-f5kvwu-2023_BoTC_34735_1",
    "id": "1",
    "date": "2024-11-27",
    "tag": [
        "tender"
    ],
    "initiationType": "tender",
    "parties": [
        {
            "id": "bodolandterritorialcouncil",
            "name": "Bodoland Territorial Council",
            "roles": [
                "buyer"
            ]
        },
        {
            "id": "dharamsingnarzary",
            "name": "DHARAMSING NARZARY",
            "roles": [
                "tenderer"
            ]
        },
        {
            "id": "jugalagarwala",
            "name": "JUGAL AGARWALA",
            "roles": [
                "tenderer",
                "supplier"
            ]
        },
        {
            "id": "pinkunarzary",
            "name": "PINKU NARZARY",
            "roles": [
                "tenderer"
            ]
        },
        {
            "id": "sekhaninchboro",
            "name": "S.E Khanin Ch. Boro",
            "address": [
                {
                    "streetAddress": "O/o the SE PWD Kokrajhar Bldg Circle Kokrajhar"
                }
            ],
            "roles": [
                "procuringEntity"
            ]
        }
    ],
    "buyer": [
        {
            "name": "Bodoland Territorial Council",
            "id": "bodolandterritorialcouncil"
        }
    ],
    "tender": [
        {
            "id": "2023_BoTC_34735_1",
            "identifiers": [
                {
                    "id": "TECH- 17/SE(B)/E-Tender/2021-22/20",
                    "scheme": "external"
                }
            ],
            "title": "Vertical extension of Girls Hostel of Chirang Polytechnic, Bijni, Chirang under SOPD_G during for the year 2023_24.TN_610",
            "description": "Vertical extension of Girls Hostel of Chirang Polytechnic, Bijni, Chirang under SOPD_G during for the year 2023_24.TN_610",
            "datePublished": "2023-15-12 16:00",
            "contractType": "Tender",
            "submissionTerms": [
                {
                    "allowPreferentialBidder": "No",
                    "allowMultiCurrencyFee": "No",
                    "allowMultiCurrencyBQQ": "No",
                    "bidValidityPeriod": [
                        {
                            "durationInDays": 180
                        }
                    ]
                }
            ],
            "procuringEntity": [
                {
                    "name": "S.E Khanin Ch. Boro",
                    "id": "sekhaninchboro"
                }
            ],
            "items": [
                {
                    "id": "01",
                    "classification": [
                        {
                            "description": "Civil Works - Building"
                        }
                    ],
                    "additionalClassifications": [
                        {
                            "description": "Work Item Details > Subcategory"
                        }
                    ],
                    "deliveryAddresses": [
                        {
                            "postalCode": "783372.0",
                            "streetAddress": "Chirang"
                        }
                    ]
                }
            ],
            "value": [
                {
                    "amount": 13503783.0,
                    "currency": "INR"
                }
            ],
            "procurementMethod": "Open Tender",
            "mainProcurementCategory": "Works",
            "tenderPeriod": [
                {
                    "startDate": "2023-15-12 16:00",
                    "endDate": "2024-04-01 13:00",
                    "durationInDays": 19
                }
            ],
            "enquiryPeriod": [
                {
                    "startDate": "2023-16-12 11:00",
                    "endDate": "2024-04-01 12:00",
                    "durationInDays": 19
                }
            ],
            "contractPeriod": [
                {
                    "durationInDays": 180
                }
            ],
            "communication": [
                {
                    "id": 1,
                    "documentAvailabilityPeriod": [
                        {
                            "startDate": "2023-15-12 16:00",
                            "endDate": "2024-04-01 13:00"
                        }
                    ]
                }
            ],
            "bidOpening": [
                {
                    "date": "2024-05-01 13:00",
                    "address": [
                        {
                            "streetAddress": "O/o the SE PWD Kokrajhar Bldg Circle Kokrajhar"
                        }
                    ]
                }
            ],
            "participationFees": [
                {
                    "id": "01",
                    "value": [
                        {
                            "amount": 4052.0,
                            "currency": "INR"
                        }
                    ],
                    "description": "Nil"
                }
            ],
            "numberOfTenderers": 5,
            "milestones": [
                {
                    "id": "1",
                    "title": "Published Date",
                    "type": "Pre-procurement milestones",
                    "dueDate": "2023-15-12 16:00"
                },
                {
                    "id": "2",
                    "title": "Document Download / Sale Start Date",
                    "type": "Pre-procurement milestones",
                    "dueDate": "2023-15-12 16:00"
                },
                {
                    "id": "3",
                    "title": "Clarification Start Date",
                    "type": "Pre-procurement milestones",
                    "dueDate": "2023-16-12 11:00"
                },
                {
                    "id": "4",
                    "title": "Bid Submission Start Date",
                    "type": "Pre-procurement milestones",
                    "dueDate": "2023-16-12 11:00"
                },
                {
                    "id": "5",
                    "title": "Bid Opening Date",
                    "type": "Pre-procurement milestones",
                    "dueDate": "2024-05-01 13:00"
                },
                {
                    "id": "6",
                    "title": "Document Download / Sale End Date",
                    "type": "Pre-procurement milestones",
                    "dueDate": "2024-04-01 13:00"
                },
                {
                    "id": "7",
                    "title": "Clarification End Date",
                    "type": "Pre-procurement milestones",
                    "dueDate": "2024-04-01 12:00"
                },
                {
                    "id": "8",
                    "title": "Bid Submission End Date",
                    "type": "Pre-procurement milestones",
                    "dueDate": "2024-04-01 13:00"
                },
                {
                    "id": "9",
                    "title": "Financial Bid Opening Date",
                    "type": "Pre-procurement milestones",
                    "dueDate": "2024-10-01 12:40"
                }
            ],
            "fiscalYear": "2023-2024"
        }
    ],
    "bids": [
        {
            "id": 1,
            "details": [
                {
                    "id": "218671.0",
                    "date": "2024-04-01 00:34",
                    "status": "Rejected-AOC",
                    "tenderers": [
                        {
                            "id": "dharamsingnarzary",
                            "name": "DHARAMSING NARZARY"
                        }
                    ]
                },
                {
                    "id": "218673.0",
                    "date": "2024-04-01 00:28",
                    "status": "Rejected-AOC",
                    "tenderers": [
                        {
                            "id": "pinkunarzary",
                            "name": "PINKU NARZARY"
                        }
                    ]
                },
                {
                    "id": "218670.0",
                    "date": "2024-03-01 23:55",
                    "status": "Accepted-AOC",
                    "tenderers": [
                        {
                            "id": "jugalagarwala",
                            "name": "JUGAL AGARWALA"
                        }
                    ]
                }
            ]
        }
    ],
    "statistics": [
        {
            "id": "1",
            "value": 13503509.0,
            "currency": "INR",
            "measure": "contractValue"
        }
    ],
    "awards": [
        {
            "id": 1,
            "description": "AOC",
            "value": [
                {
                    "amount": 13503509.0,
                    "currency": "INR"
                }
            ],
            "suppliers": [
                {
                    "id": "jugalagarwala",
                    "name": "JUGAL AGARWALA"
                }
            ],
            "contractPeriod": [
                {
                    "startDate": "2024-30-01",
                    "durationInDays": 180
                }
            ]
        },
        {
            "id": 2,
            "value": [
                {
                    "amount": "13503509",
                    "currency": "INR"
                }
            ]
        }
    ]
}