{
    "ocid": "ocds-f5kvwu-2023_AEGCL_34902_1",
    "id": "1",
    "date": "2024-11-27",
    "tag": [
        "tender"
    ],
    "initiationType": "tender",
    "parties": [
        {
            "id": "assamelectricitygridcorporationltd",
            "name": "Assam Electricity Grid Corporation Ltd",
            "roles": [
                "buyer"
            ]
        },
        {
            "id": "habiinfrastructure",
            "name": "HABI INFRASTRUCTURE",
            "roles": [
                "tenderer"
            ]
        },
        {
            "id": "hitechcorporation",
            "name": "HI-TECH CORPORATION",
            "roles": [
                "tenderer"
            ]
        },
        {
            "id": "msassamelectricstore",
            "name": "M/S Assam Electric Store",
            "roles": [
                "tenderer"
            ]
        },
        {
            "id": "psconstruction",
            "name": "P & S CONSTRUCTION",
            "roles": [
                "tenderer",
                "supplier"
            ]
        },
        {
            "id": "chiefgeneralmanagerppnd",
            "name": "Chief General Manager, PPnD",
            "address": [
                {
                    "streetAddress": "1st Floor, Bijulee Bhawan, Paltanbazar, Ghy-01"
                }
            ],
            "roles": [
                "procuringEntity"
            ]
        }
    ],
    "buyer": [
        {
            "name": "Assam Electricity Grid Corporation Ltd",
            "id": "assamelectricitygridcorporationltd"
        }
    ],
    "tender": [
        {
            "id": "2023_AEGCL_34902_1",
            "identifiers": [
                {
                    "id": "AEGCL/MD/Tech-1116/33kV Sishugram Bay",
                    "scheme": "external"
                }
            ],
            "title": "Turnkey Construction of one no. of 33kV feeder bay along with associated works at 132kV Sishugram GSS, AEGCL",
            "description": "Turnkey Construction of one no. of 33kV feeder bay along with associated works at 132kV Sishugram GSS, AEGCL",
            "datePublished": "2023-22-12 09:00",
            "contractType": "Tender",
            "submissionTerms": [
                {
                    "allowPreferentialBidder": "No",
                    "allowMultiCurrencyFee": "No",
                    "allowMultiCurrencyBQQ": "No",
                    "bidValidityPeriod": [
                        {
                            "durationInDays": 180
                        }
                    ]
                }
            ],
            "procuringEntity": [
                {
                    "name": "Chief General Manager, PPnD",
                    "id": "chiefgeneralmanagerppnd"
                }
            ],
            "items": [
                {
                    "id": "01",
                    "classification": [
                        {
                            "description": "Electrical Works"
                        }
                    ],
                    "additionalClassifications": [
                        {
                            "description": "Work Item Details > Subcategory"
                        }
                    ],
                    "deliveryAddresses": [
                        {
                            "postalCode": "781031.0",
                            "streetAddress": "132kV Sishugram GSS"
                        }
                    ]
                }
            ],
            "procurementMethod": "Open Tender",
            "mainProcurementCategory": "Turn-key",
            "tenderPeriod": [
                {
                    "startDate": "2023-22-12 09:00",
                    "endDate": "2024-22-01 12:00",
                    "durationInDays": 31
                }
            ],
            "contractPeriod": [
                {
                    "durationInDays": 300
                }
            ],
            "communication": [
                {
                    "id": 1,
                    "documentAvailabilityPeriod": [
                        {
                            "startDate": "2023-22-12 09:00",
                            "endDate": "2024-22-01 12:00"
                        }
                    ]
                }
            ],
            "bidOpening": [
                {
                    "date": "2024-24-01 14:00",
                    "address": [
                        {
                            "streetAddress": "1st Floor, Bijulee Bhawan, Paltanbazar, Ghy-01"
                        }
                    ]
                }
            ],
            "participationFees": [
                {
                    "id": "01",
                    "value": [
                        {
                            "amount": 1000.0,
                            "currency": "INR"
                        }
                    ],
                    "description": "Nil"
                }
            ],
            "numberOfTenderers": 9,
            "milestones": [
                {
                    "id": "1",
                    "title": "Published Date",
                    "type": "Pre-procurement milestones",
                    "dueDate": "2023-22-12 09:00"
                },
                {
                    "id": "2",
                    "title": "Document Download / Sale Start Date",
                    "type": "Pre-procurement milestones",
                    "dueDate": "2023-22-12 09:00"
                },
                {
                    "id": "3",
                    "title": "Bid Submission Start Date",
                    "type": "Pre-procurement milestones",
                    "dueDate": "2023-22-12 12:00"
                },
                {
                    "id": "4",
                    "title": "Bid Opening Date",
                    "type": "Pre-procurement milestones",
                    "dueDate": "2024-24-01 14:00"
                },
                {
                    "id": "5",
                    "title": "Document Download / Sale End Date",
                    "type": "Pre-procurement milestones",
                    "dueDate": "2024-22-01 12:00"
                },
                {
                    "id": "6",
                    "title": "Bid Submission End Date",
                    "type": "Pre-procurement milestones",
                    "dueDate": "2024-22-01 12:00"
                },
                {
                    "id": "7",
                    "title": "Financial Bid Opening Date",
                    "type": "Pre-procurement milestones",
                    "dueDate": "2024-11-03 12:00"
                }
            ],
            "fiscalYear": "2023-2024"
        }
    ],
    "bids": [
        {
            "id": 1,
            "details": [
                {
                    "id": "218164.0",
                    "date": "2024-22-01 02:30",
                    "status": "Rejected-Technical",
                    "tenderers": [
                        {
                            "id": "habiinfrastructure",
                            "name": "HABI INFRASTRUCTURE"
                        }
                    ]
                },
                {
                    "id": "221648.0",
                    "date": "2024-20-01 19:03",
                    "status": "Rejected-Finance",
                    "tenderers": [
                        {
                            "id": "hitechcorporation",
                            "name": "HI-TECH CORPORATION"
                        }
                    ]
                },
                {
                    "id": "221395.0",
                    "date": "2024-22-01 11:37",
                    "status": "Rejected-Finance",
                    "tenderers": [
                        {
                            "id": "msassamelectricstore",
                            "name": "M/S Assam Electric Store"
                        }
                    ]
                },
                {
                    "id": "221752.0",
                    "date": "2024-22-01 11:54",
                    "status": "Accepted-AOC",
                    "tenderers": [
                        {
                            "id": "psconstruction",
                            "name": "P & S CONSTRUCTION"
                        }
                    ]
                }
            ]
        }
    ],
    "statistics": [
        {
            "id": "1",
            "value": 17584453.0,
            "currency": "INR",
            "measure": "contractValue"
        }
    ],
    "awards": [
        {
            "id": 1,
            "description": "Contract value including GST",
            "value": [
                {
                    "amount": 17584453.0,
                    "currency": "INR"
                }
            ],
            "suppliers": [
                {
                    "id": "psconstruction",
                    "name": "P & S CONSTRUCTION"
                }
            ],
            "contractPeriod": [
                {
                    "startDate": "2024-12-06",
                    "durationInDays": 300
                }
            ]
        },
        {
            "id": 2,
            "value": [
                {
                    "amount": "17584453",
                    "currency": "INR"
                }
            ]
        }
    ]
}