{
    "ocid": "ocds-f5kvwu-2023_AAU_33867_1",
    "id": "1",
    "date": "2024-11-27",
    "tag": [
        "tender"
    ],
    "initiationType": "tender",
    "parties": [
        {
            "id": "assamagriculturaluniversity",
            "name": "Assam Agricultural University",
            "roles": [
                "buyer"
            ]
        },
        {
            "id": "amitabhchoudhury",
            "name": "Amitabh Choudhury",
            "roles": [
                "tenderer"
            ]
        },
        {
            "id": "apcongroup",
            "name": "APCON GROUP",
            "roles": [
                "tenderer",
                "supplier"
            ]
        },
        {
            "id": "padmavaticonstruction",
            "name": "PADMAVATI CONSTRUCTION",
            "roles": [
                "tenderer"
            ]
        },
        {
            "id": "directorofphysicalplantaaukhanapara",
            "name": "DIRECTOR OF PHYSICALPLANT,AAU,KHANAPARA",
            "address": [
                {
                    "streetAddress": "DIRECTORATE OF PHYSICALPLANT,AAU,KHANAPARA"
                }
            ],
            "roles": [
                "procuringEntity"
            ]
        }
    ],
    "buyer": [
        {
            "name": "Assam Agricultural University",
            "id": "assamagriculturaluniversity"
        }
    ],
    "tender": [
        {
            "id": "2023_AAU_33867_1",
            "identifiers": [
                {
                    "id": "AAU/DPK/2023-24/4489-97 DTD.06.11.2023",
                    "scheme": "external"
                }
            ],
            "title": "CONSTRUCTION OF G PLUS 2, SIX UNITS STAFF QTR AT SCSCA.BAHALPUR,DHUBRI for Assam Agricultural University at SCSCA,DHUBRI",
            "description": "CONSTRUCTION OF G PLUS 2, SIX UNITS STAFF QTR AT SCSCA.BAHALPUR,DHUBRI for Assam Agricultural University at SCSCA,DHUBRI",
            "datePublished": "2023-10-11 17:25",
            "contractType": "Tender",
            "submissionTerms": [
                {
                    "allowPreferentialBidder": "No",
                    "allowMultiCurrencyFee": "No",
                    "allowMultiCurrencyBQQ": "No",
                    "bidValidityPeriod": [
                        {
                            "durationInDays": 180
                        }
                    ]
                }
            ],
            "procuringEntity": [
                {
                    "name": "DIRECTOR OF PHYSICALPLANT,AAU,KHANAPARA",
                    "id": "directorofphysicalplantaaukhanapara"
                }
            ],
            "items": [
                {
                    "id": "01",
                    "classification": [
                        {
                            "description": "Construction Works"
                        }
                    ],
                    "additionalClassifications": [
                        {
                            "description": "Work Item Details > Subcategory"
                        }
                    ],
                    "deliveryAddresses": [
                        {
                            "postalCode": "783371.0",
                            "streetAddress": "SCSCA,DHUBRI"
                        }
                    ]
                }
            ],
            "value": [
                {
                    "amount": 24691380.0,
                    "currency": "INR"
                }
            ],
            "procurementMethod": "Open Tender",
            "mainProcurementCategory": "Percentage",
            "tenderPeriod": [
                {
                    "startDate": "2023-10-11 17:25",
                    "endDate": "2023-30-11 14:00",
                    "durationInDays": 19
                }
            ],
            "enquiryPeriod": [
                {
                    "startDate": "2023-10-11 17:25",
                    "endDate": "2023-22-11 10:30",
                    "durationInDays": 11
                }
            ],
            "contractPeriod": [
                {
                    "durationInDays": 365
                }
            ],
            "communication": [
                {
                    "id": 1,
                    "documentAvailabilityPeriod": [
                        {
                            "startDate": "2023-10-11 17:25",
                            "endDate": "2023-30-11 14:00"
                        }
                    ]
                }
            ],
            "bidOpening": [
                {
                    "date": "2023-30-11 16:00",
                    "address": [
                        {
                            "streetAddress": "DIRECTORATE OF PHYSICALPLANT,AAU,KHANAPARA"
                        }
                    ]
                }
            ],
            "participationFees": [
                {
                    "id": "01",
                    "value": [
                        {
                            "amount": 5000.0,
                            "currency": "INR"
                        }
                    ],
                    "description": "Nil"
                }
            ],
            "numberOfTenderers": 6,
            "milestones": [
                {
                    "id": "1",
                    "title": "Published Date",
                    "type": "Pre-procurement milestones",
                    "dueDate": "2023-10-11 17:25"
                },
                {
                    "id": "2",
                    "title": "Document Download / Sale Start Date",
                    "type": "Pre-procurement milestones",
                    "dueDate": "2023-10-11 17:25"
                },
                {
                    "id": "3",
                    "title": "Clarification Start Date",
                    "type": "Pre-procurement milestones",
                    "dueDate": "2023-10-11 17:25"
                },
                {
                    "id": "4",
                    "title": "Bid Submission Start Date",
                    "type": "Pre-procurement milestones",
                    "dueDate": "2023-10-11 17:25"
                },
                {
                    "id": "5",
                    "title": "Bid Opening Date",
                    "type": "Pre-procurement milestones",
                    "dueDate": "2023-30-11 16:00"
                },
                {
                    "id": "6",
                    "title": "Document Download / Sale End Date",
                    "type": "Pre-procurement milestones",
                    "dueDate": "2023-30-11 14:00"
                },
                {
                    "id": "7",
                    "title": "Clarification End Date",
                    "type": "Pre-procurement milestones",
                    "dueDate": "2023-22-11 10:30"
                },
                {
                    "id": "8",
                    "title": "Bid Submission End Date",
                    "type": "Pre-procurement milestones",
                    "dueDate": "2023-30-11 14:00"
                },
                {
                    "id": "9",
                    "title": "Financial Bid Opening Date",
                    "type": "Pre-procurement milestones",
                    "dueDate": "2023-09-12 12:35"
                }
            ],
            "fiscalYear": "2023-2024"
        }
    ],
    "bids": [
        {
            "id": 1,
            "details": [
                {
                    "id": "213598.0",
                    "date": "2023-30-11 11:51",
                    "status": "Rejected-Finance",
                    "tenderers": [
                        {
                            "id": "amitabhchoudhury",
                            "name": "Amitabh Choudhury"
                        }
                    ]
                },
                {
                    "id": "212605.0",
                    "date": "2023-30-11 02:29",
                    "status": "Not Admitted-Fee/PreQual/Technical",
                    "tenderers": [
                        {
                            "id": "padmavaticonstruction",
                            "name": "PADMAVATI CONSTRUCTION"
                        }
                    ]
                },
                {
                    "id": "212934.0",
                    "date": "2023-30-11 03:27",
                    "status": "Accepted-AOC",
                    "tenderers": [
                        {
                            "id": "apcongroup",
                            "name": "APCON GROUP"
                        }
                    ]
                }
            ]
        }
    ],
    "statistics": [
        {
            "id": "1",
            "value": 21785204.57,
            "currency": "INR",
            "measure": "contractValue"
        }
    ],
    "awards": [
        {
            "id": 1,
            "description": "FINANCIALLY RESPONSIVE BIDDER",
            "value": [
                {
                    "amount": 21785204.57,
                    "currency": "INR"
                }
            ],
            "suppliers": [
                {
                    "id": "apcongroup",
                    "name": "APCON GROUP"
                }
            ],
            "contractPeriod": [
                {
                    "startDate": "2024-05-01",
                    "durationInDays": 365
                }
            ]
        },
        {
            "id": 2,
            "value": [
                {
                    "amount": "2178520457",
                    "currency": "INR"
                }
            ]
        }
    ]
}