{
    "ocid": "ocds-f5kvwu-2023_AEGCL_31558_1",
    "id": "1",
    "date": "2024-11-27",
    "tag": [
        "tender"
    ],
    "initiationType": "tender",
    "parties": [
        {
            "id": "assamelectricitygridcorporationltd",
            "name": "Assam Electricity Grid Corporation Ltd",
            "roles": [
                "buyer"
            ]
        },
        {
            "id": "aradhanaagency",
            "name": "ARADHANA AGENCY",
            "roles": [
                "tenderer",
                "supplier"
            ]
        },
        {
            "id": "kiranelectronics",
            "name": "KIRAN ELECTRONICS",
            "roles": [
                "tenderer"
            ]
        },
        {
            "id": "ozoneengineers",
            "name": "OZONE ENGINEERS",
            "roles": [
                "tenderer"
            ]
        },
        {
            "id": "powertoolsandengineering",
            "name": "Power Tools and Engineering",
            "roles": [
                "tenderer"
            ]
        },
        {
            "id": "thecgmtncandcommaegcl",
            "name": "The CGM, TnC and Comm., AEGCL",
            "address": [
                {
                    "streetAddress": "O/o the CGM, TnC and Comm., AEGCL Narengi, Guwahati-26"
                }
            ],
            "roles": [
                "procuringEntity"
            ]
        }
    ],
    "buyer": [
        {
            "name": "Assam Electricity Grid Corporation Ltd",
            "id": "assamelectricitygridcorporationltd"
        }
    ],
    "tender": [
        {
            "id": "2023_AEGCL_31558_1",
            "identifiers": [
                {
                    "id": "CGM(TCC)/TAN DELTA KIT/2023",
                    "scheme": "external"
                }
            ],
            "title": "SUPPLY OF AUTOMATIC 12KV CAPACITANCE AND DISSIPATION FACTOR TEST SET FOR TnC DIVISION, SILCHAR, AEGCL",
            "description": "SUPPLY OF AUTOMATIC 12KV CAPACITANCE AND DISSIPATION FACTOR TEST SET FOR TnC DIVISION, SILCHAR, AEGCL",
            "datePublished": "2023-07-07 17:00",
            "contractType": "Tender",
            "submissionTerms": [
                {
                    "allowPreferentialBidder": "No",
                    "allowMultiCurrencyFee": "No",
                    "allowMultiCurrencyBQQ": "No",
                    "bidValidityPeriod": [
                        {
                            "durationInDays": 180
                        }
                    ]
                }
            ],
            "procuringEntity": [
                {
                    "name": "The CGM, TnC and Comm., AEGCL",
                    "id": "thecgmtncandcommaegcl"
                }
            ],
            "items": [
                {
                    "id": "01",
                    "classification": [
                        {
                            "description": "Electrical Work/ Equipment"
                        }
                    ],
                    "additionalClassifications": [
                        {
                            "description": "Work Item Details > Subcategory"
                        }
                    ],
                    "deliveryAddresses": [
                        {
                            "postalCode": "788015.0",
                            "streetAddress": "O/o the AGM, TnC Division, Silchar"
                        }
                    ]
                }
            ],
            "value": [
                {
                    "amount": 3652100.0,
                    "currency": "INR"
                }
            ],
            "procurementMethod": "Open Tender",
            "mainProcurementCategory": "Supply",
            "tenderPeriod": [
                {
                    "startDate": "2023-07-07 17:00",
                    "endDate": "2023-24-07 17:00",
                    "durationInDays": 17
                }
            ],
            "contractPeriod": [
                {
                    "durationInDays": 90
                }
            ],
            "communication": [
                {
                    "id": 1,
                    "documentAvailabilityPeriod": [
                        {
                            "startDate": "2023-07-07 17:00",
                            "endDate": "2023-24-07 17:00"
                        }
                    ]
                }
            ],
            "bidOpening": [
                {
                    "date": "2023-26-07 12:00",
                    "address": [
                        {
                            "streetAddress": "O/o the CGM, TnC and Comm., AEGCL"
                        }
                    ]
                }
            ],
            "participationFees": [
                {
                    "id": "01",
                    "value": [
                        {
                            "amount": 2000.0,
                            "currency": "INR"
                        }
                    ],
                    "description": "Nil"
                }
            ],
            "numberOfTenderers": 5,
            "milestones": [
                {
                    "id": "1",
                    "title": "Published Date",
                    "type": "Pre-procurement milestones",
                    "dueDate": "2023-07-07 17:00"
                },
                {
                    "id": "2",
                    "title": "Document Download / Sale Start Date",
                    "type": "Pre-procurement milestones",
                    "dueDate": "2023-07-07 17:00"
                },
                {
                    "id": "3",
                    "title": "Bid Submission Start Date",
                    "type": "Pre-procurement milestones",
                    "dueDate": "2023-10-07 10:00"
                },
                {
                    "id": "4",
                    "title": "Bid Opening Date",
                    "type": "Pre-procurement milestones",
                    "dueDate": "2023-26-07 12:00"
                },
                {
                    "id": "5",
                    "title": "Document Download / Sale End Date",
                    "type": "Pre-procurement milestones",
                    "dueDate": "2023-24-07 17:00"
                },
                {
                    "id": "6",
                    "title": "Bid Submission End Date",
                    "type": "Pre-procurement milestones",
                    "dueDate": "2023-24-07 17:00"
                },
                {
                    "id": "7",
                    "title": "Financial Bid Opening Date",
                    "type": "Pre-procurement milestones",
                    "dueDate": "2023-08-08 12:00"
                }
            ],
            "fiscalYear": "2023-2024"
        }
    ],
    "bids": [
        {
            "id": 1,
            "details": [
                {
                    "id": "193137.0",
                    "date": "2023-23-07 19:22",
                    "status": "Rejected-Finance",
                    "tenderers": [
                        {
                            "id": "kiranelectronics",
                            "name": "KIRAN ELECTRONICS"
                        }
                    ]
                },
                {
                    "id": "193172.0",
                    "date": "2023-23-07 19:58",
                    "status": "Rejected-Finance",
                    "tenderers": [
                        {
                            "id": "ozoneengineers",
                            "name": "OZONE ENGINEERS"
                        }
                    ]
                },
                {
                    "id": "193041.0",
                    "date": "2023-24-07 14:21",
                    "status": "Rejected-Technical",
                    "tenderers": [
                        {
                            "id": "powertoolsandengineering",
                            "name": "Power Tools and Engineering"
                        }
                    ]
                },
                {
                    "id": "193091.0",
                    "date": "2023-24-07 14:54",
                    "status": "Accepted-AOC",
                    "tenderers": [
                        {
                            "id": "aradhanaagency",
                            "name": "ARADHANA AGENCY"
                        }
                    ]
                }
            ]
        }
    ],
    "statistics": [
        {
            "id": "1",
            "value": 3988400.0,
            "currency": "INR",
            "measure": "contractValue"
        }
    ],
    "awards": [
        {
            "id": 1,
            "value": [
                {
                    "amount": 3988400.0,
                    "currency": "INR"
                }
            ],
            "suppliers": [
                {
                    "id": "aradhanaagency",
                    "name": "ARADHANA AGENCY"
                }
            ],
            "contractPeriod": [
                {
                    "startDate": "2024-28-08",
                    "durationInDays": 90
                }
            ]
        },
        {
            "id": 2,
            "value": [
                {
                    "amount": "3988400",
                    "currency": "INR"
                }
            ]
        }
    ]
}