{
    "ocid": "ocds-f5kvwu-2023_APDCL_33871_3",
    "id": "1",
    "date": "2024-11-27",
    "tag": [
        "tender"
    ],
    "initiationType": "tender",
    "parties": [
        {
            "id": "assampowerdistributioncompanyltd",
            "name": "Assam Power Distribution Company Ltd",
            "roles": [
                "buyer"
            ]
        },
        {
            "id": "jbengineersandassociates",
            "name": "J.B.Engineers And Associates",
            "roles": [
                "tenderer"
            ]
        },
        {
            "id": "srikaushikgogoi",
            "name": "SRI KAUSHIK GOGOI",
            "roles": [
                "tenderer"
            ]
        },
        {
            "id": "subhmultiwebsystemandservices",
            "name": "SUBHMULTIWEB SYSTEM AND SERVICES",
            "roles": [
                "tenderer"
            ]
        },
        {
            "id": "surajkumarsharma",
            "name": "SURAJ KUMAR SHARMA",
            "roles": [
                "tenderer",
                "supplier"
            ]
        },
        {
            "id": "chiefgeneralmanagerppndapdcl",
            "name": "Chief General Manager PPnD APDCL",
            "address": [
                {
                    "streetAddress": "Office of CGM PPnD APDCL 6th floor Bijulee Bhawan Paltanbazar Guwahati 781001"
                }
            ],
            "roles": [
                "procuringEntity"
            ]
        }
    ],
    "buyer": [
        {
            "name": "Assam Power Distribution Company Ltd",
            "id": "assampowerdistributioncompanyltd"
        }
    ],
    "tender": [
        {
            "id": "2023_APDCL_33871_3",
            "identifiers": [
                {
                    "id": "CGM(PPD)/APDCL/CW/TeokED/52",
                    "scheme": "external"
                }
            ],
            "title": "Construction of a RCC Building inside APDCL Teok campus for Teok ESD office under Jorhat Electrical Circle APDCL UAR on full turnkey mode",
            "description": "Construction of a RCC Building inside APDCL Teok campus for Teok ESD office under Jorhat Electrical Circle APDCL UAR on full turnkey mode",
            "datePublished": "2023-22-11 09:00",
            "contractType": "Tender",
            "submissionTerms": [
                {
                    "allowPreferentialBidder": "No",
                    "allowMultiCurrencyFee": "No",
                    "allowMultiCurrencyBQQ": "No",
                    "bidValidityPeriod": [
                        {
                            "durationInDays": 180
                        }
                    ]
                }
            ],
            "procuringEntity": [
                {
                    "name": "Chief General Manager PPnD APDCL",
                    "id": "chiefgeneralmanagerppndapdcl"
                }
            ],
            "items": [
                {
                    "id": "01",
                    "classification": [
                        {
                            "description": "Civil Works - Building"
                        }
                    ],
                    "additionalClassifications": [
                        {
                            "description": "Work Item Details > Subcategory"
                        }
                    ],
                    "deliveryAddresses": [
                        {
                            "postalCode": "785001.0",
                            "streetAddress": "Jorhat Electrical Circle"
                        }
                    ]
                }
            ],
            "procurementMethod": "Open Tender",
            "mainProcurementCategory": "Turn-key",
            "tenderPeriod": [
                {
                    "startDate": "2023-22-11 09:00",
                    "endDate": "2023-27-11 17:00",
                    "durationInDays": 5
                }
            ],
            "contractPeriod": [
                {
                    "durationInDays": 180
                }
            ],
            "communication": [
                {
                    "id": 1,
                    "documentAvailabilityPeriod": [
                        {
                            "startDate": "2023-22-11 09:00",
                            "endDate": "2023-27-11 17:00"
                        }
                    ]
                }
            ],
            "bidOpening": [
                {
                    "date": "2023-28-11 12:00",
                    "address": [
                        {
                            "streetAddress": "Office of the CGM PPnD APDCL"
                        }
                    ]
                }
            ],
            "participationFees": [
                {
                    "id": "01",
                    "value": [
                        {
                            "amount": 3360.0,
                            "currency": "INR"
                        }
                    ],
                    "description": "Nil"
                }
            ],
            "numberOfTenderers": 5,
            "milestones": [
                {
                    "id": "1",
                    "title": "Published Date",
                    "type": "Pre-procurement milestones",
                    "dueDate": "2023-22-11 09:00"
                },
                {
                    "id": "2",
                    "title": "Document Download / Sale Start Date",
                    "type": "Pre-procurement milestones",
                    "dueDate": "2023-22-11 09:00"
                },
                {
                    "id": "3",
                    "title": "Bid Submission Start Date",
                    "type": "Pre-procurement milestones",
                    "dueDate": "2023-23-11 10:00"
                },
                {
                    "id": "4",
                    "title": "Bid Opening Date",
                    "type": "Pre-procurement milestones",
                    "dueDate": "2023-28-11 12:00"
                },
                {
                    "id": "5",
                    "title": "Document Download / Sale End Date",
                    "type": "Pre-procurement milestones",
                    "dueDate": "2023-27-11 17:00"
                },
                {
                    "id": "6",
                    "title": "Bid Submission End Date",
                    "type": "Pre-procurement milestones",
                    "dueDate": "2023-27-11 17:00"
                },
                {
                    "id": "7",
                    "title": "Financial Bid Opening Date",
                    "type": "Pre-procurement milestones",
                    "dueDate": "2024-19-01 13:00"
                }
            ],
            "fiscalYear": "2023-2024"
        }
    ],
    "bids": [
        {
            "id": 1,
            "details": [
                {
                    "id": "212150.0",
                    "date": "2023-24-11 12:01",
                    "status": "Rejected-Finance",
                    "tenderers": [
                        {
                            "id": "jbengineersandassociates",
                            "name": "J.B.Engineers And Associates"
                        }
                    ]
                },
                {
                    "id": "212661.0",
                    "date": "2023-27-11 15:23",
                    "status": "Rejected-Technical",
                    "tenderers": [
                        {
                            "id": "srikaushikgogoi",
                            "name": "SRI KAUSHIK GOGOI"
                        }
                    ]
                },
                {
                    "id": "212188.0",
                    "date": "2023-25-11 18:26",
                    "status": "Rejected-Technical",
                    "tenderers": [
                        {
                            "id": "subhmultiwebsystemandservices",
                            "name": "SUBHMULTIWEB SYSTEM AND SERVICES"
                        }
                    ]
                },
                {
                    "id": "212145.0",
                    "date": "2023-24-11 12:43",
                    "status": "Accepted-AOC",
                    "tenderers": [
                        {
                            "id": "surajkumarsharma",
                            "name": "SURAJ KUMAR SHARMA"
                        }
                    ]
                }
            ]
        }
    ],
    "statistics": [
        {
            "id": "1",
            "value": 3774649.28,
            "currency": "INR",
            "measure": "contractValue"
        }
    ],
    "awards": [
        {
            "id": 1,
            "description": "Letter of Award",
            "value": [
                {
                    "amount": 3774649.28,
                    "currency": "INR"
                }
            ],
            "suppliers": [
                {
                    "id": "surajkumarsharma",
                    "name": "SURAJ KUMAR SHARMA"
                }
            ],
            "contractPeriod": [
                {
                    "startDate": "2024-21-03",
                    "durationInDays": 180
                }
            ]
        },
        {
            "id": 2,
            "value": [
                {
                    "amount": "377464928",
                    "currency": "INR"
                }
            ]
        }
    ]
}