{
    "ocid": "ocds-f5kvwu-2023_AHVD_34770_1",
    "id": "1",
    "date": "2024-11-27",
    "tag": [
        "tender"
    ],
    "initiationType": "tender",
    "parties": [
        {
            "id": "animalhusbandryandveterinarydepartment",
            "name": "Animal Husbandry and Veterinary Department",
            "roles": [
                "buyer"
            ]
        },
        {
            "id": "aromatechindia",
            "name": "AROMA TECH INDIA",
            "roles": [
                "tenderer",
                "supplier"
            ]
        },
        {
            "id": "gemtechprojectsllp",
            "name": "Gemtech Projects Llp",
            "roles": [
                "tenderer"
            ]
        },
        {
            "id": "jkcommercial",
            "name": "J.K.COMMERCIAL",
            "roles": [
                "tenderer"
            ]
        },
        {
            "id": "maaenterprises",
            "name": "maa enterprises",
            "roles": [
                "tenderer"
            ]
        },
        {
            "id": "director",
            "name": "Director",
            "address": [
                {
                    "streetAddress": "DIRECTORATE OF DAIRY DEVELOPMENT, ASSAM KHANAPARA, GUWAHATI-22"
                }
            ],
            "roles": [
                "procuringEntity"
            ]
        }
    ],
    "buyer": [
        {
            "name": "Animal Husbandry and Veterinary Department",
            "id": "animalhusbandryandveterinarydepartment"
        }
    ],
    "tender": [
        {
            "id": "2023_AHVD_34770_1",
            "identifiers": [
                {
                    "id": "ECF No. 415221/16",
                    "scheme": "external"
                }
            ],
            "title": "SUPPLY AND INSTALLATION OF MACHINERY AND EQUIPMENT FOR MILK PROCESSING PLANT",
            "description": "SUPPLY AND INSTALLATION OF MACHINERY AND EQUIPMENT FOR MILK PROCESSING PLANT",
            "datePublished": "2023-16-12 17:30",
            "contractType": "Tender",
            "submissionTerms": [
                {
                    "allowPreferentialBidder": "No",
                    "allowMultiCurrencyFee": "No",
                    "allowMultiCurrencyBQQ": "No",
                    "bidValidityPeriod": [
                        {
                            "durationInDays": 180
                        }
                    ]
                }
            ],
            "procuringEntity": [
                {
                    "name": "Director",
                    "id": "director"
                }
            ],
            "items": [
                {
                    "id": "01",
                    "classification": [
                        {
                            "description": "Miscellaneous Goods"
                        }
                    ],
                    "additionalClassifications": [
                        {
                            "description": "Work Item Details > Subcategory"
                        }
                    ],
                    "deliveryAddresses": [
                        {
                            "postalCode": "781022.0",
                            "streetAddress": "Guwahati"
                        }
                    ]
                }
            ],
            "procurementMethod": "Open Tender",
            "mainProcurementCategory": "Item Rate",
            "tenderPeriod": [
                {
                    "startDate": "2023-16-12 17:30",
                    "endDate": "2024-10-01 15:00",
                    "durationInDays": 24
                }
            ],
            "communication": [
                {
                    "id": 1,
                    "documentAvailabilityPeriod": [
                        {
                            "startDate": "2023-16-12 17:30",
                            "endDate": "2024-10-01 15:00"
                        }
                    ]
                }
            ],
            "bidOpening": [
                {
                    "date": "2024-10-01 16:00",
                    "address": [
                        {
                            "streetAddress": "DIRECTORATE OF DAIRY DEVELOPMENT, ASSAM"
                        }
                    ]
                }
            ],
            "participationFees": [
                {
                    "id": "01",
                    "value": [
                        {
                            "amount": 670.0,
                            "currency": "INR"
                        }
                    ],
                    "description": "Nil"
                }
            ],
            "numberOfTenderers": 5,
            "milestones": [
                {
                    "id": "1",
                    "title": "Published Date",
                    "type": "Pre-procurement milestones",
                    "dueDate": "2023-16-12 17:30"
                },
                {
                    "id": "2",
                    "title": "Document Download / Sale Start Date",
                    "type": "Pre-procurement milestones",
                    "dueDate": "2023-16-12 17:30"
                },
                {
                    "id": "3",
                    "title": "Bid Submission Start Date",
                    "type": "Pre-procurement milestones",
                    "dueDate": "2023-29-12 13:00"
                },
                {
                    "id": "4",
                    "title": "Bid Opening Date",
                    "type": "Pre-procurement milestones",
                    "dueDate": "2024-10-01 16:00"
                },
                {
                    "id": "5",
                    "title": "Document Download / Sale End Date",
                    "type": "Pre-procurement milestones",
                    "dueDate": "2024-10-01 15:00"
                },
                {
                    "id": "6",
                    "title": "Bid Submission End Date",
                    "type": "Pre-procurement milestones",
                    "dueDate": "2024-10-01 15:00"
                },
                {
                    "id": "7",
                    "title": "Financial Bid Opening Date",
                    "type": "Pre-procurement milestones",
                    "dueDate": "2024-17-02 13:10"
                }
            ],
            "fiscalYear": "2023-2024"
        }
    ],
    "bids": [
        {
            "id": 1,
            "details": [
                {
                    "id": "218442.0",
                    "date": "2024-08-01 16:07",
                    "status": "Rejected-Technical",
                    "tenderers": [
                        {
                            "id": "gemtechprojectsllp",
                            "name": "Gemtech Projects Llp"
                        }
                    ]
                },
                {
                    "id": "220123.0",
                    "date": "2024-10-01 14:47",
                    "status": "Rejected-Finance",
                    "tenderers": [
                        {
                            "id": "jkcommercial",
                            "name": "J.K.COMMERCIAL"
                        }
                    ]
                },
                {
                    "id": "219536.0",
                    "date": "2024-08-01 15:26",
                    "status": "Rejected-Finance",
                    "tenderers": [
                        {
                            "id": "maaenterprises",
                            "name": "maa enterprises"
                        }
                    ]
                },
                {
                    "id": "219560.0",
                    "date": "2024-09-01 18:16",
                    "status": "Accepted-AOC",
                    "tenderers": [
                        {
                            "id": "aromatechindia",
                            "name": "AROMA TECH INDIA"
                        }
                    ]
                }
            ]
        }
    ],
    "statistics": [
        {
            "id": "1",
            "value": 2946117.5,
            "currency": "INR",
            "measure": "contractValue"
        }
    ],
    "awards": [
        {
            "id": 1,
            "value": [
                {
                    "amount": 2946117.5,
                    "currency": "INR"
                }
            ],
            "suppliers": [
                {
                    "id": "aromatechindia",
                    "name": "AROMA TECH INDIA"
                }
            ],
            "contractPeriod": [
                {
                    "startDate": "2024-14-06",
                    "durationInDays": 120
                }
            ]
        },
        {
            "id": 2,
            "value": [
                {
                    "amount": "29461175",
                    "currency": "INR"
                }
            ]
        }
    ]
}