{
    "ocid": "ocds-f5kvwu-2023_BoTC_34213_1",
    "id": "1",
    "date": "2024-11-27",
    "tag": [
        "tender"
    ],
    "initiationType": "tender",
    "parties": [
        {
            "id": "bodolandterritorialcouncil",
            "name": "Bodoland Territorial Council",
            "roles": [
                "buyer"
            ]
        },
        {
            "id": "bidinthabasumatary",
            "name": "BIDINTHA BASUMATARY",
            "roles": [
                "tenderer"
            ]
        },
        {
            "id": "ganeshbasumatary",
            "name": "GANESH BASUMATARY",
            "roles": [
                "tenderer",
                "supplier"
            ]
        },
        {
            "id": "ranjanboro",
            "name": "RANJAN BORO",
            "roles": [
                "tenderer"
            ]
        },
        {
            "id": "directorpnrdbtckokrajhar",
            "name": "Director PNRD BTC Kokrajhar",
            "address": [
                {
                    "streetAddress": "Director PNRD BTC Kokrajhar"
                }
            ],
            "roles": [
                "procuringEntity"
            ]
        }
    ],
    "buyer": [
        {
            "name": "Bodoland Territorial Council",
            "id": "bodolandterritorialcouncil"
        }
    ],
    "tender": [
        {
            "id": "2023_BoTC_34213_1",
            "identifiers": [
                {
                    "id": "DPRD/BTC/(Baksa)-4/2023-24/15",
                    "scheme": "external"
                }
            ],
            "title": "Const of road with sand gravelling from Gonesh Das house to Rajani Swargiary house at Rampur Nadiapar Supa under Addl SOPD for the year 2023-24.",
            "description": "DPRD/BTC/(Baksa)-4/2023-24/15",
            "datePublished": "2023-25-11 15:00",
            "contractType": "Tender",
            "submissionTerms": [
                {
                    "allowPreferentialBidder": "No",
                    "allowMultiCurrencyFee": "No",
                    "allowMultiCurrencyBQQ": "No",
                    "bidValidityPeriod": [
                        {
                            "durationInDays": 180
                        }
                    ]
                }
            ],
            "procuringEntity": [
                {
                    "name": "Director PNRD BTC Kokrajhar",
                    "id": "directorpnrdbtckokrajhar"
                }
            ],
            "items": [
                {
                    "id": "01",
                    "classification": [
                        {
                            "description": "Civil Works"
                        }
                    ],
                    "additionalClassifications": [
                        {
                            "description": "Work Item Details > Subcategory"
                        }
                    ],
                    "deliveryAddresses": [
                        {
                            "postalCode": "781313.0",
                            "streetAddress": "Baksa"
                        }
                    ]
                }
            ],
            "value": [
                {
                    "amount": 2129052.0,
                    "currency": "INR"
                }
            ],
            "procurementMethod": "Open Tender",
            "mainProcurementCategory": "Item Rate",
            "tenderPeriod": [
                {
                    "startDate": "2023-25-11 15:00",
                    "endDate": "2023-16-12 14:30",
                    "durationInDays": 20
                }
            ],
            "enquiryPeriod": [
                {
                    "startDate": "2023-25-11 15:00",
                    "endDate": "2023-16-12 14:00",
                    "durationInDays": 20
                }
            ],
            "contractPeriod": [
                {
                    "durationInDays": 60
                }
            ],
            "communication": [
                {
                    "id": 1,
                    "documentAvailabilityPeriod": [
                        {
                            "startDate": "2023-25-11 15:00",
                            "endDate": "2023-16-12 14:30"
                        }
                    ]
                }
            ],
            "bidOpening": [
                {
                    "date": "2023-18-12 14:30",
                    "address": [
                        {
                            "streetAddress": "Director PNRD BTC Kokrajhar"
                        }
                    ]
                }
            ],
            "participationFees": [
                {
                    "id": "01",
                    "value": [
                        {
                            "amount": 450.0,
                            "currency": "INR"
                        }
                    ],
                    "description": "Nil"
                }
            ],
            "numberOfTenderers": 5,
            "milestones": [
                {
                    "id": "1",
                    "title": "Published Date",
                    "type": "Pre-procurement milestones",
                    "dueDate": "2023-25-11 15:00"
                },
                {
                    "id": "2",
                    "title": "Document Download / Sale Start Date",
                    "type": "Pre-procurement milestones",
                    "dueDate": "2023-25-11 15:00"
                },
                {
                    "id": "3",
                    "title": "Clarification Start Date",
                    "type": "Pre-procurement milestones",
                    "dueDate": "2023-25-11 15:00"
                },
                {
                    "id": "4",
                    "title": "Bid Submission Start Date",
                    "type": "Pre-procurement milestones",
                    "dueDate": "2023-25-11 15:00"
                },
                {
                    "id": "5",
                    "title": "Bid Opening Date",
                    "type": "Pre-procurement milestones",
                    "dueDate": "2023-18-12 14:30"
                },
                {
                    "id": "6",
                    "title": "Document Download / Sale End Date",
                    "type": "Pre-procurement milestones",
                    "dueDate": "2023-16-12 14:30"
                },
                {
                    "id": "7",
                    "title": "Clarification End Date",
                    "type": "Pre-procurement milestones",
                    "dueDate": "2023-16-12 14:00"
                },
                {
                    "id": "8",
                    "title": "Bid Submission End Date",
                    "type": "Pre-procurement milestones",
                    "dueDate": "2023-16-12 14:30"
                },
                {
                    "id": "9",
                    "title": "Financial Bid Opening Date",
                    "type": "Pre-procurement milestones",
                    "dueDate": "2024-10-01 18:55"
                }
            ],
            "fiscalYear": "2023-2024"
        }
    ],
    "bids": [
        {
            "id": 1,
            "details": [
                {
                    "id": "215095.0",
                    "date": "2023-15-12 21:11",
                    "status": "Rejected-AOC",
                    "tenderers": [
                        {
                            "id": "bidinthabasumatary",
                            "name": "BIDINTHA BASUMATARY"
                        }
                    ]
                },
                {
                    "id": "215099.0",
                    "date": "2023-15-12 21:30",
                    "status": "Rejected-AOC",
                    "tenderers": [
                        {
                            "id": "ranjanboro",
                            "name": "RANJAN BORO"
                        }
                    ]
                },
                {
                    "id": "215103.0",
                    "date": "2023-15-12 21:01",
                    "status": "Accepted-AOC",
                    "tenderers": [
                        {
                            "id": "ganeshbasumatary",
                            "name": "GANESH BASUMATARY"
                        }
                    ]
                }
            ]
        }
    ],
    "statistics": [
        {
            "id": "1",
            "value": 2147900.0,
            "currency": "INR",
            "measure": "contractValue"
        }
    ],
    "awards": [
        {
            "id": 1,
            "description": "Const of road with sand gravelling from Gonesh Das house to Rajani Swargiary house at Rampur Nadiapar Supa under Addl SOPD for the year 2023-24.",
            "value": [
                {
                    "amount": 2147900.0,
                    "currency": "INR"
                }
            ],
            "suppliers": [
                {
                    "id": "ganeshbasumatary",
                    "name": "GANESH BASUMATARY"
                }
            ],
            "contractPeriod": [
                {
                    "startDate": "2024-14-01",
                    "durationInDays": 60
                }
            ]
        },
        {
            "id": 2,
            "value": [
                {
                    "amount": "212881411",
                    "currency": "INR"
                }
            ]
        }
    ]
}