{
    "ocid": "ocds-f5kvwu-2023_BTC_33455_1",
    "id": "1",
    "date": "2024-11-27",
    "tag": [
        "tender"
    ],
    "initiationType": "tender",
    "parties": [
        {
            "id": "bodolandterritorialcouncilpwd",
            "name": "Bodoland Territorial Council-PWD",
            "roles": [
                "buyer"
            ]
        },
        {
            "id": "bhabeshborah",
            "name": "Bhabesh Borah",
            "roles": [
                "tenderer",
                "supplier"
            ]
        },
        {
            "id": "nabajitkumarbrahma",
            "name": "NABAJIT KUMAR BRAHMA",
            "roles": [
                "tenderer"
            ]
        },
        {
            "id": "theaddlchiefengineerpwdbtc",
            "name": "the Addl. Chief Engineer, PWD, BTC",
            "address": [
                {
                    "streetAddress": "O/o the Addl. Chief Engineer, PWD, BTC"
                }
            ],
            "roles": [
                "procuringEntity"
            ]
        }
    ],
    "buyer": [
        {
            "name": "Bodoland Territorial Council-PWD",
            "id": "bodolandterritorialcouncilpwd"
        }
    ],
    "tender": [
        {
            "id": "2023_BTC_33455_1",
            "identifiers": [
                {
                    "id": "No. ACE-106/PWD/IFB/2021-22/274",
                    "scheme": "external"
                }
            ],
            "title": "Construction of Baby Feeding Room at Mazbat Revenue Circle, Udalguri, TN_25_4 (R-1)",
            "description": "Construction of Baby Feeding Room at Mazbat Revenue Circle, Udalguri, TN_25_4 (R-1)",
            "datePublished": "2023-02-11 14:00",
            "contractType": "Tender",
            "submissionTerms": [
                {
                    "allowPreferentialBidder": "No",
                    "allowMultiCurrencyFee": "No",
                    "allowMultiCurrencyBQQ": "No",
                    "bidValidityPeriod": [
                        {
                            "durationInDays": 180
                        }
                    ]
                }
            ],
            "procuringEntity": [
                {
                    "name": "the Addl. Chief Engineer, PWD, BTC",
                    "id": "theaddlchiefengineerpwdbtc"
                }
            ],
            "items": [
                {
                    "id": "01",
                    "classification": [
                        {
                            "description": "Civil Works - Building"
                        }
                    ],
                    "additionalClassifications": [
                        {
                            "description": "Work Item Details > Subcategory"
                        }
                    ],
                    "deliveryAddresses": [
                        {
                            "postalCode": "784529.0",
                            "streetAddress": "Udalguri"
                        }
                    ]
                }
            ],
            "value": [
                {
                    "amount": 952714.0,
                    "currency": "INR"
                }
            ],
            "procurementMethod": "Open Tender",
            "mainProcurementCategory": "Item Rate",
            "tenderPeriod": [
                {
                    "startDate": "2023-02-11 14:00",
                    "endDate": "2023-22-11 13:30",
                    "durationInDays": 19
                }
            ],
            "enquiryPeriod": [
                {
                    "startDate": "2023-02-11 14:00",
                    "endDate": "2023-18-11 12:00",
                    "durationInDays": 15
                }
            ],
            "contractPeriod": [
                {
                    "durationInDays": 180
                }
            ],
            "communication": [
                {
                    "id": 1,
                    "documentAvailabilityPeriod": [
                        {
                            "startDate": "2023-02-11 14:00",
                            "endDate": "2023-22-11 13:30"
                        }
                    ]
                }
            ],
            "bidOpening": [
                {
                    "date": "2023-22-11 14:00",
                    "address": [
                        {
                            "streetAddress": "O/o the Addl. Chief Engineer, PWD, BTC"
                        }
                    ]
                }
            ],
            "participationFees": [
                {
                    "id": "01",
                    "value": [
                        {
                            "amount": 1000.0,
                            "currency": "INR"
                        }
                    ],
                    "description": "Nil"
                }
            ],
            "numberOfTenderers": 5,
            "milestones": [
                {
                    "id": "1",
                    "title": "Published Date",
                    "type": "Pre-procurement milestones",
                    "dueDate": "2023-02-11 14:00"
                },
                {
                    "id": "2",
                    "title": "Document Download / Sale Start Date",
                    "type": "Pre-procurement milestones",
                    "dueDate": "2023-02-11 14:00"
                },
                {
                    "id": "3",
                    "title": "Clarification Start Date",
                    "type": "Pre-procurement milestones",
                    "dueDate": "2023-02-11 14:00"
                },
                {
                    "id": "4",
                    "title": "Bid Submission Start Date",
                    "type": "Pre-procurement milestones",
                    "dueDate": "2023-02-11 14:00"
                },
                {
                    "id": "5",
                    "title": "Bid Opening Date",
                    "type": "Pre-procurement milestones",
                    "dueDate": "2023-22-11 14:00"
                },
                {
                    "id": "6",
                    "title": "Document Download / Sale End Date",
                    "type": "Pre-procurement milestones",
                    "dueDate": "2023-22-11 13:30"
                },
                {
                    "id": "7",
                    "title": "Clarification End Date",
                    "type": "Pre-procurement milestones",
                    "dueDate": "2023-18-11 12:00"
                },
                {
                    "id": "8",
                    "title": "Bid Submission End Date",
                    "type": "Pre-procurement milestones",
                    "dueDate": "2023-22-11 13:30"
                },
                {
                    "id": "9",
                    "title": "Financial Bid Opening Date",
                    "type": "Pre-procurement milestones",
                    "dueDate": "2023-07-12 14:20"
                }
            ],
            "fiscalYear": "2023-2024"
        }
    ],
    "bids": [
        {
            "id": 1,
            "details": [
                {
                    "id": "211623.0",
                    "date": "2023-22-11 11:10",
                    "status": "Rejected-AOC",
                    "tenderers": [
                        {
                            "id": "nabajitkumarbrahma",
                            "name": "NABAJIT KUMAR BRAHMA"
                        }
                    ]
                },
                {
                    "id": "211622.0",
                    "date": "2023-22-11 11:03",
                    "status": "Accepted-AOC",
                    "tenderers": [
                        {
                            "id": "bhabeshborah",
                            "name": "Bhabesh Borah"
                        }
                    ]
                }
            ]
        }
    ],
    "statistics": [
        {
            "id": "1",
            "value": 952700.0,
            "currency": "INR",
            "measure": "contractValue"
        }
    ],
    "awards": [
        {
            "id": 1,
            "description": "Work Order",
            "value": [
                {
                    "amount": 952700.0,
                    "currency": "INR"
                }
            ],
            "suppliers": [
                {
                    "id": "bhabeshborah",
                    "name": "Bhabesh Borah"
                }
            ],
            "contractPeriod": [
                {
                    "startDate": "2024-19-01",
                    "durationInDays": 180
                }
            ]
        },
        {
            "id": 2,
            "value": [
                {
                    "amount": "952700",
                    "currency": "INR"
                }
            ]
        }
    ]
}