{
    "ocid": "ocds-f5kvwu-2023_BoTC_32929_1",
    "id": "1",
    "date": "2024-11-27",
    "tag": [
        "tender"
    ],
    "initiationType": "tender",
    "parties": [
        {
            "id": "bodolandterritorialcouncil",
            "name": "Bodoland Territorial Council",
            "roles": [
                "buyer"
            ]
        },
        {
            "id": "birglangwary",
            "name": "BIRGLANG WARY",
            "roles": [
                "tenderer",
                "supplier"
            ]
        },
        {
            "id": "rabindramushahary",
            "name": "Rabindra Mushahary",
            "roles": [
                "tenderer"
            ]
        },
        {
            "id": "shribwhwitibrahma",
            "name": "Shri Bwhwiti Brahma",
            "roles": [
                "tenderer"
            ]
        },
        {
            "id": "directorpnrdbtckokrajhar",
            "name": "Director PNRD BTC Kokrajhar",
            "address": [
                {
                    "streetAddress": "Director PNRD BTC Kokrajhar"
                }
            ],
            "roles": [
                "procuringEntity"
            ]
        }
    ],
    "buyer": [
        {
            "name": "Bodoland Territorial Council",
            "id": "bodolandterritorialcouncil"
        }
    ],
    "tender": [
        {
            "id": "2023_BoTC_32929_1",
            "identifiers": [
                {
                    "id": "DPRD/BTC/(6th ASFC)-172/2023/19",
                    "scheme": "external"
                }
            ],
            "title": "Construction of Block Building at Dotma Dev. Block Office under 6th ASFC for the year 2020-21 during the year 2023-24",
            "description": "DPRD/BTC/(6th ASFC)-172/2023/19",
            "datePublished": "2023-10-10 12:30",
            "contractType": "Tender",
            "submissionTerms": [
                {
                    "allowPreferentialBidder": "No",
                    "allowMultiCurrencyFee": "No",
                    "allowMultiCurrencyBQQ": "No",
                    "bidValidityPeriod": [
                        {
                            "durationInDays": 180
                        }
                    ]
                }
            ],
            "procuringEntity": [
                {
                    "name": "Director PNRD BTC Kokrajhar",
                    "id": "directorpnrdbtckokrajhar"
                }
            ],
            "items": [
                {
                    "id": "01",
                    "classification": [
                        {
                            "description": "Civil Works"
                        }
                    ],
                    "additionalClassifications": [
                        {
                            "description": "Work Item Details > Subcategory"
                        }
                    ],
                    "deliveryAddresses": [
                        {
                            "postalCode": "783347.0",
                            "streetAddress": "Dotma"
                        }
                    ]
                }
            ],
            "value": [
                {
                    "amount": 14563110.0,
                    "currency": "INR"
                }
            ],
            "procurementMethod": "Open Tender",
            "mainProcurementCategory": "Item Rate",
            "tenderPeriod": [
                {
                    "startDate": "2023-10-10 12:30",
                    "endDate": "2023-31-10 14:30",
                    "durationInDays": 21
                }
            ],
            "enquiryPeriod": [
                {
                    "startDate": "2023-10-10 12:30",
                    "endDate": "2023-31-10 14:00",
                    "durationInDays": 21
                }
            ],
            "contractPeriod": [
                {
                    "durationInDays": 730
                }
            ],
            "communication": [
                {
                    "id": 1,
                    "documentAvailabilityPeriod": [
                        {
                            "startDate": "2023-10-10 12:30",
                            "endDate": "2023-31-10 14:30"
                        }
                    ]
                }
            ],
            "bidOpening": [
                {
                    "date": "2023-01-11 14:30",
                    "address": [
                        {
                            "streetAddress": "Director PNRD BTC Kokrajhar"
                        }
                    ]
                }
            ],
            "participationFees": [
                {
                    "id": "01",
                    "value": [
                        {
                            "amount": 2950.0,
                            "currency": "INR"
                        }
                    ],
                    "description": "Nil"
                }
            ],
            "numberOfTenderers": 5,
            "milestones": [
                {
                    "id": "1",
                    "title": "Published Date",
                    "type": "Pre-procurement milestones",
                    "dueDate": "2023-10-10 12:30"
                },
                {
                    "id": "2",
                    "title": "Document Download / Sale Start Date",
                    "type": "Pre-procurement milestones",
                    "dueDate": "2023-10-10 12:30"
                },
                {
                    "id": "3",
                    "title": "Clarification Start Date",
                    "type": "Pre-procurement milestones",
                    "dueDate": "2023-10-10 12:30"
                },
                {
                    "id": "4",
                    "title": "Bid Submission Start Date",
                    "type": "Pre-procurement milestones",
                    "dueDate": "2023-10-10 12:30"
                },
                {
                    "id": "5",
                    "title": "Bid Opening Date",
                    "type": "Pre-procurement milestones",
                    "dueDate": "2023-01-11 14:30"
                },
                {
                    "id": "6",
                    "title": "Document Download / Sale End Date",
                    "type": "Pre-procurement milestones",
                    "dueDate": "2023-31-10 14:30"
                },
                {
                    "id": "7",
                    "title": "Clarification End Date",
                    "type": "Pre-procurement milestones",
                    "dueDate": "2023-31-10 14:00"
                },
                {
                    "id": "8",
                    "title": "Bid Submission End Date",
                    "type": "Pre-procurement milestones",
                    "dueDate": "2023-31-10 14:30"
                },
                {
                    "id": "9",
                    "title": "Financial Bid Opening Date",
                    "type": "Pre-procurement milestones",
                    "dueDate": "2023-28-11 11:45"
                }
            ],
            "fiscalYear": "2023-2024"
        }
    ],
    "bids": [
        {
            "id": 1,
            "details": [
                {
                    "id": "207401.0",
                    "date": "2023-31-10 03:55",
                    "status": "Rejected-AOC",
                    "tenderers": [
                        {
                            "id": "rabindramushahary",
                            "name": "Rabindra Mushahary"
                        }
                    ]
                },
                {
                    "id": "207387.0",
                    "date": "2023-31-10 10:15",
                    "status": "Not Admitted-Fee/PreQual/Technical",
                    "tenderers": [
                        {
                            "id": "shribwhwitibrahma",
                            "name": "Shri Bwhwiti Brahma"
                        }
                    ]
                },
                {
                    "id": "207397.0",
                    "date": "2023-31-10 03:59",
                    "status": "Accepted-AOC",
                    "tenderers": [
                        {
                            "id": "birglangwary",
                            "name": "BIRGLANG WARY"
                        }
                    ]
                }
            ]
        }
    ],
    "statistics": [
        {
            "id": "1",
            "value": 15000000.0,
            "currency": "INR",
            "measure": "contractValue"
        }
    ],
    "awards": [
        {
            "id": 1,
            "description": "Construction of Block Building at Dotma Dev. Block Office under 6th ASFC for the year 2020-21 during the year 2023-24",
            "value": [
                {
                    "amount": 15000000.0,
                    "currency": "INR"
                }
            ],
            "suppliers": [
                {
                    "id": "birglangwary",
                    "name": "BIRGLANG WARY"
                }
            ],
            "contractPeriod": [
                {
                    "startDate": "2024-02-01",
                    "durationInDays": 730
                }
            ]
        },
        {
            "id": 2,
            "value": [
                {
                    "amount": "1456310028",
                    "currency": "INR"
                }
            ]
        }
    ]
}