{
    "ocid": "ocds-f5kvwu-2023_BoTC_30795_1",
    "id": "1",
    "date": "2024-11-27",
    "tag": [
        "tender"
    ],
    "initiationType": "tender",
    "parties": [
        {
            "id": "bodolandterritorialcouncil",
            "name": "Bodoland Territorial Council",
            "roles": [
                "buyer"
            ]
        },
        {
            "id": "amitbiswas",
            "name": "AMIT BISWAS",
            "roles": [
                "tenderer"
            ]
        },
        {
            "id": "bimalborgoyari",
            "name": "BIMAL BORGOYARI",
            "roles": [
                "tenderer",
                "supplier"
            ]
        },
        {
            "id": "uttamdebnath",
            "name": "Uttam Debnath",
            "roles": [
                "tenderer"
            ]
        },
        {
            "id": "directorpnrdbtckokrajhar",
            "name": "Director PNRD BTC Kokrajhar",
            "address": [
                {
                    "streetAddress": "Director PNRD BTC Kokrajhar"
                }
            ],
            "roles": [
                "procuringEntity"
            ]
        }
    ],
    "buyer": [
        {
            "name": "Bodoland Territorial Council",
            "id": "bodolandterritorialcouncil"
        }
    ],
    "tender": [
        {
            "id": "2023_BoTC_30795_1",
            "identifiers": [
                {
                    "id": "DPRD/BTC/Addl(SOPD)Udl-11/23/8",
                    "scheme": "external"
                }
            ],
            "title": "Const of CC Block road at Belachuburi village from District Library to Laxman Chouhan house under Addl SOPD for the year 2022-23.",
            "description": "DPRD/BTC/Addl(SOPD)Udl-11/2023/08",
            "datePublished": "2023-12-05 10:30",
            "contractType": "Tender",
            "submissionTerms": [
                {
                    "allowPreferentialBidder": "No",
                    "allowMultiCurrencyFee": "No",
                    "allowMultiCurrencyBQQ": "No",
                    "bidValidityPeriod": [
                        {
                            "durationInDays": 180
                        }
                    ]
                }
            ],
            "procuringEntity": [
                {
                    "name": "Director PNRD BTC Kokrajhar",
                    "id": "directorpnrdbtckokrajhar"
                }
            ],
            "items": [
                {
                    "id": "01",
                    "classification": [
                        {
                            "description": "Civil Works"
                        }
                    ],
                    "additionalClassifications": [
                        {
                            "description": "Work Item Details > Subcategory"
                        }
                    ],
                    "deliveryAddresses": [
                        {
                            "postalCode": "784509.0",
                            "streetAddress": "Udalguri"
                        }
                    ]
                }
            ],
            "value": [
                {
                    "amount": 3960784.0,
                    "currency": "INR"
                }
            ],
            "procurementMethod": "Open Tender",
            "mainProcurementCategory": "Item Rate",
            "tenderPeriod": [
                {
                    "startDate": "2023-12-05 10:30",
                    "endDate": "2023-02-06 14:30",
                    "durationInDays": 21
                }
            ],
            "enquiryPeriod": [
                {
                    "startDate": "2023-12-05 10:30",
                    "endDate": "2023-02-06 14:00",
                    "durationInDays": 21
                }
            ],
            "contractPeriod": [
                {
                    "durationInDays": 90
                }
            ],
            "communication": [
                {
                    "id": 1,
                    "documentAvailabilityPeriod": [
                        {
                            "startDate": "2023-12-05 10:30",
                            "endDate": "2023-02-06 14:30"
                        }
                    ]
                }
            ],
            "bidOpening": [
                {
                    "date": "2023-03-06 14:30",
                    "address": [
                        {
                            "streetAddress": "Director PNRD BTC Kokrajhar"
                        }
                    ]
                }
            ],
            "participationFees": [
                {
                    "id": "01",
                    "value": [
                        {
                            "amount": 800.0,
                            "currency": "INR"
                        }
                    ],
                    "description": "Nil"
                }
            ],
            "numberOfTenderers": 5,
            "milestones": [
                {
                    "id": "1",
                    "title": "Published Date",
                    "type": "Pre-procurement milestones",
                    "dueDate": "2023-12-05 10:30"
                },
                {
                    "id": "2",
                    "title": "Document Download / Sale Start Date",
                    "type": "Pre-procurement milestones",
                    "dueDate": "2023-12-05 10:30"
                },
                {
                    "id": "3",
                    "title": "Clarification Start Date",
                    "type": "Pre-procurement milestones",
                    "dueDate": "2023-12-05 10:30"
                },
                {
                    "id": "4",
                    "title": "Bid Submission Start Date",
                    "type": "Pre-procurement milestones",
                    "dueDate": "2023-12-05 10:30"
                },
                {
                    "id": "5",
                    "title": "Bid Opening Date",
                    "type": "Pre-procurement milestones",
                    "dueDate": "2023-03-06 14:30"
                },
                {
                    "id": "6",
                    "title": "Document Download / Sale End Date",
                    "type": "Pre-procurement milestones",
                    "dueDate": "2023-02-06 14:30"
                },
                {
                    "id": "7",
                    "title": "Clarification End Date",
                    "type": "Pre-procurement milestones",
                    "dueDate": "2023-02-06 14:00"
                },
                {
                    "id": "8",
                    "title": "Bid Submission End Date",
                    "type": "Pre-procurement milestones",
                    "dueDate": "2023-02-06 14:30"
                },
                {
                    "id": "9",
                    "title": "Financial Bid Opening Date",
                    "type": "Pre-procurement milestones",
                    "dueDate": "2023-13-06 10:30"
                }
            ],
            "fiscalYear": "2023-2024"
        }
    ],
    "bids": [
        {
            "id": 1,
            "details": [
                {
                    "id": "186885.0",
                    "date": "2023-02-06 09:50",
                    "status": "Rejected-Finance",
                    "tenderers": [
                        {
                            "id": "amitbiswas",
                            "name": "AMIT BISWAS"
                        }
                    ]
                },
                {
                    "id": "186886.0",
                    "date": "2023-02-06 09:03",
                    "status": "Not Admitted-Fee/PreQual/Technical",
                    "tenderers": [
                        {
                            "id": "uttamdebnath",
                            "name": "Uttam Debnath"
                        }
                    ]
                },
                {
                    "id": "186883.0",
                    "date": "2023-02-06 12:14",
                    "status": "Accepted-AOC",
                    "tenderers": [
                        {
                            "id": "bimalborgoyari",
                            "name": "BIMAL BORGOYARI"
                        }
                    ]
                }
            ]
        }
    ],
    "statistics": [
        {
            "id": "1",
            "value": 4000000.0,
            "currency": "INR",
            "measure": "contractValue"
        }
    ],
    "awards": [
        {
            "id": 1,
            "description": "Const of CC Block road at Belachuburi village from District Library to Laxman Chouhan house under Addl SOPD for the year 2022-23.",
            "value": [
                {
                    "amount": 4000000.0,
                    "currency": "INR"
                }
            ],
            "suppliers": [
                {
                    "id": "bimalborgoyari",
                    "name": "BIMAL BORGOYARI"
                }
            ],
            "contractPeriod": [
                {
                    "startDate": "2023-16-06",
                    "durationInDays": 150
                }
            ]
        },
        {
            "id": 2,
            "value": [
                {
                    "amount": "396078414",
                    "currency": "INR"
                }
            ]
        }
    ]
}