{
    "ocid": "ocds-f5kvwu-2023_BoTC_33528_2",
    "id": "1",
    "date": "2024-11-27",
    "tag": [
        "tender"
    ],
    "initiationType": "tender",
    "parties": [
        {
            "id": "bodolandterritorialcouncil",
            "name": "Bodoland Territorial Council",
            "roles": [
                "buyer"
            ]
        },
        {
            "id": "msmdenterprise",
            "name": "M/S M.D. ENTERPRISE",
            "roles": [
                "tenderer",
                "supplier"
            ]
        },
        {
            "id": "msmuchaharyenterprise",
            "name": "M/S MUCHAHARY ENTERPRISE",
            "roles": [
                "tenderer"
            ]
        },
        {
            "id": "bdoborobazartdblock",
            "name": "BDO Borobazar TD Block",
            "address": [
                {
                    "streetAddress": "Borobazar TD Block Borobazar under Chirang District"
                }
            ],
            "roles": [
                "procuringEntity"
            ]
        }
    ],
    "buyer": [
        {
            "name": "Bodoland Territorial Council",
            "id": "bodolandterritorialcouncil"
        }
    ],
    "tender": [
        {
            "id": "2023_BoTC_33528_2",
            "identifiers": [
                {
                    "id": "BDB/6th ASFC/2023-24/10",
                    "scheme": "external"
                }
            ],
            "title": "Impt of road with sand gravelling from Dhadri Basti PWD road to Bhumkipara Tiniali under 6th ASFC for the year 2023-24",
            "description": "BDB/6th ASFC/2023-24/(Corri) 11/A",
            "datePublished": "2024-06-01 11:00",
            "contractType": "Tender",
            "submissionTerms": [
                {
                    "allowPreferentialBidder": "No",
                    "allowMultiCurrencyFee": "No",
                    "allowMultiCurrencyBQQ": "No",
                    "bidValidityPeriod": [
                        {
                            "durationInDays": 180
                        }
                    ]
                }
            ],
            "procuringEntity": [
                {
                    "name": "BDO Borobazar TD Block",
                    "id": "bdoborobazartdblock"
                }
            ],
            "items": [
                {
                    "id": "01",
                    "classification": [
                        {
                            "description": "Civil Works \u2013 Roads"
                        }
                    ],
                    "additionalClassifications": [
                        {
                            "description": "Work Item Details > Subcategory"
                        }
                    ],
                    "deliveryAddresses": [
                        {
                            "postalCode": "783393.0",
                            "streetAddress": "Borobazar"
                        }
                    ]
                }
            ],
            "value": [
                {
                    "amount": 2478069.0,
                    "currency": "INR"
                }
            ],
            "procurementMethod": "Open Tender",
            "mainProcurementCategory": "Item Rate",
            "tenderPeriod": [
                {
                    "startDate": "2024-06-01 11:00",
                    "endDate": "2024-18-01 13:00",
                    "durationInDays": 12
                }
            ],
            "enquiryPeriod": [
                {
                    "startDate": "2024-06-01 11:00",
                    "endDate": "2024-18-01 13:00",
                    "durationInDays": 12
                }
            ],
            "contractPeriod": [
                {
                    "durationInDays": 45
                }
            ],
            "communication": [
                {
                    "id": 1,
                    "documentAvailabilityPeriod": [
                        {
                            "startDate": "2024-06-01 11:00",
                            "endDate": "2024-18-01 13:00"
                        }
                    ]
                }
            ],
            "bidOpening": [
                {
                    "date": "2024-18-01 14:00",
                    "address": [
                        {
                            "streetAddress": "Borobazar TD Block"
                        }
                    ]
                }
            ],
            "participationFees": [
                {
                    "id": "01",
                    "value": [
                        {
                            "amount": 750.0,
                            "currency": "INR"
                        }
                    ],
                    "description": "Nil"
                }
            ],
            "numberOfTenderers": 5,
            "milestones": [
                {
                    "id": "1",
                    "title": "Published Date",
                    "type": "Pre-procurement milestones",
                    "dueDate": "2024-06-01 11:00"
                },
                {
                    "id": "2",
                    "title": "Document Download / Sale Start Date",
                    "type": "Pre-procurement milestones",
                    "dueDate": "2024-06-01 11:00"
                },
                {
                    "id": "3",
                    "title": "Clarification Start Date",
                    "type": "Pre-procurement milestones",
                    "dueDate": "2024-06-01 11:00"
                },
                {
                    "id": "4",
                    "title": "Bid Submission Start Date",
                    "type": "Pre-procurement milestones",
                    "dueDate": "2024-06-01 11:00"
                },
                {
                    "id": "5",
                    "title": "Bid Opening Date",
                    "type": "Pre-procurement milestones",
                    "dueDate": "2024-18-01 14:00"
                },
                {
                    "id": "6",
                    "title": "Document Download / Sale End Date",
                    "type": "Pre-procurement milestones",
                    "dueDate": "2024-18-01 13:00"
                },
                {
                    "id": "7",
                    "title": "Clarification End Date",
                    "type": "Pre-procurement milestones",
                    "dueDate": "2024-18-01 13:00"
                },
                {
                    "id": "8",
                    "title": "Bid Submission End Date",
                    "type": "Pre-procurement milestones",
                    "dueDate": "2024-18-01 13:00"
                },
                {
                    "id": "9",
                    "title": "Financial Bid Opening Date",
                    "type": "Pre-procurement milestones",
                    "dueDate": "2024-02-02 10:30"
                }
            ],
            "fiscalYear": "2023-2024"
        }
    ],
    "bids": [
        {
            "id": 1,
            "details": [
                {
                    "id": "221197.0",
                    "date": "2024-18-01 10:16",
                    "status": "Rejected-AOC",
                    "tenderers": [
                        {
                            "id": "msmuchaharyenterprise",
                            "name": "M/S MUCHAHARY ENTERPRISE"
                        }
                    ]
                },
                {
                    "id": "221201.0",
                    "date": "2024-18-01 10:31",
                    "status": "Accepted-AOC",
                    "tenderers": [
                        {
                            "id": "msmdenterprise",
                            "name": "M/S M.D. ENTERPRISE"
                        }
                    ]
                }
            ]
        }
    ],
    "statistics": [
        {
            "id": "1",
            "value": 2478062.12,
            "currency": "INR",
            "measure": "contractValue"
        }
    ],
    "awards": [
        {
            "id": 1,
            "description": "M/S M.D Enterprise is the lowest bidder and being awarded as L1",
            "value": [
                {
                    "amount": 2478062.12,
                    "currency": "INR"
                }
            ],
            "suppliers": [
                {
                    "id": "msmdenterprise",
                    "name": "M/S M.D. ENTERPRISE"
                }
            ],
            "contractPeriod": [
                {
                    "startDate": "2024-05-08",
                    "durationInDays": 45
                }
            ]
        },
        {
            "id": 2,
            "value": [
                {
                    "amount": "247806212",
                    "currency": "INR"
                }
            ]
        }
    ]
}