{
    "ocid": "ocds-f5kvwu-2023_APGCL_31171_1",
    "id": "1",
    "date": "2024-11-27",
    "tag": [
        "tender"
    ],
    "initiationType": "tender",
    "parties": [
        {
            "id": "assampowergenerationcompanylimited",
            "name": "Assam Power Generation Company Limited",
            "roles": [
                "buyer"
            ]
        },
        {
            "id": "aimilltd",
            "name": "AIMIL LTD",
            "roles": [
                "tenderer",
                "supplier"
            ]
        },
        {
            "id": "encardioriteelectronicspvtltd",
            "name": "ENCARDIO-RITE ELECTRONICS PVT LTD",
            "roles": [
                "tenderer"
            ]
        },
        {
            "id": "cgmgeneration",
            "name": "CGM Generation",
            "address": [
                {
                    "streetAddress": "3rd floor, Bijulee Bhawan, Paltan Bazar, Ghy-01"
                }
            ],
            "roles": [
                "procuringEntity"
            ]
        }
    ],
    "buyer": [
        {
            "name": "Assam Power Generation Company Limited",
            "id": "assampowergenerationcompanylimited"
        }
    ],
    "tender": [
        {
            "id": "2023_APGCL_31171_1",
            "identifiers": [
                {
                    "id": "DAM GALLERY INSTRUMENTATION 11 20",
                    "scheme": "external"
                }
            ],
            "title": "Instrumentation of Dam Gallery",
            "description": "Instrumentation of Dam Gallery at Hatidubi Dam Karbi Langpi Hydro Electric Project Assam",
            "datePublished": "2023-13-06 09:00",
            "contractType": "Tender",
            "submissionTerms": [
                {
                    "allowPreferentialBidder": "No",
                    "allowMultiCurrencyFee": "No",
                    "allowMultiCurrencyBQQ": "No",
                    "bidValidityPeriod": [
                        {
                            "durationInDays": 180
                        }
                    ]
                }
            ],
            "procuringEntity": [
                {
                    "name": "CGM Generation",
                    "id": "cgmgeneration"
                }
            ],
            "items": [
                {
                    "id": "01",
                    "classification": [
                        {
                            "description": "Repair and Maintenance Services"
                        }
                    ],
                    "additionalClassifications": [
                        {
                            "description": "Work Item Details > Subcategory"
                        }
                    ],
                    "deliveryAddresses": [
                        {
                            "postalCode": "782450.0",
                            "streetAddress": "Amtereng West Karbi Anglong"
                        }
                    ]
                }
            ],
            "value": [
                {
                    "amount": 9405190.0,
                    "currency": "INR"
                }
            ],
            "procurementMethod": "Open Tender",
            "mainProcurementCategory": "Tender cum Auction",
            "tenderPeriod": [
                {
                    "startDate": "2023-13-06 09:00",
                    "endDate": "2023-12-07 12:00",
                    "durationInDays": 29
                }
            ],
            "contractPeriod": [
                {
                    "durationInDays": 45
                }
            ],
            "communication": [
                {
                    "id": 1,
                    "documentAvailabilityPeriod": [
                        {
                            "startDate": "2023-13-06 09:00",
                            "endDate": "2023-12-07 12:00"
                        }
                    ]
                }
            ],
            "bidOpening": [
                {
                    "date": "2023-12-07 15:00",
                    "address": [
                        {
                            "streetAddress": "3rd floor, Bijulee Bhawan"
                        }
                    ]
                }
            ],
            "participationFees": [
                {
                    "id": "01",
                    "value": [
                        {
                            "amount": 2000.0,
                            "currency": "INR"
                        }
                    ],
                    "description": "Nil"
                }
            ],
            "numberOfTenderers": 4,
            "milestones": [
                {
                    "id": "1",
                    "title": "Published Date",
                    "type": "Pre-procurement milestones",
                    "dueDate": "2023-13-06 09:00"
                },
                {
                    "id": "2",
                    "title": "Document Download / Sale Start Date",
                    "type": "Pre-procurement milestones",
                    "dueDate": "2023-13-06 09:00"
                },
                {
                    "id": "3",
                    "title": "Bid Submission Start Date",
                    "type": "Pre-procurement milestones",
                    "dueDate": "2023-13-06 09:00"
                },
                {
                    "id": "4",
                    "title": "Bid Opening Date",
                    "type": "Pre-procurement milestones",
                    "dueDate": "2023-12-07 15:00"
                },
                {
                    "id": "5",
                    "title": "Document Download / Sale End Date",
                    "type": "Pre-procurement milestones",
                    "dueDate": "2023-12-07 12:00"
                },
                {
                    "id": "6",
                    "title": "Bid Submission End Date",
                    "type": "Pre-procurement milestones",
                    "dueDate": "2023-12-07 12:00"
                },
                {
                    "id": "7",
                    "title": "Financial Bid Opening Date",
                    "type": "Pre-procurement milestones",
                    "dueDate": "2023-18-07 16:00"
                }
            ],
            "fiscalYear": "2023-2024"
        }
    ],
    "bids": [
        {
            "id": 1,
            "details": [
                {
                    "id": "188211.0",
                    "date": "2023-29-06 15:33",
                    "status": "Rejected-AOC",
                    "tenderers": [
                        {
                            "id": "encardioriteelectronicspvtltd",
                            "name": "ENCARDIO-RITE ELECTRONICS PVT LTD"
                        }
                    ]
                },
                {
                    "id": "188322.0",
                    "date": "2023-01-07 15:15",
                    "status": "Accepted-AOC",
                    "tenderers": [
                        {
                            "id": "aimilltd",
                            "name": "AIMIL LTD"
                        }
                    ]
                }
            ]
        }
    ],
    "statistics": [
        {
            "id": "1",
            "value": 8528740.0,
            "currency": "INR",
            "measure": "contractValue"
        }
    ],
    "awards": [
        {
            "id": 1,
            "value": [
                {
                    "amount": 8528740.0,
                    "currency": "INR"
                }
            ],
            "suppliers": [
                {
                    "id": "aimilltd",
                    "name": "AIMIL LTD"
                }
            ],
            "contractPeriod": [
                {
                    "startDate": "2024-09-07",
                    "durationInDays": 45
                }
            ]
        },
        {
            "id": 2,
            "value": [
                {
                    "amount": "8528740",
                    "currency": "INR"
                }
            ]
        }
    ]
}