{
    "ocid": "ocds-f5kvwu-2023_BoTC_34220_1",
    "id": "1",
    "date": "2024-11-27",
    "tag": [
        "tender"
    ],
    "initiationType": "tender",
    "parties": [
        {
            "id": "bodolandterritorialcouncil",
            "name": "Bodoland Territorial Council",
            "roles": [
                "buyer"
            ]
        },
        {
            "id": "nelsonbasumatary",
            "name": "NELSON BASUMATARY",
            "roles": [
                "tenderer",
                "supplier"
            ]
        },
        {
            "id": "sriminonmochahari",
            "name": "Sri Minon Mochahari",
            "roles": [
                "tenderer"
            ]
        },
        {
            "id": "sripranabbarman",
            "name": "SRI PRANAB BARMAN",
            "roles": [
                "tenderer"
            ]
        },
        {
            "id": "directorpnrdbtckokrajhar",
            "name": "Director PNRD BTC Kokrajhar",
            "address": [
                {
                    "streetAddress": "Director PNRD BTC Kokrajhar"
                }
            ],
            "roles": [
                "procuringEntity"
            ]
        }
    ],
    "buyer": [
        {
            "name": "Bodoland Territorial Council",
            "id": "bodolandterritorialcouncil"
        }
    ],
    "tender": [
        {
            "id": "2023_BoTC_34220_1",
            "identifiers": [
                {
                    "id": "DPRD/BTC/(SOPD)Udl-09/2023/09",
                    "scheme": "external"
                }
            ],
            "title": "Const of road with CC Block from Kangkali Chowk to Soshanghat under SOPD for the year 2023-24.",
            "description": "DPRD/BTC/(SOPD)Udl-09/2023/09",
            "datePublished": "2023-27-11 10:30",
            "contractType": "Tender",
            "submissionTerms": [
                {
                    "allowPreferentialBidder": "No",
                    "allowMultiCurrencyFee": "No",
                    "allowMultiCurrencyBQQ": "No",
                    "bidValidityPeriod": [
                        {
                            "durationInDays": 180
                        }
                    ]
                }
            ],
            "procuringEntity": [
                {
                    "name": "Director PNRD BTC Kokrajhar",
                    "id": "directorpnrdbtckokrajhar"
                }
            ],
            "items": [
                {
                    "id": "01",
                    "classification": [
                        {
                            "description": "Civil Works"
                        }
                    ],
                    "additionalClassifications": [
                        {
                            "description": "Work Item Details > Subcategory"
                        }
                    ],
                    "deliveryAddresses": [
                        {
                            "postalCode": "784509.0",
                            "streetAddress": "Udalguri"
                        }
                    ]
                }
            ],
            "value": [
                {
                    "amount": 5596917.0,
                    "currency": "INR"
                }
            ],
            "procurementMethod": "Open Tender",
            "mainProcurementCategory": "Item Rate",
            "tenderPeriod": [
                {
                    "startDate": "2023-27-11 10:30",
                    "endDate": "2023-18-12 14:30",
                    "durationInDays": 21
                }
            ],
            "enquiryPeriod": [
                {
                    "startDate": "2023-27-11 10:30",
                    "endDate": "2023-18-12 14:00",
                    "durationInDays": 21
                }
            ],
            "contractPeriod": [
                {
                    "durationInDays": 180
                }
            ],
            "communication": [
                {
                    "id": 1,
                    "documentAvailabilityPeriod": [
                        {
                            "startDate": "2023-27-11 10:30",
                            "endDate": "2023-18-12 14:30"
                        }
                    ]
                }
            ],
            "bidOpening": [
                {
                    "date": "2023-19-12 14:30",
                    "address": [
                        {
                            "streetAddress": "Director PNRD BTC Kokrajhar"
                        }
                    ]
                }
            ],
            "participationFees": [
                {
                    "id": "01",
                    "value": [
                        {
                            "amount": 1100.0,
                            "currency": "INR"
                        }
                    ],
                    "description": "Nil"
                }
            ],
            "numberOfTenderers": 5,
            "milestones": [
                {
                    "id": "1",
                    "title": "Published Date",
                    "type": "Pre-procurement milestones",
                    "dueDate": "2023-27-11 10:30"
                },
                {
                    "id": "2",
                    "title": "Document Download / Sale Start Date",
                    "type": "Pre-procurement milestones",
                    "dueDate": "2023-27-11 10:30"
                },
                {
                    "id": "3",
                    "title": "Clarification Start Date",
                    "type": "Pre-procurement milestones",
                    "dueDate": "2023-27-11 10:30"
                },
                {
                    "id": "4",
                    "title": "Bid Submission Start Date",
                    "type": "Pre-procurement milestones",
                    "dueDate": "2023-27-11 10:30"
                },
                {
                    "id": "5",
                    "title": "Bid Opening Date",
                    "type": "Pre-procurement milestones",
                    "dueDate": "2023-19-12 14:30"
                },
                {
                    "id": "6",
                    "title": "Document Download / Sale End Date",
                    "type": "Pre-procurement milestones",
                    "dueDate": "2023-18-12 14:30"
                },
                {
                    "id": "7",
                    "title": "Clarification End Date",
                    "type": "Pre-procurement milestones",
                    "dueDate": "2023-18-12 14:00"
                },
                {
                    "id": "8",
                    "title": "Bid Submission End Date",
                    "type": "Pre-procurement milestones",
                    "dueDate": "2023-18-12 14:30"
                },
                {
                    "id": "9",
                    "title": "Financial Bid Opening Date",
                    "type": "Pre-procurement milestones",
                    "dueDate": "2024-03-02 10:30"
                }
            ],
            "fiscalYear": "2023-2024"
        }
    ],
    "bids": [
        {
            "id": 1,
            "details": [
                {
                    "id": "214186.0",
                    "date": "2023-04-12 19:13",
                    "status": "Rejected-AOC",
                    "tenderers": [
                        {
                            "id": "sriminonmochahari",
                            "name": "Sri Minon Mochahari"
                        }
                    ]
                },
                {
                    "id": "214184.0",
                    "date": "2023-04-12 18:48",
                    "status": "Rejected-AOC",
                    "tenderers": [
                        {
                            "id": "sripranabbarman",
                            "name": "SRI PRANAB BARMAN"
                        }
                    ]
                },
                {
                    "id": "214180.0",
                    "date": "2023-04-12 18:43",
                    "status": "Accepted-AOC",
                    "tenderers": [
                        {
                            "id": "nelsonbasumatary",
                            "name": "NELSON BASUMATARY"
                        }
                    ]
                }
            ]
        }
    ],
    "statistics": [
        {
            "id": "1",
            "value": 5546000.0,
            "currency": "INR",
            "measure": "contractValue"
        }
    ],
    "awards": [
        {
            "id": 1,
            "description": "Const of road with CC Block from Kangkali Chowk to Soshanghat under SOPD for the year 2023-24.",
            "value": [
                {
                    "amount": 5546000.0,
                    "currency": "INR"
                }
            ],
            "suppliers": [
                {
                    "id": "nelsonbasumatary",
                    "name": "NELSON BASUMATARY"
                }
            ],
            "contractPeriod": [
                {
                    "startDate": "2024-06-02",
                    "durationInDays": 150
                }
            ]
        },
        {
            "id": 2,
            "value": [
                {
                    "amount": "5545000",
                    "currency": "INR"
                }
            ]
        }
    ]
}