{
    "ocid": "ocds-f5kvwu-2023_AAU_34549_2",
    "id": "1",
    "date": "2024-11-27",
    "tag": [
        "tender"
    ],
    "initiationType": "tender",
    "parties": [
        {
            "id": "assamagriculturaluniversity",
            "name": "Assam Agricultural University",
            "roles": [
                "buyer"
            ]
        },
        {
            "id": "arponjyotineog",
            "name": "Arpon Jyoti Neog",
            "roles": [
                "tenderer",
                "supplier"
            ]
        },
        {
            "id": "dipaksaikia",
            "name": "DIPAK SAIKIA",
            "roles": [
                "tenderer"
            ]
        },
        {
            "id": "msaquatreat",
            "name": "M/S Aqua Treat",
            "roles": [
                "tenderer"
            ]
        },
        {
            "id": "superintendingengineerdppaau",
            "name": "Superintending Engineer, DPP, AAU",
            "address": [
                {
                    "streetAddress": "O/o DPP AAU JORHAT"
                }
            ],
            "roles": [
                "procuringEntity"
            ]
        }
    ],
    "buyer": [
        {
            "name": "Assam Agricultural University",
            "id": "assamagriculturaluniversity"
        }
    ],
    "tender": [
        {
            "id": "2023_AAU_34549_2",
            "identifiers": [
                {
                    "id": "Financial/Urgent/2023/6931",
                    "scheme": "external"
                }
            ],
            "title": "SUPPLY, INSTALLATION, TESTING AND COMMISSIONING OF SOLAR OPERATED IRRIGATION PUMP SET AT 6 NOS OF KVKs UNDER AAU, JORHAT",
            "description": "SUPPLY, INSTALLATION, TESTING AND COMMISSIONING OF SOLAR OPERATED IRRIGATION PUMP SET",
            "datePublished": "2024-12-01 15:30",
            "contractType": "Tender",
            "submissionTerms": [
                {
                    "allowPreferentialBidder": "No",
                    "allowMultiCurrencyFee": "No",
                    "allowMultiCurrencyBQQ": "No",
                    "bidValidityPeriod": [
                        {
                            "durationInDays": 180
                        }
                    ]
                }
            ],
            "procuringEntity": [
                {
                    "name": "Superintending Engineer, DPP, AAU",
                    "id": "superintendingengineerdppaau"
                }
            ],
            "items": [
                {
                    "id": "01",
                    "classification": [
                        {
                            "description": "Electrical Works"
                        }
                    ],
                    "additionalClassifications": [
                        {
                            "description": "Work Item Details > Subcategory"
                        }
                    ],
                    "deliveryAddresses": [
                        {
                            "postalCode": "785013.0",
                            "streetAddress": "AAU Jorhat"
                        }
                    ]
                }
            ],
            "value": [
                {
                    "amount": 3420000.0,
                    "currency": "INR"
                }
            ],
            "procurementMethod": "Open Tender",
            "mainProcurementCategory": "Percentage",
            "tenderPeriod": [
                {
                    "startDate": "2024-12-01 15:30",
                    "endDate": "2024-02-02 14:00",
                    "durationInDays": 20
                }
            ],
            "contractPeriod": [
                {
                    "durationInDays": 150
                }
            ],
            "communication": [
                {
                    "id": 1,
                    "documentAvailabilityPeriod": [
                        {
                            "startDate": "2024-12-01 15:30",
                            "endDate": "2024-02-02 14:00"
                        }
                    ]
                }
            ],
            "bidOpening": [
                {
                    "date": "2024-02-02 15:00",
                    "address": [
                        {
                            "streetAddress": "O/o DPP AAU JORHAT"
                        }
                    ]
                }
            ],
            "participationFees": [
                {
                    "id": "01",
                    "value": [
                        {
                            "amount": 1000.0,
                            "currency": "INR"
                        }
                    ],
                    "description": "Nil"
                }
            ],
            "numberOfTenderers": 8,
            "milestones": [
                {
                    "id": "1",
                    "title": "Published Date",
                    "type": "Pre-procurement milestones",
                    "dueDate": "2024-12-01 15:30"
                },
                {
                    "id": "2",
                    "title": "Document Download / Sale Start Date",
                    "type": "Pre-procurement milestones",
                    "dueDate": "2024-12-01 15:30"
                },
                {
                    "id": "3",
                    "title": "Bid Submission Start Date",
                    "type": "Pre-procurement milestones",
                    "dueDate": "2024-12-01 15:30"
                },
                {
                    "id": "4",
                    "title": "Bid Opening Date",
                    "type": "Pre-procurement milestones",
                    "dueDate": "2024-02-02 15:00"
                },
                {
                    "id": "5",
                    "title": "Document Download / Sale End Date",
                    "type": "Pre-procurement milestones",
                    "dueDate": "2024-02-02 14:00"
                },
                {
                    "id": "6",
                    "title": "Bid Submission End Date",
                    "type": "Pre-procurement milestones",
                    "dueDate": "2024-02-02 14:00"
                },
                {
                    "id": "7",
                    "title": "Financial Bid Opening Date",
                    "type": "Pre-procurement milestones",
                    "dueDate": "2024-20-02 17:00"
                }
            ],
            "fiscalYear": "2023-2024"
        }
    ],
    "bids": [
        {
            "id": 1,
            "details": [
                {
                    "id": "223617.0",
                    "date": "2024-02-02 11:18",
                    "status": "Rejected-AOC",
                    "tenderers": [
                        {
                            "id": "dipaksaikia",
                            "name": "DIPAK SAIKIA"
                        }
                    ]
                },
                {
                    "id": "223597.0",
                    "date": "2024-02-02 13:02",
                    "status": "Rejected-Technical",
                    "tenderers": [
                        {
                            "id": "msaquatreat",
                            "name": "M/S Aqua Treat"
                        }
                    ]
                },
                {
                    "id": "223614.0",
                    "date": "2024-02-02 11:12",
                    "status": "Accepted-AOC",
                    "tenderers": [
                        {
                            "id": "arponjyotineog",
                            "name": "Arpon Jyoti Neog"
                        }
                    ]
                }
            ]
        }
    ],
    "statistics": [
        {
            "id": "1",
            "value": 3248658.0,
            "currency": "INR",
            "measure": "contractValue"
        }
    ],
    "awards": [
        {
            "id": 1,
            "description": "Rupees Thirty Two Lakhs Forty Eight Thousand Six Hundred Fifty Eight only",
            "value": [
                {
                    "amount": 3248658.0,
                    "currency": "INR"
                }
            ],
            "suppliers": [
                {
                    "id": "arponjyotineog",
                    "name": "Arpon Jyoti Neog"
                }
            ],
            "contractPeriod": [
                {
                    "startDate": "2024-22-03",
                    "durationInDays": 150
                }
            ]
        },
        {
            "id": 2,
            "value": [
                {
                    "amount": "3248658",
                    "currency": "INR"
                }
            ]
        }
    ]
}