{
    "ocid": "ocds-f5kvwu-2023_AAU_34022_1",
    "id": "1",
    "date": "2024-11-27",
    "tag": [
        "tender"
    ],
    "initiationType": "tender",
    "parties": [
        {
            "id": "assamagriculturaluniversity",
            "name": "Assam Agricultural University",
            "roles": [
                "buyer"
            ]
        },
        {
            "id": "apcongroup",
            "name": "APCON GROUP",
            "roles": [
                "tenderer",
                "supplier"
            ]
        },
        {
            "id": "chakradharbarman",
            "name": "CHAKRADHAR BARMAN",
            "roles": [
                "tenderer"
            ]
        },
        {
            "id": "sriajitbaishya",
            "name": "SRI AJIT BAISHYA",
            "roles": [
                "tenderer"
            ]
        },
        {
            "id": "directorofphysicalplantaaujorhat",
            "name": "Director of Physical Plant, AAU, Jorhat",
            "address": [
                {
                    "streetAddress": "O/o DPP, AAU, Jorhat"
                }
            ],
            "roles": [
                "procuringEntity"
            ]
        }
    ],
    "buyer": [
        {
            "name": "Assam Agricultural University",
            "id": "assamagriculturaluniversity"
        }
    ],
    "tender": [
        {
            "id": "2023_AAU_34022_1",
            "identifiers": [
                {
                    "id": "AAU/DPJ/97/2023-24",
                    "scheme": "external"
                }
            ],
            "title": "Development of AAU North Lakhimpur Campus under AAU under TG-EI for the year 2023-24",
            "description": "Construction of G plus 2 staff quarters, gymnasium and Associate Dean quarter",
            "datePublished": "2023-18-11 10:00",
            "contractType": "Tender",
            "submissionTerms": [
                {
                    "allowPreferentialBidder": "No",
                    "allowMultiCurrencyFee": "No",
                    "allowMultiCurrencyBQQ": "No",
                    "bidValidityPeriod": [
                        {
                            "durationInDays": 180
                        }
                    ]
                }
            ],
            "procuringEntity": [
                {
                    "name": "Director of Physical Plant, AAU, Jorhat",
                    "id": "directorofphysicalplantaaujorhat"
                }
            ],
            "items": [
                {
                    "id": "01",
                    "classification": [
                        {
                            "description": "Civil Works - Building"
                        }
                    ],
                    "additionalClassifications": [
                        {
                            "description": "Work Item Details > Subcategory"
                        }
                    ],
                    "deliveryAddresses": [
                        {
                            "postalCode": "787051.0",
                            "streetAddress": "At LCVSc, Joyhing, North Lakhimpur"
                        }
                    ]
                }
            ],
            "value": [
                {
                    "amount": 42514233.0,
                    "currency": "INR"
                }
            ],
            "procurementMethod": "Open Tender",
            "mainProcurementCategory": "Percentage",
            "tenderPeriod": [
                {
                    "startDate": "2023-18-11 10:00",
                    "endDate": "2023-11-12 14:00",
                    "durationInDays": 23
                }
            ],
            "contractPeriod": [
                {
                    "durationInDays": 540
                }
            ],
            "communication": [
                {
                    "id": 1,
                    "documentAvailabilityPeriod": [
                        {
                            "startDate": "2023-18-11 10:00",
                            "endDate": "2023-11-12 14:00"
                        }
                    ]
                }
            ],
            "bidOpening": [
                {
                    "date": "2023-11-12 15:00",
                    "address": [
                        {
                            "streetAddress": "O/o DPP, AAU, Jorhat"
                        }
                    ]
                }
            ],
            "participationFees": [
                {
                    "id": "01",
                    "value": [
                        {
                            "amount": 10000.0,
                            "currency": "INR"
                        }
                    ],
                    "description": "Nil"
                }
            ],
            "numberOfTenderers": 7,
            "milestones": [
                {
                    "id": "1",
                    "title": "Published Date",
                    "type": "Pre-procurement milestones",
                    "dueDate": "2023-18-11 10:00"
                },
                {
                    "id": "2",
                    "title": "Document Download / Sale Start Date",
                    "type": "Pre-procurement milestones",
                    "dueDate": "2023-18-11 10:00"
                },
                {
                    "id": "3",
                    "title": "Bid Submission Start Date",
                    "type": "Pre-procurement milestones",
                    "dueDate": "2023-18-11 10:00"
                },
                {
                    "id": "4",
                    "title": "Bid Opening Date",
                    "type": "Pre-procurement milestones",
                    "dueDate": "2023-11-12 15:00"
                },
                {
                    "id": "5",
                    "title": "Document Download / Sale End Date",
                    "type": "Pre-procurement milestones",
                    "dueDate": "2023-11-12 14:00"
                },
                {
                    "id": "6",
                    "title": "Bid Submission End Date",
                    "type": "Pre-procurement milestones",
                    "dueDate": "2023-11-12 14:00"
                },
                {
                    "id": "7",
                    "title": "Financial Bid Opening Date",
                    "type": "Pre-procurement milestones",
                    "dueDate": "2024-09-01 17:05"
                }
            ],
            "fiscalYear": "2023-2024"
        }
    ],
    "bids": [
        {
            "id": 1,
            "details": [
                {
                    "id": "214599.0",
                    "date": "2023-09-12 18:09",
                    "status": "Rejected-Technical",
                    "tenderers": [
                        {
                            "id": "chakradharbarman",
                            "name": "CHAKRADHAR BARMAN"
                        }
                    ]
                },
                {
                    "id": "214319.0",
                    "date": "2023-08-12 16:00",
                    "status": "Rejected-AOC",
                    "tenderers": [
                        {
                            "id": "sriajitbaishya",
                            "name": "SRI AJIT BAISHYA"
                        }
                    ]
                },
                {
                    "id": "214317.0",
                    "date": "2023-08-12 16:07",
                    "status": "Accepted-AOC",
                    "tenderers": [
                        {
                            "id": "apcongroup",
                            "name": "APCON GROUP"
                        }
                    ]
                }
            ]
        }
    ],
    "statistics": [
        {
            "id": "1",
            "value": 37880182.0,
            "currency": "INR",
            "measure": "contractValue"
        }
    ],
    "awards": [
        {
            "id": 1,
            "description": "Rupees Three Crore Seventy Eight Lakhs Eighty Thousand One Hundred Eighty Two only",
            "value": [
                {
                    "amount": 37880182.0,
                    "currency": "INR"
                }
            ],
            "suppliers": [
                {
                    "id": "apcongroup",
                    "name": "APCON GROUP"
                }
            ],
            "contractPeriod": [
                {
                    "startDate": "2024-02-02",
                    "durationInDays": 540
                }
            ]
        },
        {
            "id": 2,
            "value": [
                {
                    "amount": "37880182",
                    "currency": "INR"
                }
            ]
        }
    ]
}