{
    "ocid": "ocds-f5kvwu-2023_BoTC_34151_1",
    "id": "1",
    "date": "2024-11-27",
    "tag": [
        "tender"
    ],
    "initiationType": "tender",
    "parties": [
        {
            "id": "bodolandterritorialcouncil",
            "name": "Bodoland Territorial Council",
            "roles": [
                "buyer"
            ]
        },
        {
            "id": "mshimrajenterprise",
            "name": "M/S HIMRAJ ENTERPRISE",
            "roles": [
                "tenderer",
                "supplier"
            ]
        },
        {
            "id": "trinathbasumatary",
            "name": "TRINATH BASUMATARY",
            "roles": [
                "tenderer"
            ]
        },
        {
            "id": "thejointdirectorcumchdfisherydepttbtc",
            "name": "the Joint-Director cum CHD, Fishery Deptt.,BTC",
            "address": [
                {
                    "streetAddress": "O/o of the Joint-Director cum CHD, Fishery Deptt.,BTC, Kokrajhar."
                }
            ],
            "roles": [
                "procuringEntity"
            ]
        }
    ],
    "buyer": [
        {
            "name": "Bodoland Territorial Council",
            "id": "bodolandterritorialcouncil"
        }
    ],
    "tender": [
        {
            "id": "2023_BoTC_34151_1",
            "identifiers": [
                {
                    "id": "JDF/BTC/008/2023-24/343",
                    "scheme": "external"
                }
            ],
            "title": "Supply of Inputs for Existing Ponds",
            "description": "Supply of Inputs for Existing Ponds under SOPD fund for the year 2023-24.",
            "datePublished": "2023-23-11 09:00",
            "contractType": "Tender",
            "submissionTerms": [
                {
                    "allowPreferentialBidder": "No",
                    "allowMultiCurrencyFee": "No",
                    "allowMultiCurrencyBQQ": "No",
                    "bidValidityPeriod": [
                        {
                            "durationInDays": 180
                        }
                    ]
                }
            ],
            "procuringEntity": [
                {
                    "name": "the Joint-Director cum CHD, Fishery Deptt.,BTC",
                    "id": "thejointdirectorcumchdfisherydepttbtc"
                }
            ],
            "items": [
                {
                    "id": "01",
                    "classification": [
                        {
                            "description": "Supply of Materials"
                        }
                    ],
                    "additionalClassifications": [
                        {
                            "description": "Work Item Details > Subcategory"
                        }
                    ],
                    "deliveryAddresses": [
                        {
                            "postalCode": "783370.0",
                            "streetAddress": "BTR"
                        }
                    ]
                }
            ],
            "value": [
                {
                    "amount": 15000000.0,
                    "currency": "INR"
                }
            ],
            "procurementMethod": "Open Tender",
            "mainProcurementCategory": "Supply",
            "tenderPeriod": [
                {
                    "startDate": "2023-23-11 09:00",
                    "endDate": "2023-09-12 15:00",
                    "durationInDays": 16
                }
            ],
            "contractPeriod": [
                {
                    "durationInDays": 30
                }
            ],
            "communication": [
                {
                    "id": 1,
                    "documentAvailabilityPeriod": [
                        {
                            "startDate": "2023-23-11 09:00",
                            "endDate": "2023-09-12 15:00"
                        }
                    ]
                }
            ],
            "bidOpening": [
                {
                    "date": "2023-11-12 10:00",
                    "address": [
                        {
                            "streetAddress": "O/o of the Joint-Director cum CHD, Fishery Deptt."
                        }
                    ]
                }
            ],
            "participationFees": [
                {
                    "id": "01",
                    "value": [
                        {
                            "amount": 3500.0,
                            "currency": "INR"
                        }
                    ],
                    "description": "Nil"
                }
            ],
            "numberOfTenderers": 4,
            "milestones": [
                {
                    "id": "1",
                    "title": "Published Date",
                    "type": "Pre-procurement milestones",
                    "dueDate": "2023-23-11 09:00"
                },
                {
                    "id": "2",
                    "title": "Document Download / Sale Start Date",
                    "type": "Pre-procurement milestones",
                    "dueDate": "2023-23-11 09:00"
                },
                {
                    "id": "3",
                    "title": "Bid Submission Start Date",
                    "type": "Pre-procurement milestones",
                    "dueDate": "2023-25-11 16:00"
                },
                {
                    "id": "4",
                    "title": "Bid Opening Date",
                    "type": "Pre-procurement milestones",
                    "dueDate": "2023-11-12 10:00"
                },
                {
                    "id": "5",
                    "title": "Document Download / Sale End Date",
                    "type": "Pre-procurement milestones",
                    "dueDate": "2023-09-12 15:00"
                },
                {
                    "id": "6",
                    "title": "Bid Submission End Date",
                    "type": "Pre-procurement milestones",
                    "dueDate": "2023-09-12 15:00"
                },
                {
                    "id": "7",
                    "title": "Financial Bid Opening Date",
                    "type": "Pre-procurement milestones",
                    "dueDate": "2023-20-12 16:00"
                }
            ],
            "fiscalYear": "2023-2024"
        }
    ],
    "bids": [
        {
            "id": 1,
            "details": [
                {
                    "id": "214434.0",
                    "date": "2023-09-12 10:51",
                    "status": "Rejected-Finance",
                    "tenderers": [
                        {
                            "id": "trinathbasumatary",
                            "name": "TRINATH BASUMATARY"
                        }
                    ]
                },
                {
                    "id": "214443.0",
                    "date": "2023-09-12 11:40",
                    "status": "Accepted-AOC",
                    "tenderers": [
                        {
                            "id": "mshimrajenterprise",
                            "name": "M/S HIMRAJ ENTERPRISE"
                        }
                    ]
                }
            ]
        }
    ],
    "statistics": [
        {
            "id": "1",
            "value": 14994004.5,
            "currency": "INR",
            "measure": "contractValue"
        }
    ],
    "awards": [
        {
            "id": 1,
            "description": "Accepted and Approved by BTC Authority",
            "value": [
                {
                    "amount": 14994004.5,
                    "currency": "INR"
                }
            ],
            "suppliers": [
                {
                    "id": "mshimrajenterprise",
                    "name": "M/S HIMRAJ ENTERPRISE"
                }
            ],
            "contractPeriod": [
                {
                    "startDate": "2024-21-01",
                    "durationInDays": 30
                }
            ]
        },
        {
            "id": 2,
            "value": [
                {
                    "amount": "149940045",
                    "currency": "INR"
                }
            ]
        }
    ]
}