{
    "ocid": "ocds-f5kvwu-2023_AEGCL_34604_1",
    "id": "1",
    "date": "2024-11-27",
    "tag": [
        "tender"
    ],
    "initiationType": "tender",
    "parties": [
        {
            "id": "assamelectricitygridcorporationltd",
            "name": "Assam Electricity Grid Corporation Ltd",
            "roles": [
                "buyer"
            ]
        },
        {
            "id": "hitechcorporation",
            "name": "HI-TECH CORPORATION",
            "roles": [
                "tenderer",
                "supplier"
            ]
        },
        {
            "id": "msassamelectricstore",
            "name": "M/S Assam Electric Store",
            "roles": [
                "tenderer"
            ]
        },
        {
            "id": "cgmppdaegcl",
            "name": "CGM PPD, AEGCL",
            "address": [
                {
                    "streetAddress": "Office of the MD AEGCL, Bijulee Bhawan, Guwahati"
                }
            ],
            "roles": [
                "procuringEntity"
            ]
        }
    ],
    "buyer": [
        {
            "name": "Assam Electricity Grid Corporation Ltd",
            "id": "assamelectricitygridcorporationltd"
        }
    ],
    "tender": [
        {
            "id": "2023_AEGCL_34604_1",
            "identifiers": [
                {
                    "id": "AEGCLNFCONBORDUBI",
                    "scheme": "external"
                }
            ],
            "title": "Turnkey Construction of a 132kV Railway Traction Bay at 132kV Bordubi GSS, AEGCL including Supply of Bay Equipment and line bay materials and associated works etc",
            "description": "Turnkey Construction of a 132kV Railway Traction Bay at 132kV Bordubi GSS, AEGCL including Supply of Bay Equipment and line bay materials and associated works etc",
            "datePublished": "2023-12-12 12:00",
            "contractType": "Tender",
            "submissionTerms": [
                {
                    "allowPreferentialBidder": "No",
                    "allowMultiCurrencyFee": "No",
                    "allowMultiCurrencyBQQ": "No",
                    "bidValidityPeriod": [
                        {
                            "durationInDays": 180
                        }
                    ]
                }
            ],
            "procuringEntity": [
                {
                    "name": "CGM PPD, AEGCL",
                    "id": "cgmppdaegcl"
                }
            ],
            "items": [
                {
                    "id": "01",
                    "classification": [
                        {
                            "description": "Electrical Works"
                        }
                    ],
                    "additionalClassifications": [
                        {
                            "description": "Work Item Details > Subcategory"
                        }
                    ],
                    "deliveryAddresses": [
                        {
                            "postalCode": "786151.0",
                            "streetAddress": "Bordubi GSS"
                        }
                    ]
                }
            ],
            "value": [
                {
                    "amount": 32018920.0,
                    "currency": "INR"
                }
            ],
            "procurementMethod": "Open Tender",
            "mainProcurementCategory": "Turn-key",
            "tenderPeriod": [
                {
                    "startDate": "2023-12-12 12:00",
                    "endDate": "2024-02-01 12:00",
                    "durationInDays": 21
                }
            ],
            "contractPeriod": [
                {
                    "durationInDays": 270
                }
            ],
            "communication": [
                {
                    "id": 1,
                    "documentAvailabilityPeriod": [
                        {
                            "startDate": "2023-12-12 12:00",
                            "endDate": "2024-02-01 12:00"
                        }
                    ]
                }
            ],
            "bidOpening": [
                {
                    "date": "2024-04-01 14:00",
                    "address": [
                        {
                            "streetAddress": "AEGCL, Bijulee Bhawan, Guwahati"
                        }
                    ]
                }
            ],
            "participationFees": [
                {
                    "id": "01",
                    "value": [
                        {
                            "amount": 5000.0,
                            "currency": "INR"
                        }
                    ],
                    "description": "Nil"
                }
            ],
            "numberOfTenderers": 9,
            "milestones": [
                {
                    "id": "1",
                    "title": "Published Date",
                    "type": "Pre-procurement milestones",
                    "dueDate": "2023-12-12 12:00"
                },
                {
                    "id": "2",
                    "title": "Document Download / Sale Start Date",
                    "type": "Pre-procurement milestones",
                    "dueDate": "2023-12-12 12:00"
                },
                {
                    "id": "3",
                    "title": "Bid Submission Start Date",
                    "type": "Pre-procurement milestones",
                    "dueDate": "2023-19-12 12:00"
                },
                {
                    "id": "4",
                    "title": "Bid Opening Date",
                    "type": "Pre-procurement milestones",
                    "dueDate": "2024-04-01 14:00"
                },
                {
                    "id": "5",
                    "title": "Document Download / Sale End Date",
                    "type": "Pre-procurement milestones",
                    "dueDate": "2024-02-01 12:00"
                },
                {
                    "id": "6",
                    "title": "Bid Submission End Date",
                    "type": "Pre-procurement milestones",
                    "dueDate": "2024-02-01 12:00"
                },
                {
                    "id": "7",
                    "title": "Financial Bid Opening Date",
                    "type": "Pre-procurement milestones",
                    "dueDate": "2024-07-02 15:30"
                }
            ],
            "fiscalYear": "2023-2024"
        }
    ],
    "bids": [
        {
            "id": 1,
            "details": [
                {
                    "id": "217946.0",
                    "date": "2024-02-01 09:44",
                    "status": "Rejected-Technical",
                    "tenderers": [
                        {
                            "id": "msassamelectricstore",
                            "name": "M/S Assam Electric Store"
                        }
                    ]
                },
                {
                    "id": "217416.0",
                    "date": "2023-30-12 14:04",
                    "status": "Accepted-AOC",
                    "tenderers": [
                        {
                            "id": "hitechcorporation",
                            "name": "HI-TECH CORPORATION"
                        }
                    ]
                }
            ]
        }
    ],
    "statistics": [
        {
            "id": "1",
            "value": 35694323.0,
            "currency": "INR",
            "measure": "contractValue"
        }
    ],
    "awards": [
        {
            "id": 1,
            "value": [
                {
                    "amount": 35694323.0,
                    "currency": "INR"
                }
            ],
            "suppliers": [
                {
                    "id": "hitechcorporation",
                    "name": "HI-TECH CORPORATION"
                }
            ],
            "contractPeriod": [
                {
                    "startDate": "2024-20-02",
                    "durationInDays": 270
                }
            ]
        },
        {
            "id": 2,
            "value": [
                {
                    "amount": "35694323",
                    "currency": "INR"
                }
            ]
        }
    ]
}