{
    "ocid": "ocds-f5kvwu-2023_AHVD_34342_1",
    "id": "1",
    "date": "2024-11-27",
    "tag": [
        "tender"
    ],
    "initiationType": "tender",
    "parties": [
        {
            "id": "animalhusbandryandveterinarydepartment",
            "name": "Animal Husbandry and Veterinary Department",
            "roles": [
                "buyer"
            ]
        },
        {
            "id": "gopalchandrabora",
            "name": "GOPAL CHANDRA BORA",
            "roles": [
                "tenderer"
            ]
        },
        {
            "id": "jayantakhaund",
            "name": "Jayanta Khaund",
            "roles": [
                "tenderer",
                "supplier"
            ]
        },
        {
            "id": "utpalkumardas",
            "name": "UTPAL KUMAR DAS",
            "roles": [
                "tenderer"
            ]
        },
        {
            "id": "director",
            "name": "Director",
            "address": [
                {
                    "streetAddress": "Director Directorate of AH Vety Department"
                }
            ],
            "roles": [
                "procuringEntity"
            ]
        }
    ],
    "buyer": [
        {
            "name": "Animal Husbandry and Veterinary Department",
            "id": "animalhusbandryandveterinarydepartment"
        }
    ],
    "tender": [
        {
            "id": "2023_AHVD_34342_1",
            "identifiers": [
                {
                    "id": "414149_DFA_410954_2023_24_B",
                    "scheme": "external"
                }
            ],
            "title": "Construction of New Multicare Hospital at Golaghat in Golaghat District under SOPDG.",
            "description": "Construction of New Multicare Hospital at Golaghat in Golaghat District under SOPDG.",
            "datePublished": "2023-02-12 10:00",
            "contractType": "Tender",
            "submissionTerms": [
                {
                    "allowPreferentialBidder": "No",
                    "allowMultiCurrencyFee": "No",
                    "allowMultiCurrencyBQQ": "No",
                    "bidValidityPeriod": [
                        {
                            "durationInDays": 180
                        }
                    ]
                }
            ],
            "procuringEntity": [
                {
                    "name": "Director",
                    "id": "director"
                }
            ],
            "items": [
                {
                    "id": "01",
                    "classification": [
                        {
                            "description": "Civil Works"
                        }
                    ],
                    "additionalClassifications": [
                        {
                            "description": "Work Item Details > Subcategory"
                        }
                    ],
                    "deliveryAddresses": [
                        {
                            "postalCode": "785621.0",
                            "streetAddress": "Golaghat"
                        }
                    ]
                }
            ],
            "value": [
                {
                    "amount": 35945540.0,
                    "currency": "INR"
                }
            ],
            "procurementMethod": "Open Tender",
            "mainProcurementCategory": "Works",
            "tenderPeriod": [
                {
                    "startDate": "2023-02-12 10:00",
                    "endDate": "2023-26-12 14:00",
                    "durationInDays": 24
                }
            ],
            "enquiryPeriod": [
                {
                    "startDate": "2023-02-12 10:00",
                    "endDate": "2023-08-12 12:00",
                    "durationInDays": 6
                }
            ],
            "contractPeriod": [
                {
                    "durationInDays": 360
                }
            ],
            "communication": [
                {
                    "id": 1,
                    "documentAvailabilityPeriod": [
                        {
                            "startDate": "2023-02-12 10:00",
                            "endDate": "2023-26-12 14:00"
                        }
                    ]
                }
            ],
            "bidOpening": [
                {
                    "date": "2023-26-12 16:00",
                    "address": [
                        {
                            "streetAddress": "Chenikuthi 03"
                        }
                    ]
                }
            ],
            "participationFees": [
                {
                    "id": "01",
                    "value": [
                        {
                            "amount": 8000.0,
                            "currency": "INR"
                        }
                    ],
                    "description": "Nil"
                }
            ],
            "numberOfTenderers": 6,
            "milestones": [
                {
                    "id": "1",
                    "title": "Published Date",
                    "type": "Pre-procurement milestones",
                    "dueDate": "2023-02-12 10:00"
                },
                {
                    "id": "2",
                    "title": "Document Download / Sale Start Date",
                    "type": "Pre-procurement milestones",
                    "dueDate": "2023-02-12 10:00"
                },
                {
                    "id": "3",
                    "title": "Clarification Start Date",
                    "type": "Pre-procurement milestones",
                    "dueDate": "2023-02-12 10:00"
                },
                {
                    "id": "4",
                    "title": "Bid Submission Start Date",
                    "type": "Pre-procurement milestones",
                    "dueDate": "2023-15-12 14:00"
                },
                {
                    "id": "5",
                    "title": "Bid Opening Date",
                    "type": "Pre-procurement milestones",
                    "dueDate": "2023-26-12 16:00"
                },
                {
                    "id": "6",
                    "title": "Document Download / Sale End Date",
                    "type": "Pre-procurement milestones",
                    "dueDate": "2023-26-12 14:00"
                },
                {
                    "id": "7",
                    "title": "Clarification End Date",
                    "type": "Pre-procurement milestones",
                    "dueDate": "2023-08-12 12:00"
                },
                {
                    "id": "8",
                    "title": "Bid Submission End Date",
                    "type": "Pre-procurement milestones",
                    "dueDate": "2023-26-12 14:00"
                },
                {
                    "id": "9",
                    "title": "Financial Bid Opening Date",
                    "type": "Pre-procurement milestones",
                    "dueDate": "2023-29-12 17:10"
                }
            ],
            "fiscalYear": "2023-2024"
        }
    ],
    "bids": [
        {
            "id": 1,
            "details": [
                {
                    "id": "216809.0",
                    "date": "2023-26-12 12:41",
                    "status": "Rejected-AOC",
                    "tenderers": [
                        {
                            "id": "gopalchandrabora",
                            "name": "GOPAL CHANDRA BORA"
                        }
                    ]
                },
                {
                    "id": "216836.0",
                    "date": "2023-26-12 12:30",
                    "status": "Rejected-AOC",
                    "tenderers": [
                        {
                            "id": "utpalkumardas",
                            "name": "UTPAL KUMAR DAS"
                        }
                    ]
                },
                {
                    "id": "216504.0",
                    "date": "2023-25-12 18:41",
                    "status": "Accepted-AOC",
                    "tenderers": [
                        {
                            "id": "jayantakhaund",
                            "name": "Jayanta Khaund"
                        }
                    ]
                }
            ]
        }
    ],
    "statistics": [
        {
            "id": "1",
            "value": 35945540.0,
            "currency": "INR",
            "measure": "contractValue"
        }
    ],
    "awards": [
        {
            "id": 1,
            "value": [
                {
                    "amount": 35945540.0,
                    "currency": "INR"
                }
            ],
            "suppliers": [
                {
                    "id": "jayantakhaund",
                    "name": "Jayanta Khaund"
                }
            ],
            "contractPeriod": [
                {
                    "startDate": "2024-24-01",
                    "durationInDays": 360
                }
            ]
        },
        {
            "id": 2,
            "value": [
                {
                    "amount": "35945540",
                    "currency": "INR"
                }
            ]
        }
    ]
}