{
    "ocid": "ocds-f5kvwu-2023_BoTC_34289_1",
    "id": "1",
    "date": "2024-11-27",
    "tag": [
        "tender"
    ],
    "initiationType": "tender",
    "parties": [
        {
            "id": "bodolandterritorialcouncil",
            "name": "Bodoland Territorial Council",
            "roles": [
                "buyer"
            ]
        },
        {
            "id": "budhachoudhury",
            "name": "Budha Choudhury",
            "roles": [
                "tenderer"
            ]
        },
        {
            "id": "dilipkrbasumatary",
            "name": "DILIP KR BASUMATARY",
            "roles": [
                "tenderer",
                "supplier"
            ]
        },
        {
            "id": "srimwnswrangboro",
            "name": "Sri Mwnswrang Boro",
            "roles": [
                "tenderer"
            ]
        },
        {
            "id": "directoreducationbtckokrajhar",
            "name": "Director Education, BTC, Kokrajhar",
            "address": [
                {
                    "streetAddress": "O/o the Director Education, BTC, Kokrajhar"
                }
            ],
            "roles": [
                "procuringEntity"
            ]
        }
    ],
    "buyer": [
        {
            "name": "Bodoland Territorial Council",
            "id": "bodolandterritorialcouncil"
        }
    ],
    "tender": [
        {
            "id": "2023_BoTC_34289_1",
            "identifiers": [
                {
                    "id": "DOE/BTC/Samagra Shiksha/02/2023-24",
                    "scheme": "external"
                }
            ],
            "title": "Construction of 4 Nos of ACR at Udalguri Higher Secondary School Education Department at Udalguri, BTR",
            "description": "Construction of 4 Nos of ACR at Udalguri Higher Secondary School Education Department at Udalguri, BTR",
            "datePublished": "2023-30-11 11:00",
            "contractType": "Tender",
            "submissionTerms": [
                {
                    "allowPreferentialBidder": "No",
                    "allowMultiCurrencyFee": "No",
                    "allowMultiCurrencyBQQ": "No",
                    "bidValidityPeriod": [
                        {
                            "durationInDays": 180
                        }
                    ]
                }
            ],
            "procuringEntity": [
                {
                    "name": "Director Education, BTC, Kokrajhar",
                    "id": "directoreducationbtckokrajhar"
                }
            ],
            "items": [
                {
                    "id": "01",
                    "classification": [
                        {
                            "description": "Civil Works"
                        }
                    ],
                    "additionalClassifications": [
                        {
                            "description": "Work Item Details > Subcategory"
                        }
                    ],
                    "deliveryAddresses": [
                        {
                            "postalCode": "784509.0",
                            "streetAddress": "Udalguri"
                        }
                    ]
                }
            ],
            "value": [
                {
                    "amount": 7084940.0,
                    "currency": "INR"
                }
            ],
            "procurementMethod": "Open Tender",
            "mainProcurementCategory": "Works",
            "tenderPeriod": [
                {
                    "startDate": "2023-30-11 11:00",
                    "endDate": "2023-15-12 14:00",
                    "durationInDays": 15
                }
            ],
            "enquiryPeriod": [
                {
                    "startDate": "2023-30-11 11:00",
                    "endDate": "2023-15-12 12:00",
                    "durationInDays": 15
                }
            ],
            "contractPeriod": [
                {
                    "durationInDays": 730
                }
            ],
            "communication": [
                {
                    "id": 1,
                    "documentAvailabilityPeriod": [
                        {
                            "startDate": "2023-30-11 11:00",
                            "endDate": "2023-15-12 14:00"
                        }
                    ]
                }
            ],
            "bidOpening": [
                {
                    "date": "2023-15-12 15:00",
                    "address": [
                        {
                            "streetAddress": "O/o the Director Education, BTC, Kokrajhar"
                        }
                    ]
                }
            ],
            "participationFees": [
                {
                    "id": "01",
                    "value": [
                        {
                            "amount": 1500.0,
                            "currency": "INR"
                        }
                    ],
                    "description": "Nil"
                }
            ],
            "numberOfTenderers": 4,
            "milestones": [
                {
                    "id": "1",
                    "title": "Published Date",
                    "type": "Pre-procurement milestones",
                    "dueDate": "2023-30-11 11:00"
                },
                {
                    "id": "2",
                    "title": "Document Download / Sale Start Date",
                    "type": "Pre-procurement milestones",
                    "dueDate": "2023-30-11 11:00"
                },
                {
                    "id": "3",
                    "title": "Clarification Start Date",
                    "type": "Pre-procurement milestones",
                    "dueDate": "2023-30-11 11:00"
                },
                {
                    "id": "4",
                    "title": "Bid Submission Start Date",
                    "type": "Pre-procurement milestones",
                    "dueDate": "2023-30-11 11:00"
                },
                {
                    "id": "5",
                    "title": "Bid Opening Date",
                    "type": "Pre-procurement milestones",
                    "dueDate": "2023-15-12 15:00"
                },
                {
                    "id": "6",
                    "title": "Document Download / Sale End Date",
                    "type": "Pre-procurement milestones",
                    "dueDate": "2023-15-12 14:00"
                },
                {
                    "id": "7",
                    "title": "Clarification End Date",
                    "type": "Pre-procurement milestones",
                    "dueDate": "2023-15-12 12:00"
                },
                {
                    "id": "8",
                    "title": "Bid Submission End Date",
                    "type": "Pre-procurement milestones",
                    "dueDate": "2023-15-12 14:00"
                },
                {
                    "id": "9",
                    "title": "Financial Bid Opening Date",
                    "type": "Pre-procurement milestones",
                    "dueDate": "2024-15-02 16:00"
                }
            ],
            "fiscalYear": "2023-2024"
        }
    ],
    "bids": [
        {
            "id": 1,
            "details": [
                {
                    "id": "215073.0",
                    "date": "2023-15-12 10:29",
                    "status": "Rejected-AOC",
                    "tenderers": [
                        {
                            "id": "budhachoudhury",
                            "name": "Budha Choudhury"
                        }
                    ]
                },
                {
                    "id": "215059.0",
                    "date": "2023-15-12 10:40",
                    "status": "Rejected-Technical",
                    "tenderers": [
                        {
                            "id": "srimwnswrangboro",
                            "name": "Sri Mwnswrang Boro"
                        }
                    ]
                },
                {
                    "id": "214997.0",
                    "date": "2023-15-12 09:46",
                    "status": "Accepted-AOC",
                    "tenderers": [
                        {
                            "id": "dilipkrbasumatary",
                            "name": "DILIP KR BASUMATARY"
                        }
                    ]
                }
            ]
        }
    ],
    "statistics": [
        {
            "id": "1",
            "value": 7083457.02,
            "currency": "INR",
            "measure": "contractValue"
        }
    ],
    "awards": [
        {
            "id": 1,
            "description": "WO",
            "value": [
                {
                    "amount": 7083457.02,
                    "currency": "INR"
                }
            ],
            "suppliers": [
                {
                    "id": "dilipkrbasumatary",
                    "name": "DILIP KR BASUMATARY"
                }
            ],
            "contractPeriod": [
                {
                    "startDate": "2024-22-08",
                    "durationInDays": 365
                }
            ]
        },
        {
            "id": 2,
            "value": [
                {
                    "amount": "708345702",
                    "currency": "INR"
                }
            ]
        }
    ]
}