{
    "ocid": "ocds-f5kvwu-2023_AHVD_32743_2",
    "id": "1",
    "date": "2024-11-27",
    "tag": [
        "tender"
    ],
    "initiationType": "tender",
    "parties": [
        {
            "id": "animalhusbandryandveterinarydepartment",
            "name": "Animal Husbandry and Veterinary Department",
            "roles": [
                "buyer"
            ]
        },
        {
            "id": "apurbakumardeka",
            "name": "APURBA KUMAR DEKA",
            "roles": [
                "tenderer"
            ]
        },
        {
            "id": "evergreenenterprise",
            "name": "Evergreen Enterprise",
            "roles": [
                "tenderer"
            ]
        },
        {
            "id": "jibangogoi",
            "name": "Jiban Gogoi",
            "roles": [
                "tenderer"
            ]
        },
        {
            "id": "mdrafiqulislam",
            "name": "Md. Rafiqul Islam",
            "roles": [
                "tenderer"
            ]
        },
        {
            "id": "monsoonenterprise",
            "name": "MONSOON ENTERPRISE",
            "roles": [
                "tenderer"
            ]
        },
        {
            "id": "safikulislam",
            "name": "SAFIKUL ISLAM",
            "roles": [
                "tenderer",
                "supplier"
            ]
        },
        {
            "id": "tafikurrahman",
            "name": "TAFIKUR RAHMAN",
            "roles": [
                "tenderer"
            ]
        },
        {
            "id": "director",
            "name": "Director",
            "address": [
                {
                    "streetAddress": "OFFICE OF THE DIRECTOR, ANIMAL HUSBANDRY and VETERINARY DEPARTMENT, ASSAM CHENIKUTHI, GUWAHATI -3"
                }
            ],
            "roles": [
                "procuringEntity"
            ]
        }
    ],
    "buyer": [
        {
            "name": "Animal Husbandry and Veterinary Department",
            "id": "animalhusbandryandveterinarydepartment"
        }
    ],
    "tender": [
        {
            "id": "2023_AHVD_32743_2",
            "identifiers": [
                {
                    "id": "E-350002/2023-24/DFA/342061",
                    "scheme": "external"
                }
            ],
            "title": "CONSTRUCTION OF ASSAM TYPE SUB-CENTRE BUILDING WITH ELECTRIFICATION, WATER SUPPLY AND SANITARY WORKS ETC. AT DAULASAL IN NALBARI DISTRICT",
            "description": "CONSTRUCTION OF ASSAM TYPE SUB-CENTRE BUILDING WITH ELECTRIFICATION, WATER SUPPLY AND SANITARY WORKS ETC. AT DAULASAL IN NALBARI DISTRICT",
            "datePublished": "2023-03-10 15:00",
            "contractType": "Tender",
            "submissionTerms": [
                {
                    "allowPreferentialBidder": "No",
                    "allowMultiCurrencyFee": "No",
                    "allowMultiCurrencyBQQ": "No",
                    "bidValidityPeriod": [
                        {
                            "durationInDays": 180
                        }
                    ]
                }
            ],
            "procuringEntity": [
                {
                    "name": "Director",
                    "id": "director"
                }
            ],
            "items": [
                {
                    "id": "01",
                    "classification": [
                        {
                            "description": "Civil Works"
                        }
                    ],
                    "additionalClassifications": [
                        {
                            "description": "Work Item Details > Subcategory"
                        }
                    ],
                    "deliveryAddresses": [
                        {
                            "postalCode": "781312.0",
                            "streetAddress": "DAULASAL"
                        }
                    ]
                }
            ],
            "value": [
                {
                    "amount": 3371000.0,
                    "currency": "INR"
                }
            ],
            "procurementMethod": "Open Tender",
            "mainProcurementCategory": "Item Rate",
            "tenderPeriod": [
                {
                    "startDate": "2023-03-10 15:00",
                    "endDate": "2023-26-10 14:00",
                    "durationInDays": 22
                }
            ],
            "contractPeriod": [
                {
                    "durationInDays": 180
                }
            ],
            "communication": [
                {
                    "id": 1,
                    "documentAvailabilityPeriod": [
                        {
                            "startDate": "2023-03-10 15:00",
                            "endDate": "2023-26-10 14:00"
                        }
                    ]
                }
            ],
            "bidOpening": [
                {
                    "date": "2023-27-10 14:30",
                    "address": [
                        {
                            "streetAddress": "O/o THE DIRECTOR, AHVD,Assam"
                        }
                    ]
                }
            ],
            "participationFees": [
                {
                    "id": "01",
                    "value": [
                        {
                            "amount": 1200.0,
                            "currency": "INR"
                        }
                    ],
                    "description": "Nil"
                }
            ],
            "numberOfTenderers": 8,
            "milestones": [
                {
                    "id": "1",
                    "title": "Published Date",
                    "type": "Pre-procurement milestones",
                    "dueDate": "2023-03-10 15:00"
                },
                {
                    "id": "2",
                    "title": "Document Download / Sale Start Date",
                    "type": "Pre-procurement milestones",
                    "dueDate": "2023-03-10 15:00"
                },
                {
                    "id": "3",
                    "title": "Bid Submission Start Date",
                    "type": "Pre-procurement milestones",
                    "dueDate": "2023-11-10 14:00"
                },
                {
                    "id": "4",
                    "title": "Bid Opening Date",
                    "type": "Pre-procurement milestones",
                    "dueDate": "2023-27-10 14:30"
                },
                {
                    "id": "5",
                    "title": "Document Download / Sale End Date",
                    "type": "Pre-procurement milestones",
                    "dueDate": "2023-26-10 14:00"
                },
                {
                    "id": "6",
                    "title": "Bid Submission End Date",
                    "type": "Pre-procurement milestones",
                    "dueDate": "2023-26-10 14:00"
                },
                {
                    "id": "7",
                    "title": "Financial Bid Opening Date",
                    "type": "Pre-procurement milestones",
                    "dueDate": "2023-16-12 17:05"
                }
            ],
            "fiscalYear": "2023-2024"
        }
    ],
    "bids": [
        {
            "id": 1,
            "details": [
                {
                    "id": "206405.0",
                    "date": "2023-26-10 08:33",
                    "status": "Rejected-AOC",
                    "tenderers": [
                        {
                            "id": "apurbakumardeka",
                            "name": "APURBA KUMAR DEKA"
                        }
                    ]
                },
                {
                    "id": "204561.0",
                    "date": "2023-26-10 00:33",
                    "status": "Rejected-AOC",
                    "tenderers": [
                        {
                            "id": "evergreenenterprise",
                            "name": "Evergreen Enterprise"
                        }
                    ]
                },
                {
                    "id": "205448.0",
                    "date": "2023-20-10 22:36",
                    "status": "Rejected-AOC",
                    "tenderers": [
                        {
                            "id": "jibangogoi",
                            "name": "Jiban Gogoi"
                        }
                    ]
                },
                {
                    "id": "205651.0",
                    "date": "2023-26-10 10:26",
                    "status": "Rejected-AOC",
                    "tenderers": [
                        {
                            "id": "mdrafiqulislam",
                            "name": "Md. Rafiqul Islam"
                        }
                    ]
                },
                {
                    "id": "206348.0",
                    "date": "2023-26-10 00:37",
                    "status": "Rejected-AOC",
                    "tenderers": [
                        {
                            "id": "monsoonenterprise",
                            "name": "MONSOON ENTERPRISE"
                        }
                    ]
                },
                {
                    "id": "205009.0",
                    "date": "2023-26-10 01:09",
                    "status": "Rejected-AOC",
                    "tenderers": [
                        {
                            "id": "tafikurrahman",
                            "name": "TAFIKUR RAHMAN"
                        }
                    ]
                },
                {
                    "id": "206347.0",
                    "date": "2023-26-10 11:43",
                    "status": "Accepted-AOC",
                    "tenderers": [
                        {
                            "id": "safikulislam",
                            "name": "SAFIKUL ISLAM"
                        }
                    ]
                }
            ]
        }
    ],
    "statistics": [
        {
            "id": "1",
            "value": 2410265.0,
            "currency": "INR",
            "measure": "contractValue"
        }
    ],
    "awards": [
        {
            "id": 1,
            "value": [
                {
                    "amount": 2410265.0,
                    "currency": "INR"
                }
            ],
            "suppliers": [
                {
                    "id": "safikulislam",
                    "name": "SAFIKUL ISLAM"
                }
            ],
            "contractPeriod": [
                {
                    "startDate": "2024-26-02",
                    "durationInDays": 180
                }
            ]
        },
        {
            "id": 2,
            "value": [
                {
                    "amount": "2410265",
                    "currency": "INR"
                }
            ]
        }
    ]
}