{
    "ocid": "ocds-f5kvwu-2023_BoTC_34515_1",
    "id": "1",
    "date": "2024-11-27",
    "tag": [
        "tender"
    ],
    "initiationType": "tender",
    "parties": [
        {
            "id": "bodolandterritorialcouncil",
            "name": "Bodoland Territorial Council",
            "roles": [
                "buyer"
            ]
        },
        {
            "id": "bajibwliswary",
            "name": "BAJIBWL ISWARY",
            "roles": [
                "tenderer",
                "supplier"
            ]
        },
        {
            "id": "dharamsingnarzary",
            "name": "DHARAMSING NARZARY",
            "roles": [
                "tenderer"
            ]
        },
        {
            "id": "ronenbasumatary",
            "name": "RONEN BASUMATARY",
            "roles": [
                "tenderer"
            ]
        },
        {
            "id": "bdosidlichirangdevblocksidli",
            "name": "BDO, Sidli-Chirang Dev. Block, Sidli",
            "address": [
                {
                    "streetAddress": "O/o the BDO, Sidli-Chirang Dev. Block, Sidli"
                }
            ],
            "roles": [
                "procuringEntity"
            ]
        }
    ],
    "buyer": [
        {
            "name": "Bodoland Territorial Council",
            "id": "bodolandterritorialcouncil"
        }
    ],
    "tender": [
        {
            "id": "2023_BoTC_34515_1",
            "identifiers": [
                {
                    "id": "BTC/SCDB/05/2023 - 05",
                    "scheme": "external"
                }
            ],
            "title": "Construction of Concrete Road at BBCA Compound at Tukrajhar under 15th Finance for the year 2022-23 during 2023-24",
            "description": "Construction of Concrete Road at BBCA Compound at Tukrajhar under 15th Finance for the year 2022-23 during 2023-24",
            "datePublished": "2023-07-12 09:00",
            "contractType": "Tender",
            "submissionTerms": [
                {
                    "allowPreferentialBidder": "No",
                    "allowMultiCurrencyFee": "No",
                    "allowMultiCurrencyBQQ": "No",
                    "bidValidityPeriod": [
                        {
                            "durationInDays": 180
                        }
                    ]
                }
            ],
            "procuringEntity": [
                {
                    "name": "BDO, Sidli-Chirang Dev. Block, Sidli",
                    "id": "bdosidlichirangdevblocksidli"
                }
            ],
            "items": [
                {
                    "id": "01",
                    "classification": [
                        {
                            "description": "Civil Works"
                        }
                    ],
                    "additionalClassifications": [
                        {
                            "description": "Work Item Details > Subcategory"
                        }
                    ],
                    "deliveryAddresses": [
                        {
                            "postalCode": "783373.0",
                            "streetAddress": "Sidli"
                        }
                    ]
                }
            ],
            "value": [
                {
                    "amount": 2400000.0,
                    "currency": "INR"
                }
            ],
            "procurementMethod": "Open Tender",
            "mainProcurementCategory": "Works",
            "tenderPeriod": [
                {
                    "startDate": "2023-07-12 09:00",
                    "endDate": "2023-26-12 15:00",
                    "durationInDays": 19
                }
            ],
            "enquiryPeriod": [
                {
                    "startDate": "2023-07-12 09:00",
                    "endDate": "2023-26-12 15:00",
                    "durationInDays": 19
                }
            ],
            "contractPeriod": [
                {
                    "durationInDays": 180
                }
            ],
            "communication": [
                {
                    "id": 1,
                    "documentAvailabilityPeriod": [
                        {
                            "startDate": "2023-07-12 09:00",
                            "endDate": "2023-26-12 15:00"
                        }
                    ]
                }
            ],
            "bidOpening": [
                {
                    "date": "2023-26-12 15:30",
                    "address": [
                        {
                            "streetAddress": "O/o the BDO, Sidli-Chirang Dev. Block, Sidli"
                        }
                    ]
                }
            ],
            "participationFees": [
                {
                    "id": "01",
                    "value": [
                        {
                            "amount": 500.0,
                            "currency": "INR"
                        }
                    ],
                    "description": "Nil"
                }
            ],
            "numberOfTenderers": 4,
            "milestones": [
                {
                    "id": "1",
                    "title": "Published Date",
                    "type": "Pre-procurement milestones",
                    "dueDate": "2023-07-12 09:00"
                },
                {
                    "id": "2",
                    "title": "Document Download / Sale Start Date",
                    "type": "Pre-procurement milestones",
                    "dueDate": "2023-07-12 09:00"
                },
                {
                    "id": "3",
                    "title": "Clarification Start Date",
                    "type": "Pre-procurement milestones",
                    "dueDate": "2023-07-12 09:00"
                },
                {
                    "id": "4",
                    "title": "Bid Submission Start Date",
                    "type": "Pre-procurement milestones",
                    "dueDate": "2023-07-12 09:00"
                },
                {
                    "id": "5",
                    "title": "Bid Opening Date",
                    "type": "Pre-procurement milestones",
                    "dueDate": "2023-26-12 15:30"
                },
                {
                    "id": "6",
                    "title": "Document Download / Sale End Date",
                    "type": "Pre-procurement milestones",
                    "dueDate": "2023-26-12 15:00"
                },
                {
                    "id": "7",
                    "title": "Clarification End Date",
                    "type": "Pre-procurement milestones",
                    "dueDate": "2023-26-12 15:00"
                },
                {
                    "id": "8",
                    "title": "Bid Submission End Date",
                    "type": "Pre-procurement milestones",
                    "dueDate": "2023-26-12 15:00"
                },
                {
                    "id": "9",
                    "title": "Financial Bid Opening Date",
                    "type": "Pre-procurement milestones",
                    "dueDate": "2023-30-12 17:50"
                }
            ],
            "fiscalYear": "2023-2024"
        }
    ],
    "bids": [
        {
            "id": 1,
            "details": [
                {
                    "id": "215581.0",
                    "date": "2023-20-12 19:42",
                    "status": "Rejected-Finance",
                    "tenderers": [
                        {
                            "id": "dharamsingnarzary",
                            "name": "DHARAMSING NARZARY"
                        }
                    ]
                },
                {
                    "id": "215578.0",
                    "date": "2023-20-12 19:33",
                    "status": "Rejected-Finance",
                    "tenderers": [
                        {
                            "id": "ronenbasumatary",
                            "name": "RONEN BASUMATARY"
                        }
                    ]
                },
                {
                    "id": "215576.0",
                    "date": "2023-20-12 19:23",
                    "status": "Accepted-AOC",
                    "tenderers": [
                        {
                            "id": "bajibwliswary",
                            "name": "BAJIBWL ISWARY"
                        }
                    ]
                }
            ]
        }
    ],
    "statistics": [
        {
            "id": "1",
            "value": 2373383.84,
            "currency": "INR",
            "measure": "contractValue"
        }
    ],
    "awards": [
        {
            "id": 1,
            "description": "L1 BIDDER",
            "value": [
                {
                    "amount": 2373383.84,
                    "currency": "INR"
                }
            ],
            "suppliers": [
                {
                    "id": "bajibwliswary",
                    "name": "BAJIBWL ISWARY"
                }
            ],
            "contractPeriod": [
                {
                    "startDate": "2024-17-03",
                    "durationInDays": 180
                }
            ]
        },
        {
            "id": 2,
            "value": [
                {
                    "amount": "237338384",
                    "currency": "INR"
                }
            ]
        }
    ]
}