{
    "ocid": "ocds-f5kvwu-2023_BoTC_35090_1",
    "id": "1",
    "date": "2024-11-27",
    "tag": [
        "tender"
    ],
    "initiationType": "tender",
    "parties": [
        {
            "id": "bodolandterritorialcouncil",
            "name": "Bodoland Territorial Council",
            "roles": [
                "buyer"
            ]
        },
        {
            "id": "computerlab",
            "name": "Computer Lab",
            "roles": [
                "tenderer",
                "supplier"
            ]
        },
        {
            "id": "msnizaenterprise",
            "name": "MS NIZA ENTERPRISE",
            "roles": [
                "tenderer"
            ]
        },
        {
            "id": "mspmenetrprise",
            "name": "Ms PM ENETRPRISE",
            "roles": [
                "tenderer"
            ]
        },
        {
            "id": "oothedirectorcumchdprintingandstationery",
            "name": "O/o the Director cum CHD, Printing and Stationery",
            "address": [
                {
                    "streetAddress": "O/o the Director cum CHD, Printing and Stationery Department"
                }
            ],
            "roles": [
                "procuringEntity"
            ]
        }
    ],
    "buyer": [
        {
            "name": "Bodoland Territorial Council",
            "id": "bodolandterritorialcouncil"
        }
    ],
    "tender": [
        {
            "id": "2023_BoTC_35090_1",
            "identifiers": [
                {
                    "id": "BTC/PS/01/2023 - 03",
                    "scheme": "external"
                }
            ],
            "title": "Procurement and installation of Offset Machine and Spiral Binding Machine",
            "description": "Procurement and installation of Offset Machine and Spiral Binding Machine",
            "datePublished": "2023-30-12 15:00",
            "contractType": "Tender",
            "submissionTerms": [
                {
                    "allowPreferentialBidder": "No",
                    "allowMultiCurrencyFee": "No",
                    "allowMultiCurrencyBQQ": "No",
                    "bidValidityPeriod": [
                        {
                            "durationInDays": 180
                        }
                    ]
                }
            ],
            "procuringEntity": [
                {
                    "name": "O/o the Director cum CHD, Printing and Stationery",
                    "id": "oothedirectorcumchdprintingandstationery"
                }
            ],
            "items": [
                {
                    "id": "01",
                    "classification": [
                        {
                            "description": "Machineries"
                        }
                    ],
                    "additionalClassifications": [
                        {
                            "description": "Work Item Details > Subcategory"
                        }
                    ],
                    "deliveryAddresses": [
                        {
                            "postalCode": "783370.0",
                            "streetAddress": "Kokrajhar"
                        }
                    ]
                }
            ],
            "value": [
                {
                    "amount": 3550000.0,
                    "currency": "INR"
                }
            ],
            "procurementMethod": "Open Tender",
            "mainProcurementCategory": "Supply",
            "tenderPeriod": [
                {
                    "startDate": "2023-30-12 15:00",
                    "endDate": "2024-15-01 15:00",
                    "durationInDays": 16
                }
            ],
            "enquiryPeriod": [
                {
                    "startDate": "2023-30-12 15:00",
                    "endDate": "2024-15-01 15:00",
                    "durationInDays": 16
                }
            ],
            "contractPeriod": [
                {
                    "durationInDays": 30
                }
            ],
            "communication": [
                {
                    "id": 1,
                    "documentAvailabilityPeriod": [
                        {
                            "startDate": "2023-30-12 15:00",
                            "endDate": "2024-15-01 15:00"
                        }
                    ]
                }
            ],
            "bidOpening": [
                {
                    "date": "2024-15-01 15:30",
                    "address": [
                        {
                            "streetAddress": "O/o the Director cum CHD, Printing and Stationery"
                        }
                    ]
                }
            ],
            "participationFees": [
                {
                    "id": "01",
                    "value": [
                        {
                            "amount": 750.0,
                            "currency": "INR"
                        }
                    ],
                    "description": "Nil"
                }
            ],
            "numberOfTenderers": 4,
            "milestones": [
                {
                    "id": "1",
                    "title": "Published Date",
                    "type": "Pre-procurement milestones",
                    "dueDate": "2023-30-12 15:00"
                },
                {
                    "id": "2",
                    "title": "Document Download / Sale Start Date",
                    "type": "Pre-procurement milestones",
                    "dueDate": "2023-30-12 15:00"
                },
                {
                    "id": "3",
                    "title": "Clarification Start Date",
                    "type": "Pre-procurement milestones",
                    "dueDate": "2023-30-12 15:00"
                },
                {
                    "id": "4",
                    "title": "Bid Submission Start Date",
                    "type": "Pre-procurement milestones",
                    "dueDate": "2023-30-12 15:00"
                },
                {
                    "id": "5",
                    "title": "Bid Opening Date",
                    "type": "Pre-procurement milestones",
                    "dueDate": "2024-15-01 15:30"
                },
                {
                    "id": "6",
                    "title": "Document Download / Sale End Date",
                    "type": "Pre-procurement milestones",
                    "dueDate": "2024-15-01 15:00"
                },
                {
                    "id": "7",
                    "title": "Clarification End Date",
                    "type": "Pre-procurement milestones",
                    "dueDate": "2024-15-01 15:00"
                },
                {
                    "id": "8",
                    "title": "Bid Submission End Date",
                    "type": "Pre-procurement milestones",
                    "dueDate": "2024-15-01 15:00"
                },
                {
                    "id": "9",
                    "title": "Financial Bid Opening Date",
                    "type": "Pre-procurement milestones",
                    "dueDate": "2024-19-01 18:40"
                }
            ],
            "fiscalYear": "2023-2024"
        }
    ],
    "bids": [
        {
            "id": 1,
            "details": [
                {
                    "id": "220938.0",
                    "date": "2024-15-01 10:55",
                    "status": "Rejected-Finance",
                    "tenderers": [
                        {
                            "id": "msnizaenterprise",
                            "name": "MS NIZA ENTERPRISE"
                        }
                    ]
                },
                {
                    "id": "218337.0",
                    "date": "2024-15-01 11:08",
                    "status": "Rejected-Finance",
                    "tenderers": [
                        {
                            "id": "mspmenetrprise",
                            "name": "Ms PM ENETRPRISE"
                        }
                    ]
                },
                {
                    "id": "218859.0",
                    "date": "2024-15-01 10:11",
                    "status": "Accepted-AOC",
                    "tenderers": [
                        {
                            "id": "computerlab",
                            "name": "Computer Lab"
                        }
                    ]
                }
            ]
        }
    ],
    "statistics": [
        {
            "id": "1",
            "value": 3550000.0,
            "currency": "INR",
            "measure": "contractValue"
        }
    ],
    "awards": [
        {
            "id": 1,
            "description": "L1 BIDDER",
            "value": [
                {
                    "amount": 3550000.0,
                    "currency": "INR"
                }
            ],
            "suppliers": [
                {
                    "id": "computerlab",
                    "name": "Computer Lab"
                }
            ],
            "contractPeriod": [
                {
                    "startDate": "2024-12-04",
                    "durationInDays": 30
                }
            ]
        },
        {
            "id": 2,
            "value": [
                {
                    "amount": "3550000",
                    "currency": "INR"
                }
            ]
        }
    ]
}