{
    "ocid": "ocds-f5kvwu-2023_AEGCL_35001_1",
    "id": "1",
    "date": "2024-11-27",
    "tag": [
        "tender"
    ],
    "initiationType": "tender",
    "parties": [
        {
            "id": "assamelectricitygridcorporationltd",
            "name": "Assam Electricity Grid Corporation Ltd",
            "roles": [
                "buyer"
            ]
        },
        {
            "id": "msassamelectricstore",
            "name": "M/S Assam Electric Store",
            "roles": [
                "tenderer",
                "supplier"
            ]
        },
        {
            "id": "nestechenterprise",
            "name": "NESTECH ENTERPRISE",
            "roles": [
                "tenderer"
            ]
        },
        {
            "id": "cgmppndaegcl",
            "name": "CGM (PPnD), AEGCL",
            "address": [
                {
                    "streetAddress": "O/o the MD, AEGCL, Bijulee Bhawan, Paltanbazar, Guwahati-1"
                }
            ],
            "roles": [
                "procuringEntity"
            ]
        }
    ],
    "buyer": [
        {
            "name": "Assam Electricity Grid Corporation Ltd",
            "id": "assamelectricitygridcorporationltd"
        }
    ],
    "tender": [
        {
            "id": "2023_AEGCL_35001_1",
            "identifiers": [
                {
                    "id": "TECH-765/AIIMS/2018/Additional Works",
                    "scheme": "external"
                }
            ],
            "title": "Procurement of spare equipment for 132/33kV AIIMS GSS, AEGCL at Changsari, Guwahati",
            "description": "Procurement of spare equipment for 132/33kV AIIMS GSS, AEGCL at Changsari, Guwahati",
            "datePublished": "2023-28-12 12:00",
            "contractType": "Tender",
            "submissionTerms": [
                {
                    "allowPreferentialBidder": "No",
                    "allowMultiCurrencyFee": "No",
                    "allowMultiCurrencyBQQ": "No",
                    "bidValidityPeriod": [
                        {
                            "durationInDays": 180
                        }
                    ]
                }
            ],
            "procuringEntity": [
                {
                    "name": "CGM (PPnD), AEGCL",
                    "id": "cgmppndaegcl"
                }
            ],
            "items": [
                {
                    "id": "01",
                    "classification": [
                        {
                            "description": "Electrical Works"
                        }
                    ],
                    "additionalClassifications": [
                        {
                            "description": "Work Item Details > Subcategory"
                        }
                    ],
                    "deliveryAddresses": [
                        {
                            "postalCode": "781101.0",
                            "streetAddress": "132/33kV AIIMS GSS, AEGCL at Changsari, Guwahati"
                        }
                    ]
                }
            ],
            "value": [
                {
                    "amount": 9913055.0,
                    "currency": "INR"
                }
            ],
            "procurementMethod": "Open Tender",
            "mainProcurementCategory": "Supply",
            "tenderPeriod": [
                {
                    "startDate": "2023-28-12 12:00",
                    "endDate": "2024-17-01 12:00",
                    "durationInDays": 20
                }
            ],
            "contractPeriod": [
                {
                    "durationInDays": 180
                }
            ],
            "communication": [
                {
                    "id": 1,
                    "documentAvailabilityPeriod": [
                        {
                            "startDate": "2023-28-12 12:00",
                            "endDate": "2024-17-01 12:00"
                        }
                    ]
                }
            ],
            "bidOpening": [
                {
                    "date": "2024-19-01 15:00",
                    "address": [
                        {
                            "streetAddress": "O/o the MD, AEGCL"
                        }
                    ]
                }
            ],
            "participationFees": [
                {
                    "id": "01",
                    "value": [
                        {
                            "amount": 2000.0,
                            "currency": "INR"
                        }
                    ],
                    "description": "Nil"
                }
            ],
            "numberOfTenderers": 5,
            "milestones": [
                {
                    "id": "1",
                    "title": "Published Date",
                    "type": "Pre-procurement milestones",
                    "dueDate": "2023-28-12 12:00"
                },
                {
                    "id": "2",
                    "title": "Document Download / Sale Start Date",
                    "type": "Pre-procurement milestones",
                    "dueDate": "2023-28-12 12:00"
                },
                {
                    "id": "3",
                    "title": "Bid Submission Start Date",
                    "type": "Pre-procurement milestones",
                    "dueDate": "2023-28-12 12:00"
                },
                {
                    "id": "4",
                    "title": "Bid Opening Date",
                    "type": "Pre-procurement milestones",
                    "dueDate": "2024-19-01 15:00"
                },
                {
                    "id": "5",
                    "title": "Document Download / Sale End Date",
                    "type": "Pre-procurement milestones",
                    "dueDate": "2024-17-01 12:00"
                },
                {
                    "id": "6",
                    "title": "Bid Submission End Date",
                    "type": "Pre-procurement milestones",
                    "dueDate": "2024-17-01 12:00"
                },
                {
                    "id": "7",
                    "title": "Financial Bid Opening Date",
                    "type": "Pre-procurement milestones",
                    "dueDate": "2024-20-01 17:30"
                }
            ],
            "fiscalYear": "2023-2024"
        }
    ],
    "bids": [
        {
            "id": 1,
            "details": [
                {
                    "id": "221047.0",
                    "date": "2024-16-01 19:41",
                    "status": "Rejected-Technical",
                    "tenderers": [
                        {
                            "id": "nestechenterprise",
                            "name": "NESTECH ENTERPRISE"
                        }
                    ]
                },
                {
                    "id": "220756.0",
                    "date": "2024-16-01 12:21",
                    "status": "Accepted-AOC",
                    "tenderers": [
                        {
                            "id": "msassamelectricstore",
                            "name": "M/S Assam Electric Store"
                        }
                    ]
                }
            ]
        }
    ],
    "statistics": [
        {
            "id": "1",
            "value": 11397300.0,
            "currency": "INR",
            "measure": "contractValue"
        }
    ],
    "awards": [
        {
            "id": 1,
            "value": [
                {
                    "amount": 11397300.0,
                    "currency": "INR"
                }
            ],
            "suppliers": [
                {
                    "id": "msassamelectricstore",
                    "name": "M/S Assam Electric Store"
                }
            ],
            "contractPeriod": [
                {
                    "startDate": "2024-15-07",
                    "durationInDays": 180
                }
            ]
        },
        {
            "id": 2,
            "value": [
                {
                    "amount": "11397300",
                    "currency": "INR"
                }
            ]
        }
    ]
}