{
    "ocid": "ocds-f5kvwu-2023_AEGCL_33459_1",
    "id": "1",
    "date": "2024-11-27",
    "tag": [
        "tender"
    ],
    "initiationType": "tender",
    "parties": [
        {
            "id": "assamelectricitygridcorporationltd",
            "name": "Assam Electricity Grid Corporation Ltd",
            "roles": [
                "buyer"
            ]
        },
        {
            "id": "abinashbaruah",
            "name": "Abinash Baruah",
            "roles": [
                "tenderer"
            ]
        },
        {
            "id": "archadchisteeneog",
            "name": "Archad Chistee Neog",
            "roles": [
                "tenderer"
            ]
        },
        {
            "id": "assampowerandconstruction",
            "name": "ASSAM POWER AND CONSTRUCTION",
            "roles": [
                "tenderer",
                "supplier"
            ]
        },
        {
            "id": "bijitdowarah",
            "name": "Bijit Dowarah",
            "roles": [
                "tenderer"
            ]
        },
        {
            "id": "bitulgoswami",
            "name": "Bitul Goswami",
            "roles": [
                "tenderer"
            ]
        },
        {
            "id": "dabjitgogoi",
            "name": "DABJIT GOGOI",
            "roles": [
                "tenderer"
            ]
        },
        {
            "id": "kongkonjyotibora",
            "name": "KONGKON JYOTI BORA",
            "roles": [
                "tenderer"
            ]
        },
        {
            "id": "rkenterprise",
            "name": "R K ENTERPRISE",
            "roles": [
                "tenderer"
            ]
        },
        {
            "id": "sridhrubajyotibora",
            "name": "Sri Dhrubajyoti Bora",
            "roles": [
                "tenderer"
            ]
        },
        {
            "id": "dgm",
            "name": "DGM",
            "address": [
                {
                    "streetAddress": "O/o DGM, UATTC, Garmur, Jorhat, 785007"
                }
            ],
            "roles": [
                "procuringEntity"
            ]
        }
    ],
    "buyer": [
        {
            "name": "Assam Electricity Grid Corporation Ltd",
            "id": "assamelectricitygridcorporationltd"
        }
    ],
    "tender": [
        {
            "id": "2023_AEGCL_33459_1",
            "identifiers": [
                {
                    "id": "AEGCL/DGM/UATTC/OM/Civil/1625",
                    "scheme": "external"
                }
            ],
            "title": "Construction, repairing, ronovation of Civil works under Mariani Division, AEGCL",
            "description": "Renovation of Guest House,Repairing of 2 no. of TypeIII Quarter,Repairing of 2 nos. of TypeIV Quarter,Repairing of 1 no. of TypeV Quarter at Mariani GSS and Supply and installation of Submersible Pump along with main pipe, tube wells at Garmur GSS",
            "datePublished": "2023-02-11 17:00",
            "contractType": "Tender",
            "submissionTerms": [
                {
                    "allowPreferentialBidder": "No",
                    "allowMultiCurrencyFee": "No",
                    "allowMultiCurrencyBQQ": "No",
                    "bidValidityPeriod": [
                        {
                            "durationInDays": 180
                        }
                    ]
                }
            ],
            "procuringEntity": [
                {
                    "name": "DGM",
                    "id": "dgm"
                }
            ],
            "items": [
                {
                    "id": "01",
                    "classification": [
                        {
                            "description": "Civil Works"
                        }
                    ],
                    "additionalClassifications": [
                        {
                            "description": "Work Item Details > Subcategory"
                        }
                    ],
                    "deliveryAddresses": [
                        {
                            "postalCode": "785007.0",
                            "streetAddress": "Mariani GSS and Garmur GSS"
                        }
                    ]
                }
            ],
            "value": [
                {
                    "amount": 2081381.0,
                    "currency": "INR"
                }
            ],
            "procurementMethod": "Open Tender",
            "mainProcurementCategory": "Works",
            "tenderPeriod": [
                {
                    "startDate": "2023-02-11 17:00",
                    "endDate": "2023-15-11 12:00",
                    "durationInDays": 12
                }
            ],
            "contractPeriod": [
                {
                    "durationInDays": 270
                }
            ],
            "communication": [
                {
                    "id": 1,
                    "documentAvailabilityPeriod": [
                        {
                            "startDate": "2023-02-11 17:00",
                            "endDate": "2023-15-11 12:00"
                        }
                    ]
                }
            ],
            "bidOpening": [
                {
                    "date": "2023-17-11 14:30",
                    "address": [
                        {
                            "streetAddress": "O/o DGM, UATTC, Jorhat"
                        }
                    ]
                }
            ],
            "participationFees": [
                {
                    "id": "01",
                    "value": [
                        {
                            "amount": 1000.0,
                            "currency": "INR"
                        }
                    ],
                    "description": "Nil"
                }
            ],
            "numberOfTenderers": 10,
            "milestones": [
                {
                    "id": "1",
                    "title": "Published Date",
                    "type": "Pre-procurement milestones",
                    "dueDate": "2023-02-11 17:00"
                },
                {
                    "id": "2",
                    "title": "Document Download / Sale Start Date",
                    "type": "Pre-procurement milestones",
                    "dueDate": "2023-02-11 17:00"
                },
                {
                    "id": "3",
                    "title": "Bid Submission Start Date",
                    "type": "Pre-procurement milestones",
                    "dueDate": "2023-02-11 17:00"
                },
                {
                    "id": "4",
                    "title": "Bid Opening Date",
                    "type": "Pre-procurement milestones",
                    "dueDate": "2023-17-11 14:30"
                },
                {
                    "id": "5",
                    "title": "Document Download / Sale End Date",
                    "type": "Pre-procurement milestones",
                    "dueDate": "2023-15-11 12:00"
                },
                {
                    "id": "6",
                    "title": "Bid Submission End Date",
                    "type": "Pre-procurement milestones",
                    "dueDate": "2023-15-11 12:00"
                },
                {
                    "id": "7",
                    "title": "Financial Bid Opening Date",
                    "type": "Pre-procurement milestones",
                    "dueDate": "2023-28-11 15:45"
                }
            ],
            "fiscalYear": "2023-2024"
        }
    ],
    "bids": [
        {
            "id": 1,
            "details": [
                {
                    "id": "210277.0",
                    "date": "2023-13-11 14:38",
                    "status": "Rejected-AOC",
                    "tenderers": [
                        {
                            "id": "abinashbaruah",
                            "name": "Abinash Baruah"
                        }
                    ]
                },
                {
                    "id": "210363.0",
                    "date": "2023-14-11 14:52",
                    "status": "Rejected-AOC",
                    "tenderers": [
                        {
                            "id": "archadchisteeneog",
                            "name": "Archad Chistee Neog"
                        }
                    ]
                },
                {
                    "id": "210000.0",
                    "date": "2023-12-11 20:02",
                    "status": "Rejected-AOC",
                    "tenderers": [
                        {
                            "id": "bijitdowarah",
                            "name": "Bijit Dowarah"
                        }
                    ]
                },
                {
                    "id": "210450.0",
                    "date": "2023-15-11 11:00",
                    "status": "Rejected-AOC",
                    "tenderers": [
                        {
                            "id": "bitulgoswami",
                            "name": "Bitul Goswami"
                        }
                    ]
                },
                {
                    "id": "210463.0",
                    "date": "2023-15-11 11:36",
                    "status": "Rejected-Technical",
                    "tenderers": [
                        {
                            "id": "dabjitgogoi",
                            "name": "DABJIT GOGOI"
                        }
                    ]
                },
                {
                    "id": "210274.0",
                    "date": "2023-13-11 17:09",
                    "status": "Rejected-AOC",
                    "tenderers": [
                        {
                            "id": "kongkonjyotibora",
                            "name": "KONGKON JYOTI BORA"
                        }
                    ]
                },
                {
                    "id": "210291.0",
                    "date": "2023-15-11 09:03",
                    "status": "Rejected-AOC",
                    "tenderers": [
                        {
                            "id": "rkenterprise",
                            "name": "R K ENTERPRISE"
                        }
                    ]
                },
                {
                    "id": "210472.0",
                    "date": "2023-15-11 11:50",
                    "status": "Rejected-Technical",
                    "tenderers": [
                        {
                            "id": "sridhrubajyotibora",
                            "name": "Sri Dhrubajyoti Bora"
                        }
                    ]
                },
                {
                    "id": "210466.0",
                    "date": "2023-15-11 08:03",
                    "status": "Accepted-AOC",
                    "tenderers": [
                        {
                            "id": "assampowerandconstruction",
                            "name": "ASSAM POWER AND CONSTRUCTION"
                        }
                    ]
                }
            ]
        }
    ],
    "statistics": [
        {
            "id": "1",
            "value": 1667632.0,
            "currency": "INR",
            "measure": "contractValue"
        }
    ],
    "awards": [
        {
            "id": 1,
            "description": "Work Order: Construction, repairing, renovation of Civil works under Mariani Division, AEGCL W/o No.: AEGCL/DGM/UATTC/O&M/WO/TC-02/2022/2363 Work Awarded to: M/s Assam Power & Construction, Jorhat",
            "value": [
                {
                    "amount": 1667632.0,
                    "currency": "INR"
                }
            ],
            "suppliers": [
                {
                    "id": "assampowerandconstruction",
                    "name": "ASSAM POWER AND CONSTRUCTION"
                }
            ],
            "contractPeriod": [
                {
                    "startDate": "2024-26-02",
                    "durationInDays": 270
                }
            ]
        },
        {
            "id": 2,
            "value": [
                {
                    "amount": "1667632",
                    "currency": "INR"
                }
            ]
        }
    ]
}