{
    "ocid": "ocds-f5kvwu-2023_BoTC_30998_1",
    "id": "1",
    "date": "2024-11-27",
    "tag": [
        "tender"
    ],
    "initiationType": "tender",
    "parties": [
        {
            "id": "bodolandterritorialcouncil",
            "name": "Bodoland Territorial Council",
            "roles": [
                "buyer"
            ]
        },
        {
            "id": "rajivkrbasumatary",
            "name": "RAJIV KR BASUMATARY",
            "roles": [
                "tenderer"
            ]
        },
        {
            "id": "sribinadbasumatary",
            "name": "Sri Binad Basumatary",
            "roles": [
                "tenderer"
            ]
        },
        {
            "id": "srisanjaymachahary",
            "name": "Sri Sanjay Machahary",
            "roles": [
                "tenderer",
                "supplier"
            ]
        },
        {
            "id": "directorpnrdbtckokrajhar",
            "name": "Director PNRD BTC Kokrajhar",
            "address": [
                {
                    "streetAddress": "Director PNRD BTC Kokrajhar"
                }
            ],
            "roles": [
                "procuringEntity"
            ]
        }
    ],
    "buyer": [
        {
            "name": "Bodoland Territorial Council",
            "id": "bodolandterritorialcouncil"
        }
    ],
    "tender": [
        {
            "id": "2023_BoTC_30998_1",
            "identifiers": [
                {
                    "id": "DPRD/BTC/Addl(SOPD)Bak16/23/14",
                    "scheme": "external"
                }
            ],
            "title": "Construction of Interlocking Concrete Block Pavement road at Daoraibari village to Kalicharan Boros house under Addl SOPD for the year 2022-23",
            "description": "DPRD/BTC/Addl(SOPD)Baksa-16/2023/14",
            "datePublished": "2023-29-05 10:30",
            "contractType": "Tender",
            "submissionTerms": [
                {
                    "allowPreferentialBidder": "No",
                    "allowMultiCurrencyFee": "No",
                    "allowMultiCurrencyBQQ": "No",
                    "bidValidityPeriod": [
                        {
                            "durationInDays": 180
                        }
                    ]
                }
            ],
            "procuringEntity": [
                {
                    "name": "Director PNRD BTC Kokrajhar",
                    "id": "directorpnrdbtckokrajhar"
                }
            ],
            "items": [
                {
                    "id": "01",
                    "classification": [
                        {
                            "description": "Civil Works"
                        }
                    ],
                    "additionalClassifications": [
                        {
                            "description": "Work Item Details > Subcategory"
                        }
                    ],
                    "deliveryAddresses": [
                        {
                            "postalCode": "781327.0",
                            "streetAddress": "Jalah"
                        }
                    ]
                }
            ],
            "value": [
                {
                    "amount": 3960578.0,
                    "currency": "INR"
                }
            ],
            "procurementMethod": "Open Tender",
            "mainProcurementCategory": "Item Rate",
            "tenderPeriod": [
                {
                    "startDate": "2023-29-05 10:30",
                    "endDate": "2023-20-06 14:30",
                    "durationInDays": 22
                }
            ],
            "enquiryPeriod": [
                {
                    "startDate": "2023-29-05 10:30",
                    "endDate": "2023-20-06 14:00",
                    "durationInDays": 22
                }
            ],
            "contractPeriod": [
                {
                    "durationInDays": 90
                }
            ],
            "communication": [
                {
                    "id": 1,
                    "documentAvailabilityPeriod": [
                        {
                            "startDate": "2023-29-05 10:30",
                            "endDate": "2023-20-06 14:30"
                        }
                    ]
                }
            ],
            "bidOpening": [
                {
                    "date": "2023-21-06 14:30",
                    "address": [
                        {
                            "streetAddress": "Director PNRD BTC Kokrajhar"
                        }
                    ]
                }
            ],
            "participationFees": [
                {
                    "id": "01",
                    "value": [
                        {
                            "amount": 800.0,
                            "currency": "INR"
                        }
                    ],
                    "description": "Nil"
                }
            ],
            "numberOfTenderers": 5,
            "milestones": [
                {
                    "id": "1",
                    "title": "Published Date",
                    "type": "Pre-procurement milestones",
                    "dueDate": "2023-29-05 10:30"
                },
                {
                    "id": "2",
                    "title": "Document Download / Sale Start Date",
                    "type": "Pre-procurement milestones",
                    "dueDate": "2023-29-05 10:30"
                },
                {
                    "id": "3",
                    "title": "Clarification Start Date",
                    "type": "Pre-procurement milestones",
                    "dueDate": "2023-29-05 10:30"
                },
                {
                    "id": "4",
                    "title": "Bid Submission Start Date",
                    "type": "Pre-procurement milestones",
                    "dueDate": "2023-29-05 10:30"
                },
                {
                    "id": "5",
                    "title": "Bid Opening Date",
                    "type": "Pre-procurement milestones",
                    "dueDate": "2023-21-06 14:30"
                },
                {
                    "id": "6",
                    "title": "Document Download / Sale End Date",
                    "type": "Pre-procurement milestones",
                    "dueDate": "2023-20-06 14:30"
                },
                {
                    "id": "7",
                    "title": "Clarification End Date",
                    "type": "Pre-procurement milestones",
                    "dueDate": "2023-20-06 14:00"
                },
                {
                    "id": "8",
                    "title": "Bid Submission End Date",
                    "type": "Pre-procurement milestones",
                    "dueDate": "2023-20-06 14:30"
                },
                {
                    "id": "9",
                    "title": "Financial Bid Opening Date",
                    "type": "Pre-procurement milestones",
                    "dueDate": "2023-12-07 16:15"
                }
            ],
            "fiscalYear": "2023-2024"
        }
    ],
    "bids": [
        {
            "id": 1,
            "details": [
                {
                    "id": "187724.0",
                    "date": "2023-20-06 09:31",
                    "status": "Rejected-Finance",
                    "tenderers": [
                        {
                            "id": "rajivkrbasumatary",
                            "name": "RAJIV KR BASUMATARY"
                        }
                    ]
                },
                {
                    "id": "187703.0",
                    "date": "2023-20-06 09:43",
                    "status": "Not Admitted-Fee/PreQual/Technical",
                    "tenderers": [
                        {
                            "id": "sribinadbasumatary",
                            "name": "Sri Binad Basumatary"
                        }
                    ]
                },
                {
                    "id": "187709.0",
                    "date": "2023-20-06 09:16",
                    "status": "Accepted-AOC",
                    "tenderers": [
                        {
                            "id": "srisanjaymachahary",
                            "name": "Sri Sanjay Machahary"
                        }
                    ]
                }
            ]
        }
    ],
    "statistics": [
        {
            "id": "1",
            "value": 4000000.0,
            "currency": "INR",
            "measure": "contractValue"
        }
    ],
    "awards": [
        {
            "id": 1,
            "description": "Construction of Interlocking Concrete Block Pavement road at Daoraibari village to Kalicharan Boros house under Addl SOPD for the year 2022-23",
            "value": [
                {
                    "amount": 4000000.0,
                    "currency": "INR"
                }
            ],
            "suppliers": [
                {
                    "id": "srisanjaymachahary",
                    "name": "Sri Sanjay Machahary"
                }
            ],
            "contractPeriod": [
                {
                    "startDate": "2023-07-08",
                    "durationInDays": 180
                }
            ]
        },
        {
            "id": 2,
            "value": [
                {
                    "amount": "396060424",
                    "currency": "INR"
                }
            ]
        }
    ]
}