{
    "ocid": "ocds-f5kvwu-2023_BoTC_33536_1",
    "id": "1",
    "date": "2024-11-27",
    "tag": [
        "tender"
    ],
    "initiationType": "tender",
    "parties": [
        {
            "id": "bodolandterritorialcouncil",
            "name": "Bodoland Territorial Council",
            "roles": [
                "buyer"
            ]
        },
        {
            "id": "ashokboro",
            "name": "Ashok Boro",
            "roles": [
                "tenderer"
            ]
        },
        {
            "id": "ganeshchandraboro",
            "name": "GANESH CHANDRA BORO",
            "roles": [
                "tenderer",
                "supplier"
            ]
        },
        {
            "id": "munindradutta",
            "name": "munindra dutta",
            "roles": [
                "tenderer"
            ]
        },
        {
            "id": "prasannaboro",
            "name": "PRASANNA BORO",
            "roles": [
                "tenderer"
            ]
        },
        {
            "id": "directorahandvetydepartment",
            "name": "Director AH and Vety Department",
            "address": [
                {
                    "streetAddress": "O/O Director AH and Vety Department, BTC, Kokrajhar"
                }
            ],
            "roles": [
                "procuringEntity"
            ]
        }
    ],
    "buyer": [
        {
            "name": "Bodoland Territorial Council",
            "id": "bodolandterritorialcouncil"
        }
    ],
    "tender": [
        {
            "id": "2023_BoTC_33536_1",
            "identifiers": [
                {
                    "id": "DV/BTC/VETY/D-15(U)/23-24/971",
                    "scheme": "external"
                }
            ],
            "title": "Construction of Bhergaon SDVO office",
            "description": "Construction of Bhergaon SDVO office at Bhergaon under Udalguri district.",
            "datePublished": "2023-04-11 15:00",
            "contractType": "Tender",
            "submissionTerms": [
                {
                    "allowPreferentialBidder": "No",
                    "allowMultiCurrencyFee": "No",
                    "allowMultiCurrencyBQQ": "No",
                    "bidValidityPeriod": [
                        {
                            "durationInDays": 180
                        }
                    ]
                }
            ],
            "procuringEntity": [
                {
                    "name": "Director AH and Vety Department",
                    "id": "directorahandvetydepartment"
                }
            ],
            "items": [
                {
                    "id": "01",
                    "classification": [
                        {
                            "description": "Civil Works"
                        }
                    ],
                    "additionalClassifications": [
                        {
                            "description": "Work Item Details > Subcategory"
                        }
                    ],
                    "deliveryAddresses": [
                        {
                            "postalCode": "784522.0",
                            "streetAddress": "Udalguri"
                        }
                    ]
                }
            ],
            "value": [
                {
                    "amount": 3883000.0,
                    "currency": "INR"
                }
            ],
            "procurementMethod": "Open Tender",
            "mainProcurementCategory": "Item Rate",
            "tenderPeriod": [
                {
                    "startDate": "2023-04-11 15:00",
                    "endDate": "2023-18-11 15:00",
                    "durationInDays": 14
                }
            ],
            "enquiryPeriod": [
                {
                    "startDate": "2023-04-11 15:00",
                    "endDate": "2023-18-11 15:00",
                    "durationInDays": 14
                }
            ],
            "contractPeriod": [
                {
                    "durationInDays": 90
                }
            ],
            "communication": [
                {
                    "id": 1,
                    "documentAvailabilityPeriod": [
                        {
                            "startDate": "2023-04-11 15:00",
                            "endDate": "2023-18-11 15:00"
                        }
                    ]
                }
            ],
            "bidOpening": [
                {
                    "date": "2023-20-11 15:00",
                    "address": [
                        {
                            "streetAddress": "O/O Director AH and Vety Department"
                        }
                    ]
                }
            ],
            "participationFees": [
                {
                    "id": "01",
                    "value": [
                        {
                            "amount": 1000.0,
                            "currency": "INR"
                        }
                    ],
                    "description": "Nil"
                }
            ],
            "numberOfTenderers": 5,
            "milestones": [
                {
                    "id": "1",
                    "title": "Published Date",
                    "type": "Pre-procurement milestones",
                    "dueDate": "2023-04-11 15:00"
                },
                {
                    "id": "2",
                    "title": "Document Download / Sale Start Date",
                    "type": "Pre-procurement milestones",
                    "dueDate": "2023-04-11 15:00"
                },
                {
                    "id": "3",
                    "title": "Clarification Start Date",
                    "type": "Pre-procurement milestones",
                    "dueDate": "2023-04-11 15:00"
                },
                {
                    "id": "4",
                    "title": "Bid Submission Start Date",
                    "type": "Pre-procurement milestones",
                    "dueDate": "2023-07-11 15:00"
                },
                {
                    "id": "5",
                    "title": "Bid Opening Date",
                    "type": "Pre-procurement milestones",
                    "dueDate": "2023-20-11 15:00"
                },
                {
                    "id": "6",
                    "title": "Document Download / Sale End Date",
                    "type": "Pre-procurement milestones",
                    "dueDate": "2023-18-11 15:00"
                },
                {
                    "id": "7",
                    "title": "Clarification End Date",
                    "type": "Pre-procurement milestones",
                    "dueDate": "2023-18-11 15:00"
                },
                {
                    "id": "8",
                    "title": "Bid Submission End Date",
                    "type": "Pre-procurement milestones",
                    "dueDate": "2023-18-11 15:00"
                },
                {
                    "id": "9",
                    "title": "Financial Bid Opening Date",
                    "type": "Pre-procurement milestones",
                    "dueDate": "2023-15-12 14:00"
                }
            ],
            "fiscalYear": "2023-2024"
        }
    ],
    "bids": [
        {
            "id": 1,
            "details": [
                {
                    "id": "210899.0",
                    "date": "2023-18-11 12:19",
                    "status": "Rejected-Finance",
                    "tenderers": [
                        {
                            "id": "ashokboro",
                            "name": "Ashok Boro"
                        }
                    ]
                },
                {
                    "id": "209609.0",
                    "date": "2023-14-11 17:53",
                    "status": "Rejected-Technical",
                    "tenderers": [
                        {
                            "id": "munindradutta",
                            "name": "munindra dutta"
                        }
                    ]
                },
                {
                    "id": "210897.0",
                    "date": "2023-18-11 12:27",
                    "status": "Rejected-Finance",
                    "tenderers": [
                        {
                            "id": "prasannaboro",
                            "name": "PRASANNA BORO"
                        }
                    ]
                },
                {
                    "id": "210755.0",
                    "date": "2023-18-11 12:34",
                    "status": "Accepted-AOC",
                    "tenderers": [
                        {
                            "id": "ganeshchandraboro",
                            "name": "GANESH CHANDRA BORO"
                        }
                    ]
                }
            ]
        }
    ],
    "statistics": [
        {
            "id": "1",
            "value": 3880984.77,
            "currency": "INR",
            "measure": "contractValue"
        }
    ],
    "awards": [
        {
            "id": 1,
            "description": "Formal Work Order",
            "value": [
                {
                    "amount": 3880984.77,
                    "currency": "INR"
                }
            ],
            "suppliers": [
                {
                    "id": "ganeshchandraboro",
                    "name": "GANESH CHANDRA BORO"
                }
            ],
            "contractPeriod": [
                {
                    "startDate": "2024-19-02",
                    "durationInDays": 90
                }
            ]
        },
        {
            "id": 2,
            "value": [
                {
                    "amount": "388098477",
                    "currency": "INR"
                }
            ]
        }
    ]
}