{
    "ocid": "ocds-f5kvwu-2023_BoTC_33392_1",
    "id": "1",
    "date": "2024-11-27",
    "tag": [
        "tender"
    ],
    "initiationType": "tender",
    "parties": [
        {
            "id": "bodolandterritorialcouncil",
            "name": "Bodoland Territorial Council",
            "roles": [
                "buyer"
            ]
        },
        {
            "id": "maneswarboro",
            "name": "MANESWAR BORO",
            "roles": [
                "tenderer"
            ]
        },
        {
            "id": "srishivaprasadrabha",
            "name": "Sri Shiva Prasad Rabha",
            "roles": [
                "tenderer",
                "supplier"
            ]
        },
        {
            "id": "chairmantanglamunicipalboard",
            "name": "Chairman, Tangla Municipal Board",
            "address": [
                {
                    "streetAddress": "O/o the Chairman, Tangla Municipal Board"
                }
            ],
            "roles": [
                "procuringEntity"
            ]
        }
    ],
    "buyer": [
        {
            "name": "Bodoland Territorial Council",
            "id": "bodolandterritorialcouncil"
        }
    ],
    "tender": [
        {
            "id": "2023_BoTC_33392_1",
            "identifiers": [
                {
                    "id": "TMB/02/2023",
                    "scheme": "external"
                }
            ],
            "title": "Construction of ICBP Road from Hospital road to Janata Kalibari at Ward No.3, Tangla Town",
            "description": "Construction of ICBP Road from Hospital road to Janata Kalibari at Ward No.3, Tangla Town",
            "datePublished": "2023-01-11 15:00",
            "contractType": "Tender",
            "submissionTerms": [
                {
                    "allowPreferentialBidder": "No",
                    "allowMultiCurrencyFee": "No",
                    "allowMultiCurrencyBQQ": "No",
                    "bidValidityPeriod": [
                        {
                            "durationInDays": 180
                        }
                    ]
                }
            ],
            "procuringEntity": [
                {
                    "name": "Chairman, Tangla Municipal Board",
                    "id": "chairmantanglamunicipalboard"
                }
            ],
            "items": [
                {
                    "id": "01",
                    "classification": [
                        {
                            "description": "Civil Works"
                        }
                    ],
                    "additionalClassifications": [
                        {
                            "description": "Work Item Details > Subcategory"
                        }
                    ],
                    "deliveryAddresses": [
                        {
                            "postalCode": "784521.0",
                            "streetAddress": "TANGLA"
                        }
                    ]
                }
            ],
            "value": [
                {
                    "amount": 2100000.0,
                    "currency": "INR"
                }
            ],
            "procurementMethod": "Open Tender",
            "mainProcurementCategory": "Works",
            "tenderPeriod": [
                {
                    "startDate": "2023-01-11 15:00",
                    "endDate": "2023-23-11 15:00",
                    "durationInDays": 22
                }
            ],
            "enquiryPeriod": [
                {
                    "startDate": "2023-01-11 15:00",
                    "endDate": "2023-23-11 15:00",
                    "durationInDays": 22
                }
            ],
            "contractPeriod": [
                {
                    "durationInDays": 180
                }
            ],
            "communication": [
                {
                    "id": 1,
                    "documentAvailabilityPeriod": [
                        {
                            "startDate": "2023-01-11 15:00",
                            "endDate": "2023-23-11 15:00"
                        }
                    ]
                }
            ],
            "bidOpening": [
                {
                    "date": "2023-23-11 15:30",
                    "address": [
                        {
                            "streetAddress": "O/o the Chairman, Tangla Municipal Board"
                        }
                    ]
                }
            ],
            "participationFees": [
                {
                    "id": "01",
                    "value": [
                        {
                            "amount": 500.0,
                            "currency": "INR"
                        }
                    ],
                    "description": "Nil"
                }
            ],
            "numberOfTenderers": 4,
            "milestones": [
                {
                    "id": "1",
                    "title": "Published Date",
                    "type": "Pre-procurement milestones",
                    "dueDate": "2023-01-11 15:00"
                },
                {
                    "id": "2",
                    "title": "Document Download / Sale Start Date",
                    "type": "Pre-procurement milestones",
                    "dueDate": "2023-01-11 15:00"
                },
                {
                    "id": "3",
                    "title": "Clarification Start Date",
                    "type": "Pre-procurement milestones",
                    "dueDate": "2023-01-11 15:00"
                },
                {
                    "id": "4",
                    "title": "Bid Submission Start Date",
                    "type": "Pre-procurement milestones",
                    "dueDate": "2023-01-11 15:00"
                },
                {
                    "id": "5",
                    "title": "Bid Opening Date",
                    "type": "Pre-procurement milestones",
                    "dueDate": "2023-23-11 15:30"
                },
                {
                    "id": "6",
                    "title": "Document Download / Sale End Date",
                    "type": "Pre-procurement milestones",
                    "dueDate": "2023-23-11 15:00"
                },
                {
                    "id": "7",
                    "title": "Clarification End Date",
                    "type": "Pre-procurement milestones",
                    "dueDate": "2023-23-11 15:00"
                },
                {
                    "id": "8",
                    "title": "Bid Submission End Date",
                    "type": "Pre-procurement milestones",
                    "dueDate": "2023-23-11 15:00"
                },
                {
                    "id": "9",
                    "title": "Financial Bid Opening Date",
                    "type": "Pre-procurement milestones",
                    "dueDate": "2023-29-11 15:15"
                }
            ],
            "fiscalYear": "2023-2024"
        }
    ],
    "bids": [
        {
            "id": 1,
            "details": [
                {
                    "id": "211474.0",
                    "date": "2023-23-11 11:09",
                    "status": "Rejected-Finance",
                    "tenderers": [
                        {
                            "id": "maneswarboro",
                            "name": "MANESWAR BORO"
                        }
                    ]
                },
                {
                    "id": "211471.0",
                    "date": "2023-23-11 10:44",
                    "status": "Accepted-AOC",
                    "tenderers": [
                        {
                            "id": "srishivaprasadrabha",
                            "name": "Sri Shiva Prasad Rabha"
                        }
                    ]
                }
            ]
        }
    ],
    "statistics": [
        {
            "id": "1",
            "value": 2082441.78,
            "currency": "INR",
            "measure": "contractValue"
        }
    ],
    "awards": [
        {
            "id": 1,
            "description": "Li bidder",
            "value": [
                {
                    "amount": 2082441.78,
                    "currency": "INR"
                }
            ],
            "suppliers": [
                {
                    "id": "srishivaprasadrabha",
                    "name": "Sri Shiva Prasad Rabha"
                }
            ],
            "contractPeriod": [
                {
                    "startDate": "2024-15-02",
                    "durationInDays": 180
                }
            ]
        },
        {
            "id": 2,
            "value": [
                {
                    "amount": "208244178",
                    "currency": "INR"
                }
            ]
        }
    ]
}