{
    "ocid": "ocds-f5kvwu-2023_BTC_33635_1",
    "id": "1",
    "date": "2024-11-27",
    "tag": [
        "tender"
    ],
    "initiationType": "tender",
    "parties": [
        {
            "id": "bodolandterritorialcouncilpwd",
            "name": "Bodoland Territorial Council-PWD",
            "roles": [
                "buyer"
            ]
        },
        {
            "id": "arjunsaha",
            "name": "Arjun Saha",
            "roles": [
                "tenderer"
            ]
        },
        {
            "id": "assamagencies",
            "name": "Assam Agencies",
            "roles": [
                "tenderer"
            ]
        },
        {
            "id": "daharbasumatary",
            "name": "Dahar Basumatary",
            "roles": [
                "tenderer"
            ]
        },
        {
            "id": "dhajenwary",
            "name": "DHAJEN WARY",
            "roles": [
                "tenderer"
            ]
        },
        {
            "id": "dhananjaybasumatary",
            "name": "DHANANJAY BASUMATARY",
            "roles": [
                "tenderer"
            ]
        },
        {
            "id": "shyamnarayanprasad",
            "name": "Shyam Narayan Prasad",
            "roles": [
                "tenderer"
            ]
        },
        {
            "id": "singoengineeringindiapvtltd",
            "name": "SINGO ENGINEERING INDIA PVT LTD",
            "roles": [
                "tenderer"
            ]
        },
        {
            "id": "sunwary",
            "name": "SUN WARY",
            "roles": [
                "tenderer"
            ]
        },
        {
            "id": "trinathbasumatary",
            "name": "TRINATH BASUMATARY",
            "roles": [
                "tenderer",
                "supplier"
            ]
        },
        {
            "id": "sripadmanandachoudhury",
            "name": "Sri Padmananda Choudhury",
            "address": [
                {
                    "streetAddress": "O/o the Addl. Chief Engineer-cum-Director, PWD, BTC, Kokrajhar."
                }
            ],
            "roles": [
                "procuringEntity"
            ]
        }
    ],
    "buyer": [
        {
            "name": "Bodoland Territorial Council-PWD",
            "id": "bodolandterritorialcouncilpwd"
        }
    ],
    "tender": [
        {
            "id": "2023_BTC_33635_1",
            "identifiers": [
                {
                    "id": "150/PWD/NIT/Goodwill/23-24/03",
                    "scheme": "external"
                }
            ],
            "title": "Construction of road from Chengnala to Simlaguri road by providing SDBC under CMs Goodwill Mission Project for the year 2023-24. TN_26_21",
            "description": "Construction of road from Chengnala to Simlaguri road by providing SDBC under CMs Goodwill Mission Project for the year 2023-24. TN_26_21",
            "datePublished": "2023-09-11 10:30",
            "contractType": "Tender",
            "submissionTerms": [
                {
                    "allowPreferentialBidder": "No",
                    "allowMultiCurrencyFee": "No",
                    "allowMultiCurrencyBQQ": "No",
                    "bidValidityPeriod": [
                        {
                            "durationInDays": 180
                        }
                    ]
                }
            ],
            "procuringEntity": [
                {
                    "name": "Sri Padmananda Choudhury",
                    "id": "sripadmanandachoudhury"
                }
            ],
            "items": [
                {
                    "id": "01",
                    "classification": [
                        {
                            "description": "Civil Works \u2013 Roads"
                        }
                    ],
                    "additionalClassifications": [
                        {
                            "description": "Work Item Details > Subcategory"
                        }
                    ],
                    "deliveryAddresses": [
                        {
                            "postalCode": "783370.0",
                            "streetAddress": "Kokrajhar"
                        }
                    ]
                }
            ],
            "value": [
                {
                    "amount": 23763703.0,
                    "currency": "INR"
                }
            ],
            "procurementMethod": "Open Tender",
            "mainProcurementCategory": "Item Rate",
            "tenderPeriod": [
                {
                    "startDate": "2023-09-11 10:30",
                    "endDate": "2023-29-11 14:00",
                    "durationInDays": 20
                }
            ],
            "enquiryPeriod": [
                {
                    "startDate": "2023-09-11 10:30",
                    "endDate": "2023-29-11 14:00",
                    "durationInDays": 20
                }
            ],
            "contractPeriod": [
                {
                    "durationInDays": 365
                }
            ],
            "communication": [
                {
                    "id": 1,
                    "documentAvailabilityPeriod": [
                        {
                            "startDate": "2023-09-11 10:30",
                            "endDate": "2023-29-11 14:00"
                        }
                    ]
                }
            ],
            "bidOpening": [
                {
                    "date": "2023-30-11 12:00",
                    "address": [
                        {
                            "streetAddress": "Kokrajhar"
                        }
                    ]
                }
            ],
            "participationFees": [
                {
                    "id": "01",
                    "value": [
                        {
                            "amount": 5000.0,
                            "currency": "INR"
                        }
                    ],
                    "description": "Nil"
                }
            ],
            "numberOfTenderers": 10,
            "milestones": [
                {
                    "id": "1",
                    "title": "Published Date",
                    "type": "Pre-procurement milestones",
                    "dueDate": "2023-09-11 10:30"
                },
                {
                    "id": "2",
                    "title": "Document Download / Sale Start Date",
                    "type": "Pre-procurement milestones",
                    "dueDate": "2023-09-11 10:30"
                },
                {
                    "id": "3",
                    "title": "Clarification Start Date",
                    "type": "Pre-procurement milestones",
                    "dueDate": "2023-09-11 10:30"
                },
                {
                    "id": "4",
                    "title": "Bid Submission Start Date",
                    "type": "Pre-procurement milestones",
                    "dueDate": "2023-09-11 12:00"
                },
                {
                    "id": "5",
                    "title": "Bid Opening Date",
                    "type": "Pre-procurement milestones",
                    "dueDate": "2023-30-11 12:00"
                },
                {
                    "id": "6",
                    "title": "Document Download / Sale End Date",
                    "type": "Pre-procurement milestones",
                    "dueDate": "2023-29-11 14:00"
                },
                {
                    "id": "7",
                    "title": "Clarification End Date",
                    "type": "Pre-procurement milestones",
                    "dueDate": "2023-29-11 14:00"
                },
                {
                    "id": "8",
                    "title": "Bid Submission End Date",
                    "type": "Pre-procurement milestones",
                    "dueDate": "2023-29-11 14:00"
                },
                {
                    "id": "9",
                    "title": "Financial Bid Opening Date",
                    "type": "Pre-procurement milestones",
                    "dueDate": "2023-22-12 14:00"
                }
            ],
            "fiscalYear": "2023-2024"
        }
    ],
    "bids": [
        {
            "id": 1,
            "details": [
                {
                    "id": "212107.0",
                    "date": "2023-28-11 02:28",
                    "status": "Rejected-AOC",
                    "tenderers": [
                        {
                            "id": "arjunsaha",
                            "name": "Arjun Saha"
                        }
                    ]
                },
                {
                    "id": "212155.0",
                    "date": "2023-29-11 02:33",
                    "status": "Rejected-AOC",
                    "tenderers": [
                        {
                            "id": "assamagencies",
                            "name": "Assam Agencies"
                        }
                    ]
                },
                {
                    "id": "213036.0",
                    "date": "2023-28-11 18:06",
                    "status": "Rejected-AOC",
                    "tenderers": [
                        {
                            "id": "daharbasumatary",
                            "name": "Dahar Basumatary"
                        }
                    ]
                },
                {
                    "id": "213133.0",
                    "date": "2023-29-11 04:20",
                    "status": "Rejected-AOC",
                    "tenderers": [
                        {
                            "id": "dhajenwary",
                            "name": "DHAJEN WARY"
                        }
                    ]
                },
                {
                    "id": "213089.0",
                    "date": "2023-28-11 19:36",
                    "status": "Rejected-AOC",
                    "tenderers": [
                        {
                            "id": "dhananjaybasumatary",
                            "name": "DHANANJAY BASUMATARY"
                        }
                    ]
                },
                {
                    "id": "213039.0",
                    "date": "2023-28-11 15:53",
                    "status": "Rejected-AOC",
                    "tenderers": [
                        {
                            "id": "shyamnarayanprasad",
                            "name": "Shyam Narayan Prasad"
                        }
                    ]
                },
                {
                    "id": "213084.0",
                    "date": "2023-28-11 19:21",
                    "status": "Rejected-AOC",
                    "tenderers": [
                        {
                            "id": "singoengineeringindiapvtltd",
                            "name": "SINGO ENGINEERING INDIA PVT LTD"
                        }
                    ]
                },
                {
                    "id": "213103.0",
                    "date": "2023-29-11 04:26",
                    "status": "Rejected-Technical",
                    "tenderers": [
                        {
                            "id": "sunwary",
                            "name": "SUN WARY"
                        }
                    ]
                },
                {
                    "id": "212998.0",
                    "date": "2023-29-11 04:15",
                    "status": "Accepted-AOC",
                    "tenderers": [
                        {
                            "id": "trinathbasumatary",
                            "name": "TRINATH BASUMATARY"
                        }
                    ]
                }
            ]
        }
    ],
    "statistics": [
        {
            "id": "1",
            "value": 21387332.7,
            "currency": "INR",
            "measure": "contractValue"
        }
    ],
    "awards": [
        {
            "id": 1,
            "description": "L1",
            "value": [
                {
                    "amount": 21387332.7,
                    "currency": "INR"
                }
            ],
            "suppliers": [
                {
                    "id": "trinathbasumatary",
                    "name": "TRINATH BASUMATARY"
                }
            ],
            "contractPeriod": [
                {
                    "startDate": "2024-05-03",
                    "durationInDays": 365
                }
            ]
        },
        {
            "id": 2,
            "value": [
                {
                    "amount": "213873327",
                    "currency": "INR"
                }
            ]
        }
    ]
}