{
    "ocid": "ocds-f5kvwu-2023_BoTC_31609_9",
    "id": "1",
    "date": "2024-11-27",
    "tag": [
        "tender"
    ],
    "initiationType": "tender",
    "parties": [
        {
            "id": "bodolandterritorialcouncil",
            "name": "Bodoland Territorial Council",
            "roles": [
                "buyer"
            ]
        },
        {
            "id": "chandmahammad",
            "name": "CHAND MAHAMMAD",
            "roles": [
                "tenderer",
                "supplier"
            ]
        },
        {
            "id": "mrsmonikadaimari",
            "name": "Mrs MONIKA DAIMARI",
            "roles": [
                "tenderer",
                "supplier"
            ]
        },
        {
            "id": "ojahcommunicationcontractsprivatelimited",
            "name": "OJAH COMMUNICATION & CONTRACTS PRIVATE LIMITED",
            "roles": [
                "tenderer",
                "supplier"
            ]
        },
        {
            "id": "srisanjaydebnath",
            "name": "Sri Sanjay Debnath",
            "roles": [
                "tenderer"
            ]
        },
        {
            "id": "chdirrigationbtckokrajhar",
            "name": "CHD, Irrigation, BTC, Kokrajhar",
            "address": [
                {
                    "streetAddress": "o/o the CHD, Irrigation, BTC, Kokrajhar"
                }
            ],
            "roles": [
                "procuringEntity"
            ]
        }
    ],
    "buyer": [
        {
            "name": "Bodoland Territorial Council",
            "id": "bodolandterritorialcouncil"
        }
    ],
    "tender": [
        {
            "id": "2023_BoTC_31609_9",
            "identifiers": [
                {
                    "id": "CHDI/ ET/2022-23/17",
                    "scheme": "external"
                }
            ],
            "title": "Installation of 3 HP TW scheme powered (16 Nos) by Solar Energy at Different Village under ERM,Sukla Irrigation Project under PMKSY-AIBP for the year 2021-22",
            "description": "Installation of 3 HP TW scheme powered (16 Nos) by Solar Energy at Different Village under ERM,Sukla Irrigation Project under PMKSY-AIBP for the year 2021-22",
            "datePublished": "2023-10-07 18:30",
            "contractType": "Tender",
            "submissionTerms": [
                {
                    "allowPreferentialBidder": "No",
                    "allowMultiCurrencyFee": "No",
                    "allowMultiCurrencyBQQ": "No",
                    "bidValidityPeriod": [
                        {
                            "durationInDays": 180
                        }
                    ]
                }
            ],
            "procuringEntity": [
                {
                    "name": "CHD, Irrigation, BTC, Kokrajhar",
                    "id": "chdirrigationbtckokrajhar"
                }
            ],
            "items": [
                {
                    "id": "01",
                    "classification": [
                        {
                            "description": "Civil Works"
                        }
                    ],
                    "additionalClassifications": [
                        {
                            "description": "Work Item Details > Subcategory"
                        }
                    ],
                    "deliveryAddresses": [
                        {
                            "postalCode": "781366.0",
                            "streetAddress": "Suklai Serfang Goreswar"
                        }
                    ]
                }
            ],
            "value": [
                {
                    "amount": 13886080.0,
                    "currency": "INR"
                }
            ],
            "procurementMethod": "Open Tender",
            "mainProcurementCategory": "Works",
            "tenderPeriod": [
                {
                    "startDate": "2023-10-07 18:30",
                    "endDate": "2023-31-07 14:00",
                    "durationInDays": 20
                }
            ],
            "contractPeriod": [
                {
                    "durationInDays": 180
                }
            ],
            "communication": [
                {
                    "id": 1,
                    "documentAvailabilityPeriod": [
                        {
                            "startDate": "2023-10-07 18:30",
                            "endDate": "2023-31-07 14:00"
                        }
                    ]
                }
            ],
            "bidOpening": [
                {
                    "date": "2023-01-08 11:00",
                    "address": [
                        {
                            "streetAddress": "Kokrajhar"
                        }
                    ]
                }
            ],
            "participationFees": [
                {
                    "id": "01",
                    "value": [
                        {
                            "amount": 2800.0,
                            "currency": "INR"
                        }
                    ],
                    "description": "Nil"
                }
            ],
            "numberOfTenderers": 5,
            "milestones": [
                {
                    "id": "1",
                    "title": "Published Date",
                    "type": "Pre-procurement milestones",
                    "dueDate": "2023-10-07 18:30"
                },
                {
                    "id": "2",
                    "title": "Document Download / Sale Start Date",
                    "type": "Pre-procurement milestones",
                    "dueDate": "2023-10-07 18:30"
                },
                {
                    "id": "3",
                    "title": "Bid Submission Start Date",
                    "type": "Pre-procurement milestones",
                    "dueDate": "2023-13-07 10:00"
                },
                {
                    "id": "4",
                    "title": "Bid Opening Date",
                    "type": "Pre-procurement milestones",
                    "dueDate": "2023-01-08 11:00"
                },
                {
                    "id": "5",
                    "title": "Document Download / Sale End Date",
                    "type": "Pre-procurement milestones",
                    "dueDate": "2023-31-07 14:00"
                },
                {
                    "id": "6",
                    "title": "Bid Submission End Date",
                    "type": "Pre-procurement milestones",
                    "dueDate": "2023-31-07 14:00"
                },
                {
                    "id": "7",
                    "title": "Financial Bid Opening Date",
                    "type": "Pre-procurement milestones",
                    "dueDate": "2023-21-09 16:25"
                }
            ],
            "fiscalYear": "2023-2024"
        }
    ],
    "bids": [
        {
            "id": 1,
            "details": [
                {
                    "id": "193926.0",
                    "date": "2023-29-07 15:36",
                    "status": "Rejected-Finance",
                    "tenderers": [
                        {
                            "id": "srisanjaydebnath",
                            "name": "Sri Sanjay Debnath"
                        }
                    ]
                },
                {
                    "id": "193925.0",
                    "date": "2023-29-07 19:32",
                    "status": "Accepted-AOC",
                    "tenderers": [
                        {
                            "id": "chandmahammad",
                            "name": "CHAND MAHAMMAD"
                        }
                    ]
                },
                {
                    "id": "193773.0",
                    "date": "2023-28-07 20:36",
                    "status": "Accepted-AOC",
                    "tenderers": [
                        {
                            "id": "mrsmonikadaimari",
                            "name": "Mrs MONIKA DAIMARI"
                        }
                    ]
                },
                {
                    "id": "193836.0",
                    "date": "2023-29-07 11:13",
                    "status": "Accepted-AOC",
                    "tenderers": [
                        {
                            "id": "ojahcommunicationcontractsprivatelimited",
                            "name": "OJAH COMMUNICATION & CONTRACTS PRIVATE LIMITED"
                        }
                    ]
                }
            ]
        }
    ],
    "statistics": [
        {
            "id": "1",
            "value": 12497472.0,
            "currency": "INR",
            "measure": "contractValue"
        }
    ],
    "awards": [
        {
            "id": 1,
            "value": [
                {
                    "amount": 12497472.0,
                    "currency": "INR"
                }
            ],
            "suppliers": [
                {
                    "id": "chandmahammad",
                    "name": "CHAND MAHAMMAD"
                },
                {
                    "id": "ojahcommunicationcontractsprivatelimited",
                    "name": "OJAH COMMUNICATION & CONTRACTS PRIVATE LIMITED"
                },
                {
                    "id": "mrsmonikadaimari",
                    "name": "Mrs MONIKA DAIMARI"
                }
            ],
            "contractPeriod": [
                {
                    "startDate": "2024-12-01",
                    "durationInDays": 180
                }
            ]
        },
        {
            "id": 2,
            "value": [
                {
                    "amount": "3905460",
                    "currency": "INR"
                }
            ]
        }
    ]
}