{
    "ocid": "ocds-f5kvwu-2023_BoTC_34223_1",
    "id": "1",
    "date": "2024-11-27",
    "tag": [
        "tender"
    ],
    "initiationType": "tender",
    "parties": [
        {
            "id": "bodolandterritorialcouncil",
            "name": "Bodoland Territorial Council",
            "roles": [
                "buyer"
            ]
        },
        {
            "id": "sribijitbasumatary",
            "name": "Sri Bijit Basumatary",
            "roles": [
                "tenderer"
            ]
        },
        {
            "id": "sridipankarbasumatary",
            "name": "Sri Dipankar Basumatary",
            "roles": [
                "tenderer",
                "supplier"
            ]
        },
        {
            "id": "directorpnrdbtckokrajhar",
            "name": "Director PNRD BTC Kokrajhar",
            "address": [
                {
                    "streetAddress": "Director PNRD BTC Kokrajhar"
                }
            ],
            "roles": [
                "procuringEntity"
            ]
        }
    ],
    "buyer": [
        {
            "name": "Bodoland Territorial Council",
            "id": "bodolandterritorialcouncil"
        }
    ],
    "tender": [
        {
            "id": "2023_BoTC_34223_1",
            "identifiers": [
                {
                    "id": "DPRD/BTC/(6th ASFC)DF/Udl-04/2023/09",
                    "scheme": "external"
                }
            ],
            "title": "Const of CC Block road from Ranjan House to Esou house at Angrajuli village 1Km under 6th ASFC for th year 2020-21 during 2023-24.",
            "description": "DPRD/BTC/(6th ASFC)DF/Udl-04/2023/09",
            "datePublished": "2023-27-11 10:30",
            "contractType": "Tender",
            "submissionTerms": [
                {
                    "allowPreferentialBidder": "No",
                    "allowMultiCurrencyFee": "No",
                    "allowMultiCurrencyBQQ": "No",
                    "bidValidityPeriod": [
                        {
                            "durationInDays": 180
                        }
                    ]
                }
            ],
            "procuringEntity": [
                {
                    "name": "Director PNRD BTC Kokrajhar",
                    "id": "directorpnrdbtckokrajhar"
                }
            ],
            "items": [
                {
                    "id": "01",
                    "classification": [
                        {
                            "description": "Civil Works"
                        }
                    ],
                    "additionalClassifications": [
                        {
                            "description": "Work Item Details > Subcategory"
                        }
                    ],
                    "deliveryAddresses": [
                        {
                            "postalCode": "784509.0",
                            "streetAddress": "Udalguri"
                        }
                    ]
                }
            ],
            "value": [
                {
                    "amount": 7921568.0,
                    "currency": "INR"
                }
            ],
            "procurementMethod": "Open Tender",
            "mainProcurementCategory": "Item Rate",
            "tenderPeriod": [
                {
                    "startDate": "2023-27-11 10:30",
                    "endDate": "2023-18-12 14:30",
                    "durationInDays": 21
                }
            ],
            "enquiryPeriod": [
                {
                    "startDate": "2023-27-11 10:30",
                    "endDate": "2023-18-12 14:00",
                    "durationInDays": 21
                }
            ],
            "contractPeriod": [
                {
                    "durationInDays": 180
                }
            ],
            "communication": [
                {
                    "id": 1,
                    "documentAvailabilityPeriod": [
                        {
                            "startDate": "2023-27-11 10:30",
                            "endDate": "2023-18-12 14:30"
                        }
                    ]
                }
            ],
            "bidOpening": [
                {
                    "date": "2023-19-12 14:30",
                    "address": [
                        {
                            "streetAddress": "Director PNRD BTC Kokrajhar"
                        }
                    ]
                }
            ],
            "participationFees": [
                {
                    "id": "01",
                    "value": [
                        {
                            "amount": 1600.0,
                            "currency": "INR"
                        }
                    ],
                    "description": "Nil"
                }
            ],
            "numberOfTenderers": 5,
            "milestones": [
                {
                    "id": "1",
                    "title": "Published Date",
                    "type": "Pre-procurement milestones",
                    "dueDate": "2023-27-11 10:30"
                },
                {
                    "id": "2",
                    "title": "Document Download / Sale Start Date",
                    "type": "Pre-procurement milestones",
                    "dueDate": "2023-27-11 10:30"
                },
                {
                    "id": "3",
                    "title": "Clarification Start Date",
                    "type": "Pre-procurement milestones",
                    "dueDate": "2023-27-11 10:30"
                },
                {
                    "id": "4",
                    "title": "Bid Submission Start Date",
                    "type": "Pre-procurement milestones",
                    "dueDate": "2023-27-11 10:30"
                },
                {
                    "id": "5",
                    "title": "Bid Opening Date",
                    "type": "Pre-procurement milestones",
                    "dueDate": "2023-19-12 14:30"
                },
                {
                    "id": "6",
                    "title": "Document Download / Sale End Date",
                    "type": "Pre-procurement milestones",
                    "dueDate": "2023-18-12 14:30"
                },
                {
                    "id": "7",
                    "title": "Clarification End Date",
                    "type": "Pre-procurement milestones",
                    "dueDate": "2023-18-12 14:00"
                },
                {
                    "id": "8",
                    "title": "Bid Submission End Date",
                    "type": "Pre-procurement milestones",
                    "dueDate": "2023-18-12 14:30"
                },
                {
                    "id": "9",
                    "title": "Financial Bid Opening Date",
                    "type": "Pre-procurement milestones",
                    "dueDate": "2024-02-02 17:55"
                }
            ],
            "fiscalYear": "2023-2024"
        }
    ],
    "bids": [
        {
            "id": 1,
            "details": [
                {
                    "id": "215276.0",
                    "date": "2023-17-12 22:13",
                    "status": "Rejected-AOC",
                    "tenderers": [
                        {
                            "id": "sribijitbasumatary",
                            "name": "Sri Bijit Basumatary"
                        }
                    ]
                },
                {
                    "id": "215275.0",
                    "date": "2023-17-12 22:04",
                    "status": "Accepted-AOC",
                    "tenderers": [
                        {
                            "id": "sridipankarbasumatary",
                            "name": "Sri Dipankar Basumatary"
                        }
                    ]
                }
            ]
        }
    ],
    "statistics": [
        {
            "id": "1",
            "value": 8000000.0,
            "currency": "INR",
            "measure": "contractValue"
        }
    ],
    "awards": [
        {
            "id": 1,
            "description": "Const of CC Block road from Ranjan House to Esou house at Angrajuli village 1Km under 6th ASFC for th year 2020-21 during 2023-24",
            "value": [
                {
                    "amount": 8000000.0,
                    "currency": "INR"
                }
            ],
            "suppliers": [
                {
                    "id": "sridipankarbasumatary",
                    "name": "Sri Dipankar Basumatary"
                }
            ],
            "contractPeriod": [
                {
                    "startDate": "2024-05-02",
                    "durationInDays": 150
                }
            ]
        },
        {
            "id": 2,
            "value": [
                {
                    "amount": "792156749",
                    "currency": "INR"
                }
            ]
        }
    ]
}