{
    "ocid": "ocds-f5kvwu-2023_BoTC_31196_1",
    "id": "1",
    "date": "2024-11-27",
    "tag": [
        "tender"
    ],
    "initiationType": "tender",
    "parties": [
        {
            "id": "bodolandterritorialcouncil",
            "name": "Bodoland Territorial Council",
            "roles": [
                "buyer"
            ]
        },
        {
            "id": "galaxyenterprise",
            "name": "galaxy enterprise",
            "roles": [
                "tenderer",
                "supplier"
            ]
        },
        {
            "id": "mrbabulbaglary",
            "name": "MR BABUL BAGLARY",
            "roles": [
                "tenderer"
            ]
        },
        {
            "id": "srikhanangoyari",
            "name": "Sri Khanan Goyari",
            "roles": [
                "tenderer"
            ]
        },
        {
            "id": "directorpnrdbtckokrajhar",
            "name": "Director PNRD BTC Kokrajhar",
            "address": [
                {
                    "streetAddress": "Director PNRD BTC Kokrajhar"
                }
            ],
            "roles": [
                "procuringEntity"
            ]
        }
    ],
    "buyer": [
        {
            "name": "Bodoland Territorial Council",
            "id": "bodolandterritorialcouncil"
        }
    ],
    "tender": [
        {
            "id": "2023_BoTC_31196_1",
            "identifiers": [
                {
                    "id": "DPRD/BTC/Addl(SOPD)Udl10/23/44",
                    "scheme": "external"
                }
            ],
            "title": "Construction of Auditorium Hall with Sanitary System at Harisinga Senior Secondary School under Addl. SOPD fund for the year 2022-23",
            "description": "DPRD/BTC/Addl(SOPD)Udl-10/2023/44",
            "datePublished": "2023-14-06 10:30",
            "contractType": "Tender",
            "submissionTerms": [
                {
                    "allowPreferentialBidder": "No",
                    "allowMultiCurrencyFee": "No",
                    "allowMultiCurrencyBQQ": "No",
                    "bidValidityPeriod": [
                        {
                            "durationInDays": 180
                        }
                    ]
                }
            ],
            "procuringEntity": [
                {
                    "name": "Director PNRD BTC Kokrajhar",
                    "id": "directorpnrdbtckokrajhar"
                }
            ],
            "items": [
                {
                    "id": "01",
                    "classification": [
                        {
                            "description": "Civil Works"
                        }
                    ],
                    "additionalClassifications": [
                        {
                            "description": "Work Item Details > Subcategory"
                        }
                    ],
                    "deliveryAddresses": [
                        {
                            "postalCode": "784509.0",
                            "streetAddress": "Harisinga Udalguri"
                        }
                    ]
                }
            ],
            "value": [
                {
                    "amount": 7428579.0,
                    "currency": "INR"
                }
            ],
            "procurementMethod": "Open Tender",
            "mainProcurementCategory": "Item Rate",
            "tenderPeriod": [
                {
                    "startDate": "2023-14-06 10:30",
                    "endDate": "2023-05-07 14:30",
                    "durationInDays": 21
                }
            ],
            "enquiryPeriod": [
                {
                    "startDate": "2023-14-06 10:30",
                    "endDate": "2023-05-07 14:00",
                    "durationInDays": 21
                }
            ],
            "contractPeriod": [
                {
                    "durationInDays": 90
                }
            ],
            "communication": [
                {
                    "id": 1,
                    "documentAvailabilityPeriod": [
                        {
                            "startDate": "2023-14-06 10:30",
                            "endDate": "2023-05-07 14:30"
                        }
                    ]
                }
            ],
            "bidOpening": [
                {
                    "date": "2023-06-07 14:30",
                    "address": [
                        {
                            "streetAddress": "Director PNRD BTC Kokrajhar"
                        }
                    ]
                }
            ],
            "participationFees": [
                {
                    "id": "01",
                    "value": [
                        {
                            "amount": 1500.0,
                            "currency": "INR"
                        }
                    ],
                    "description": "Nil"
                }
            ],
            "numberOfTenderers": 5,
            "milestones": [
                {
                    "id": "1",
                    "title": "Published Date",
                    "type": "Pre-procurement milestones",
                    "dueDate": "2023-14-06 10:30"
                },
                {
                    "id": "2",
                    "title": "Document Download / Sale Start Date",
                    "type": "Pre-procurement milestones",
                    "dueDate": "2023-14-06 10:30"
                },
                {
                    "id": "3",
                    "title": "Clarification Start Date",
                    "type": "Pre-procurement milestones",
                    "dueDate": "2023-14-06 10:30"
                },
                {
                    "id": "4",
                    "title": "Bid Submission Start Date",
                    "type": "Pre-procurement milestones",
                    "dueDate": "2023-14-06 10:30"
                },
                {
                    "id": "5",
                    "title": "Bid Opening Date",
                    "type": "Pre-procurement milestones",
                    "dueDate": "2023-06-07 14:30"
                },
                {
                    "id": "6",
                    "title": "Document Download / Sale End Date",
                    "type": "Pre-procurement milestones",
                    "dueDate": "2023-05-07 14:30"
                },
                {
                    "id": "7",
                    "title": "Clarification End Date",
                    "type": "Pre-procurement milestones",
                    "dueDate": "2023-05-07 14:00"
                },
                {
                    "id": "8",
                    "title": "Bid Submission End Date",
                    "type": "Pre-procurement milestones",
                    "dueDate": "2023-05-07 14:30"
                },
                {
                    "id": "9",
                    "title": "Financial Bid Opening Date",
                    "type": "Pre-procurement milestones",
                    "dueDate": "2023-14-07 10:05"
                }
            ],
            "fiscalYear": "2023-2024"
        }
    ],
    "bids": [
        {
            "id": 1,
            "details": [
                {
                    "id": "188639.0",
                    "date": "2023-29-06 20:37",
                    "status": "Not Admitted-Fee/PreQual/Technical",
                    "tenderers": [
                        {
                            "id": "mrbabulbaglary",
                            "name": "MR BABUL BAGLARY"
                        }
                    ]
                },
                {
                    "id": "188636.0",
                    "date": "2023-29-06 20:22",
                    "status": "Rejected-Finance",
                    "tenderers": [
                        {
                            "id": "srikhanangoyari",
                            "name": "Sri Khanan Goyari"
                        }
                    ]
                },
                {
                    "id": "188634.0",
                    "date": "2023-29-06 19:53",
                    "status": "Accepted-AOC",
                    "tenderers": [
                        {
                            "id": "galaxyenterprise",
                            "name": "galaxy enterprise"
                        }
                    ]
                }
            ]
        }
    ],
    "statistics": [
        {
            "id": "1",
            "value": 7800000.0,
            "currency": "INR",
            "measure": "contractValue"
        }
    ],
    "awards": [
        {
            "id": 1,
            "description": "Construction of Auditorium Hall with Sanitary System at Harisinga Senior Secondary School under Addl. SOPD fund for the year 2022-23",
            "value": [
                {
                    "amount": 7800000.0,
                    "currency": "INR"
                }
            ],
            "suppliers": [
                {
                    "id": "galaxyenterprise",
                    "name": "galaxy enterprise"
                }
            ],
            "contractPeriod": [
                {
                    "startDate": "2023-15-07",
                    "durationInDays": 150
                }
            ]
        },
        {
            "id": 2,
            "value": [
                {
                    "amount": "7428579",
                    "currency": "INR"
                }
            ]
        }
    ]
}