{
    "ocid": "ocds-f5kvwu-2023_BTC_33124_1",
    "id": "1",
    "date": "2024-11-27",
    "tag": [
        "tender"
    ],
    "initiationType": "tender",
    "parties": [
        {
            "id": "bodolandterritorialcouncilpwd",
            "name": "Bodoland Territorial Council-PWD",
            "roles": [
                "buyer"
            ]
        },
        {
            "id": "bimalbrahma",
            "name": "Bimal Brahma",
            "roles": [
                "tenderer"
            ]
        },
        {
            "id": "dharamsingnarzary",
            "name": "DHARAMSING NARZARY",
            "roles": [
                "tenderer"
            ]
        },
        {
            "id": "sabrinanarzary",
            "name": "SABRINA NARZARY",
            "roles": [
                "tenderer",
                "supplier"
            ]
        },
        {
            "id": "theaddlchiefengineerpwd",
            "name": "the Addl.Chief Engineer, PWD",
            "address": [
                {
                    "streetAddress": "O/o the Addl.Chief Engineer, PWD"
                }
            ],
            "roles": [
                "procuringEntity"
            ]
        }
    ],
    "buyer": [
        {
            "name": "Bodoland Territorial Council-PWD",
            "id": "bodolandterritorialcouncilpwd"
        }
    ],
    "tender": [
        {
            "id": "2023_BTC_33124_1",
            "identifiers": [
                {
                    "id": "No. ACE- 106/PWD/IFB/2021-22/269",
                    "scheme": "external"
                }
            ],
            "title": "Construction of ICBP road from HB road to Irrigation Canal at Barfulchaki village (Thangabari) under G.A.D. SOPD fund for the year 2022-23. TN_29_4",
            "description": "Construction of ICBP road from HB road to Irrigation Canal at Barfulchaki village (Thangabari) under G.A.D. SOPD fund for the year 2022-23. TN_29_4",
            "datePublished": "2023-17-10 14:00",
            "contractType": "Tender",
            "submissionTerms": [
                {
                    "allowPreferentialBidder": "No",
                    "allowMultiCurrencyFee": "No",
                    "allowMultiCurrencyBQQ": "No",
                    "bidValidityPeriod": [
                        {
                            "durationInDays": 180
                        }
                    ]
                }
            ],
            "procuringEntity": [
                {
                    "name": "the Addl.Chief Engineer, PWD",
                    "id": "theaddlchiefengineerpwd"
                }
            ],
            "items": [
                {
                    "id": "01",
                    "classification": [
                        {
                            "description": "Civil Works \u2013 Roads"
                        }
                    ],
                    "additionalClassifications": [
                        {
                            "description": "Work Item Details > Subcategory"
                        }
                    ],
                    "deliveryAddresses": [
                        {
                            "postalCode": "781372.0",
                            "streetAddress": "Baksa"
                        }
                    ]
                }
            ],
            "value": [
                {
                    "amount": 4072387.0,
                    "currency": "INR"
                }
            ],
            "procurementMethod": "Open Tender",
            "mainProcurementCategory": "Item Rate",
            "tenderPeriod": [
                {
                    "startDate": "2023-17-10 14:00",
                    "endDate": "2023-07-11 13:30",
                    "durationInDays": 20
                }
            ],
            "enquiryPeriod": [
                {
                    "startDate": "2023-17-10 14:00",
                    "endDate": "2023-03-11 12:00",
                    "durationInDays": 16
                }
            ],
            "contractPeriod": [
                {
                    "durationInDays": 270
                }
            ],
            "communication": [
                {
                    "id": 1,
                    "documentAvailabilityPeriod": [
                        {
                            "startDate": "2023-17-10 14:00",
                            "endDate": "2023-07-11 13:30"
                        }
                    ]
                }
            ],
            "bidOpening": [
                {
                    "date": "2023-07-11 14:00",
                    "address": [
                        {
                            "streetAddress": "O/o the Addl.Chief Engineer, PWD"
                        }
                    ]
                }
            ],
            "participationFees": [
                {
                    "id": "01",
                    "value": [
                        {
                            "amount": 1000.0,
                            "currency": "INR"
                        }
                    ],
                    "description": "Nil"
                }
            ],
            "numberOfTenderers": 5,
            "milestones": [
                {
                    "id": "1",
                    "title": "Published Date",
                    "type": "Pre-procurement milestones",
                    "dueDate": "2023-17-10 14:00"
                },
                {
                    "id": "2",
                    "title": "Document Download / Sale Start Date",
                    "type": "Pre-procurement milestones",
                    "dueDate": "2023-17-10 14:00"
                },
                {
                    "id": "3",
                    "title": "Clarification Start Date",
                    "type": "Pre-procurement milestones",
                    "dueDate": "2023-17-10 14:00"
                },
                {
                    "id": "4",
                    "title": "Bid Submission Start Date",
                    "type": "Pre-procurement milestones",
                    "dueDate": "2023-17-10 14:00"
                },
                {
                    "id": "5",
                    "title": "Bid Opening Date",
                    "type": "Pre-procurement milestones",
                    "dueDate": "2023-07-11 14:00"
                },
                {
                    "id": "6",
                    "title": "Document Download / Sale End Date",
                    "type": "Pre-procurement milestones",
                    "dueDate": "2023-07-11 13:30"
                },
                {
                    "id": "7",
                    "title": "Clarification End Date",
                    "type": "Pre-procurement milestones",
                    "dueDate": "2023-03-11 12:00"
                },
                {
                    "id": "8",
                    "title": "Bid Submission End Date",
                    "type": "Pre-procurement milestones",
                    "dueDate": "2023-07-11 13:30"
                },
                {
                    "id": "9",
                    "title": "Financial Bid Opening Date",
                    "type": "Pre-procurement milestones",
                    "dueDate": "2023-17-11 16:10"
                }
            ],
            "fiscalYear": "2023-2024"
        }
    ],
    "bids": [
        {
            "id": 1,
            "details": [
                {
                    "id": "208961.0",
                    "date": "2023-06-11 23:01",
                    "status": "Rejected-Technical",
                    "tenderers": [
                        {
                            "id": "bimalbrahma",
                            "name": "Bimal Brahma"
                        }
                    ]
                },
                {
                    "id": "208959.0",
                    "date": "2023-06-11 23:23",
                    "status": "Rejected-AOC",
                    "tenderers": [
                        {
                            "id": "dharamsingnarzary",
                            "name": "DHARAMSING NARZARY"
                        }
                    ]
                },
                {
                    "id": "208958.0",
                    "date": "2023-06-11 23:14",
                    "status": "Accepted-AOC",
                    "tenderers": [
                        {
                            "id": "sabrinanarzary",
                            "name": "SABRINA NARZARY"
                        }
                    ]
                }
            ]
        }
    ],
    "statistics": [
        {
            "id": "1",
            "value": 4072385.35,
            "currency": "INR",
            "measure": "contractValue"
        }
    ],
    "awards": [
        {
            "id": 1,
            "description": "Work Order",
            "value": [
                {
                    "amount": 4072385.35,
                    "currency": "INR"
                }
            ],
            "suppliers": [
                {
                    "id": "sabrinanarzary",
                    "name": "SABRINA NARZARY"
                }
            ],
            "contractPeriod": [
                {
                    "startDate": "2024-29-01",
                    "durationInDays": 270
                }
            ]
        },
        {
            "id": 2,
            "value": [
                {
                    "amount": "407238535",
                    "currency": "INR"
                }
            ]
        }
    ]
}