{
    "ocid": "ocds-f5kvwu-2023_BoTC_31825_1",
    "id": "1",
    "date": "2024-11-27",
    "tag": [
        "tender"
    ],
    "initiationType": "tender",
    "parties": [
        {
            "id": "bodolandterritorialcouncil",
            "name": "Bodoland Territorial Council",
            "roles": [
                "buyer"
            ]
        },
        {
            "id": "jamidarnarzary",
            "name": "Jamidar Narzary",
            "roles": [
                "tenderer"
            ]
        },
        {
            "id": "kamalakantakhaklary",
            "name": "KAMALA KANTA KHAKLARY",
            "roles": [
                "tenderer"
            ]
        },
        {
            "id": "thungrikhaklary",
            "name": "THUNGRI KHAKLARY",
            "roles": [
                "tenderer",
                "supplier"
            ]
        },
        {
            "id": "directorpnrdbtckokrajhar",
            "name": "Director PNRD BTC Kokrajhar",
            "address": [
                {
                    "streetAddress": "Director PNRD BTC Kokrajhar"
                }
            ],
            "roles": [
                "procuringEntity"
            ]
        }
    ],
    "buyer": [
        {
            "name": "Bodoland Territorial Council",
            "id": "bodolandterritorialcouncil"
        }
    ],
    "tender": [
        {
            "id": "2023_BoTC_31825_1",
            "identifiers": [
                {
                    "id": "DPRD/BTC/15FC/UT-109/2023/13",
                    "scheme": "external"
                }
            ],
            "title": "Imp of road with Earth filling and sand gravelling from Molamdubi Sailo Bihari land to Sumorendro Brahma Land 1 Nos RCC Box Culvert under 15th FC for the Financial year 2022-23.",
            "description": "DPRD/BTC/15FC/Untied-109/2023/13",
            "datePublished": "2023-28-07 10:30",
            "contractType": "Tender",
            "submissionTerms": [
                {
                    "allowPreferentialBidder": "No",
                    "allowMultiCurrencyFee": "No",
                    "allowMultiCurrencyBQQ": "No",
                    "bidValidityPeriod": [
                        {
                            "durationInDays": 180
                        }
                    ]
                }
            ],
            "procuringEntity": [
                {
                    "name": "Director PNRD BTC Kokrajhar",
                    "id": "directorpnrdbtckokrajhar"
                }
            ],
            "items": [
                {
                    "id": "01",
                    "classification": [
                        {
                            "description": "Civil Works"
                        }
                    ],
                    "additionalClassifications": [
                        {
                            "description": "Work Item Details > Subcategory"
                        }
                    ],
                    "deliveryAddresses": [
                        {
                            "postalCode": "783331.0",
                            "streetAddress": "Rupshi"
                        }
                    ]
                }
            ],
            "value": [
                {
                    "amount": 1982456.0,
                    "currency": "INR"
                }
            ],
            "procurementMethod": "Open Tender",
            "mainProcurementCategory": "Item Rate",
            "tenderPeriod": [
                {
                    "startDate": "2023-28-07 10:30",
                    "endDate": "2023-18-08 14:30",
                    "durationInDays": 21
                }
            ],
            "enquiryPeriod": [
                {
                    "startDate": "2023-28-07 10:30",
                    "endDate": "2023-18-08 14:00",
                    "durationInDays": 21
                }
            ],
            "contractPeriod": [
                {
                    "durationInDays": 90
                }
            ],
            "communication": [
                {
                    "id": 1,
                    "documentAvailabilityPeriod": [
                        {
                            "startDate": "2023-28-07 10:30",
                            "endDate": "2023-18-08 14:30"
                        }
                    ]
                }
            ],
            "bidOpening": [
                {
                    "date": "2023-19-08 14:30",
                    "address": [
                        {
                            "streetAddress": "Director PNRD BTC Kokrajhar"
                        }
                    ]
                }
            ],
            "participationFees": [
                {
                    "id": "01",
                    "value": [
                        {
                            "amount": 400.0,
                            "currency": "INR"
                        }
                    ],
                    "description": "Nil"
                }
            ],
            "numberOfTenderers": 5,
            "milestones": [
                {
                    "id": "1",
                    "title": "Published Date",
                    "type": "Pre-procurement milestones",
                    "dueDate": "2023-28-07 10:30"
                },
                {
                    "id": "2",
                    "title": "Document Download / Sale Start Date",
                    "type": "Pre-procurement milestones",
                    "dueDate": "2023-28-07 10:30"
                },
                {
                    "id": "3",
                    "title": "Clarification Start Date",
                    "type": "Pre-procurement milestones",
                    "dueDate": "2023-28-07 10:30"
                },
                {
                    "id": "4",
                    "title": "Bid Submission Start Date",
                    "type": "Pre-procurement milestones",
                    "dueDate": "2023-28-07 10:30"
                },
                {
                    "id": "5",
                    "title": "Bid Opening Date",
                    "type": "Pre-procurement milestones",
                    "dueDate": "2023-19-08 14:30"
                },
                {
                    "id": "6",
                    "title": "Document Download / Sale End Date",
                    "type": "Pre-procurement milestones",
                    "dueDate": "2023-18-08 14:30"
                },
                {
                    "id": "7",
                    "title": "Clarification End Date",
                    "type": "Pre-procurement milestones",
                    "dueDate": "2023-18-08 14:00"
                },
                {
                    "id": "8",
                    "title": "Bid Submission End Date",
                    "type": "Pre-procurement milestones",
                    "dueDate": "2023-18-08 14:30"
                },
                {
                    "id": "9",
                    "title": "Financial Bid Opening Date",
                    "type": "Pre-procurement milestones",
                    "dueDate": "2023-30-08 13:20"
                }
            ],
            "fiscalYear": "2023-2024"
        }
    ],
    "bids": [
        {
            "id": 1,
            "details": [
                {
                    "id": "195164.0",
                    "date": "2023-14-08 13:10",
                    "status": "Rejected-AOC",
                    "tenderers": [
                        {
                            "id": "jamidarnarzary",
                            "name": "Jamidar Narzary"
                        }
                    ]
                },
                {
                    "id": "194821.0",
                    "date": "2023-14-08 12:45",
                    "status": "Rejected-AOC",
                    "tenderers": [
                        {
                            "id": "kamalakantakhaklary",
                            "name": "KAMALA KANTA KHAKLARY"
                        }
                    ]
                },
                {
                    "id": "194823.0",
                    "date": "2023-14-08 12:07",
                    "status": "Accepted-AOC",
                    "tenderers": [
                        {
                            "id": "thungrikhaklary",
                            "name": "THUNGRI KHAKLARY"
                        }
                    ]
                }
            ]
        }
    ],
    "statistics": [
        {
            "id": "1",
            "value": 2000000.0,
            "currency": "INR",
            "measure": "contractValue"
        }
    ],
    "awards": [
        {
            "id": 1,
            "description": "Imp of road with Earth filling and sand gravelling from Molamdubi Sailo Bihari land to Sumorendro Brahma Land 1 Nos RCC Box Culvert under 15th FC for the Financial year 2022-23.",
            "value": [
                {
                    "amount": 2000000.0,
                    "currency": "INR"
                }
            ],
            "suppliers": [
                {
                    "id": "thungrikhaklary",
                    "name": "THUNGRI KHAKLARY"
                }
            ],
            "contractPeriod": [
                {
                    "startDate": "2023-26-09",
                    "durationInDays": 180
                }
            ]
        },
        {
            "id": 2,
            "value": [
                {
                    "amount": "19823882",
                    "currency": "INR"
                }
            ]
        }
    ]
}