{
    "ocid": "ocds-f5kvwu-2023_BoTC_29365_6",
    "id": "1",
    "date": "2024-11-27",
    "tag": [
        "tender"
    ],
    "initiationType": "tender",
    "parties": [
        {
            "id": "bodolandterritorialcouncil",
            "name": "Bodoland Territorial Council",
            "roles": [
                "buyer"
            ]
        },
        {
            "id": "ajitkumarbasumatary",
            "name": "AJIT KUMAR BASUMATARY",
            "roles": [
                "tenderer"
            ]
        },
        {
            "id": "msjjassociates",
            "name": "MS JJ Associates",
            "roles": [
                "tenderer",
                "supplier"
            ]
        },
        {
            "id": "tekloborobasumatary",
            "name": "TEKLO BORO BASUMATARY",
            "roles": [
                "tenderer"
            ]
        },
        {
            "id": "chdirrigationbtc",
            "name": "CHD, Irrigation, BTC",
            "address": [
                {
                    "streetAddress": "CHD, Irrigation, BTC, Kokrajhar"
                }
            ],
            "roles": [
                "procuringEntity"
            ]
        }
    ],
    "buyer": [
        {
            "name": "Bodoland Territorial Council",
            "id": "bodolandterritorialcouncil"
        }
    ],
    "tender": [
        {
            "id": "2023_BoTC_29365_6",
            "identifiers": [
                {
                    "id": "CHDI/ ET/2022-23/10",
                    "scheme": "external"
                }
            ],
            "title": "Kadam Bund FIS under PMKSY_HKKP for the year 2021-22",
            "description": "Kadam Bund FIS under PMKSY_HKKP for the year 2021-22",
            "datePublished": "2023-17-02 09:00",
            "contractType": "Tender",
            "submissionTerms": [
                {
                    "allowPreferentialBidder": "No",
                    "allowMultiCurrencyFee": "No",
                    "allowMultiCurrencyBQQ": "No",
                    "bidValidityPeriod": [
                        {
                            "durationInDays": 180
                        }
                    ]
                }
            ],
            "procuringEntity": [
                {
                    "name": "CHD, Irrigation, BTC",
                    "id": "chdirrigationbtc"
                }
            ],
            "items": [
                {
                    "id": "01",
                    "classification": [
                        {
                            "description": "Civil Works"
                        }
                    ],
                    "additionalClassifications": [
                        {
                            "description": "Work Item Details > Subcategory"
                        }
                    ],
                    "deliveryAddresses": [
                        {
                            "postalCode": "783370.0",
                            "streetAddress": "Kokrajhar East"
                        }
                    ]
                }
            ],
            "value": [
                {
                    "amount": 38245367.0,
                    "currency": "INR"
                }
            ],
            "procurementMethod": "Open Tender",
            "mainProcurementCategory": "Works",
            "tenderPeriod": [
                {
                    "startDate": "2023-17-02 09:00",
                    "endDate": "2023-08-03 12:00",
                    "durationInDays": 19
                }
            ],
            "contractPeriod": [
                {
                    "durationInDays": 365
                }
            ],
            "communication": [
                {
                    "id": 1,
                    "documentAvailabilityPeriod": [
                        {
                            "startDate": "2023-17-02 09:00",
                            "endDate": "2023-08-03 12:00"
                        }
                    ]
                }
            ],
            "bidOpening": [
                {
                    "date": "2023-08-03 14:00",
                    "address": [
                        {
                            "streetAddress": "Kokrajhar"
                        }
                    ]
                }
            ],
            "participationFees": [
                {
                    "id": "01",
                    "value": [
                        {
                            "amount": 7700.0,
                            "currency": "INR"
                        }
                    ],
                    "description": "Nil"
                }
            ],
            "numberOfTenderers": 4,
            "milestones": [
                {
                    "id": "1",
                    "title": "Published Date",
                    "type": "Pre-procurement milestones",
                    "dueDate": "2023-17-02 09:00"
                },
                {
                    "id": "2",
                    "title": "Document Download / Sale Start Date",
                    "type": "Pre-procurement milestones",
                    "dueDate": "2023-17-02 09:00"
                },
                {
                    "id": "3",
                    "title": "Bid Submission Start Date",
                    "type": "Pre-procurement milestones",
                    "dueDate": "2023-18-02 17:00"
                },
                {
                    "id": "4",
                    "title": "Bid Opening Date",
                    "type": "Pre-procurement milestones",
                    "dueDate": "2023-08-03 14:00"
                },
                {
                    "id": "5",
                    "title": "Document Download / Sale End Date",
                    "type": "Pre-procurement milestones",
                    "dueDate": "2023-08-03 12:00"
                },
                {
                    "id": "6",
                    "title": "Bid Submission End Date",
                    "type": "Pre-procurement milestones",
                    "dueDate": "2023-08-03 12:00"
                },
                {
                    "id": "7",
                    "title": "Financial Bid Opening Date",
                    "type": "Pre-procurement milestones",
                    "dueDate": "2023-12-04 09:00"
                }
            ],
            "fiscalYear": "2022-2023"
        }
    ],
    "bids": [
        {
            "id": 1,
            "details": [
                {
                    "id": "178776.0",
                    "date": "2023-06-03 14:50",
                    "status": "Rejected-Finance",
                    "tenderers": [
                        {
                            "id": "ajitkumarbasumatary",
                            "name": "AJIT KUMAR BASUMATARY"
                        }
                    ]
                },
                {
                    "id": "178754.0",
                    "date": "2023-05-03 12:42",
                    "status": "Rejected-Finance",
                    "tenderers": [
                        {
                            "id": "tekloborobasumatary",
                            "name": "TEKLO BORO BASUMATARY"
                        }
                    ]
                },
                {
                    "id": "179321.0",
                    "date": "2023-08-03 11:55",
                    "status": "Accepted-AOC",
                    "tenderers": [
                        {
                            "id": "msjjassociates",
                            "name": "MS JJ Associates"
                        }
                    ]
                }
            ]
        }
    ],
    "statistics": [
        {
            "id": "1",
            "value": 34420830.3,
            "currency": "INR",
            "measure": "contractValue"
        }
    ],
    "awards": [
        {
            "id": 1,
            "value": [
                {
                    "amount": 34420830.3,
                    "currency": "INR"
                }
            ],
            "suppliers": [
                {
                    "id": "msjjassociates",
                    "name": "MS JJ Associates"
                }
            ],
            "contractPeriod": [
                {
                    "startDate": "2024-22-02",
                    "durationInDays": 365
                }
            ]
        },
        {
            "id": 2,
            "value": [
                {
                    "amount": "344208303",
                    "currency": "INR"
                }
            ]
        }
    ]
}