{
    "ocid": "ocds-f5kvwu-2023_BTC_33729_1",
    "id": "1",
    "date": "2024-11-27",
    "tag": [
        "tender"
    ],
    "initiationType": "tender",
    "parties": [
        {
            "id": "bodolandterritorialcouncilpwd",
            "name": "Bodoland Territorial Council-PWD",
            "roles": [
                "buyer"
            ]
        },
        {
            "id": "brindabandaimary",
            "name": "BRINDABAN DAIMARY",
            "roles": [
                "tenderer",
                "supplier"
            ]
        },
        {
            "id": "dipakroy",
            "name": "DIPAK ROY",
            "roles": [
                "tenderer"
            ]
        },
        {
            "id": "janmiramsaloi",
            "name": "JANMI RAM SALOI",
            "roles": [
                "tenderer"
            ]
        },
        {
            "id": "mantunathboro",
            "name": "Mantu Nath Boro",
            "roles": [
                "tenderer"
            ]
        },
        {
            "id": "srideepankardaimary",
            "name": "SRI DEEPANKAR DAIMARY",
            "roles": [
                "tenderer"
            ]
        },
        {
            "id": "sridhwrwmsingbaro",
            "name": "SRI DHWRWMSING BARO",
            "roles": [
                "tenderer"
            ]
        },
        {
            "id": "theaddlchiefengineercumdirectorpwd",
            "name": "The Addl. Chief Engineer cum Director, PWD",
            "address": [
                {
                    "streetAddress": "O/oThe Addl. Chief Engineer cum Director, PWD"
                }
            ],
            "roles": [
                "procuringEntity"
            ]
        }
    ],
    "buyer": [
        {
            "name": "Bodoland Territorial Council-PWD",
            "id": "bodolandterritorialcouncilpwd"
        }
    ],
    "tender": [
        {
            "id": "2023_BTC_33729_1",
            "identifiers": [
                {
                    "id": "ACE-150/PWD/NIT/Goodwill/23-24",
                    "scheme": "external"
                }
            ],
            "title": "Construction of road from Kumbhijhar Mandal Soren house to No.2 Bagarikhuti Rashkhola road under CMs Goodwill Mission Project for the Year 2023-24. TN_26_66",
            "description": "Construction of road from Kumbhijhar Mandal Soren house to No.2 Bagarikhuti Rashkhola road under CMs Goodwill Mission Project for the Year 2023-24. TN_26_66",
            "datePublished": "2023-09-11 10:00",
            "contractType": "Tender",
            "submissionTerms": [
                {
                    "allowPreferentialBidder": "No",
                    "allowMultiCurrencyFee": "No",
                    "allowMultiCurrencyBQQ": "No",
                    "bidValidityPeriod": [
                        {
                            "durationInDays": 180
                        }
                    ]
                }
            ],
            "procuringEntity": [
                {
                    "name": "The Addl. Chief Engineer cum Director, PWD",
                    "id": "theaddlchiefengineercumdirectorpwd"
                }
            ],
            "items": [
                {
                    "id": "01",
                    "classification": [
                        {
                            "description": "Civil Works \u2013 Roads"
                        }
                    ],
                    "additionalClassifications": [
                        {
                            "description": "Work Item Details > Subcategory"
                        }
                    ],
                    "deliveryAddresses": [
                        {
                            "postalCode": "783217.0",
                            "streetAddress": "Baksa"
                        }
                    ]
                }
            ],
            "value": [
                {
                    "amount": 23208890.0,
                    "currency": "INR"
                }
            ],
            "procurementMethod": "Open Tender",
            "mainProcurementCategory": "Works",
            "tenderPeriod": [
                {
                    "startDate": "2023-09-11 10:00",
                    "endDate": "2023-01-12 13:30",
                    "durationInDays": 22
                }
            ],
            "enquiryPeriod": [
                {
                    "startDate": "2023-09-11 10:00",
                    "endDate": "2023-30-11 12:00",
                    "durationInDays": 21
                }
            ],
            "contractPeriod": [
                {
                    "durationInDays": 365
                }
            ],
            "communication": [
                {
                    "id": 1,
                    "documentAvailabilityPeriod": [
                        {
                            "startDate": "2023-09-11 10:00",
                            "endDate": "2023-01-12 13:30"
                        }
                    ]
                }
            ],
            "bidOpening": [
                {
                    "date": "2023-01-12 14:00",
                    "address": [
                        {
                            "streetAddress": "O/oThe Addl. Chief Engineer cum Director, PWD"
                        }
                    ]
                }
            ],
            "participationFees": [
                {
                    "id": "01",
                    "value": [
                        {
                            "amount": 4700.0,
                            "currency": "INR"
                        }
                    ],
                    "description": "Nil"
                }
            ],
            "numberOfTenderers": 7,
            "milestones": [
                {
                    "id": "1",
                    "title": "Published Date",
                    "type": "Pre-procurement milestones",
                    "dueDate": "2023-09-11 10:00"
                },
                {
                    "id": "2",
                    "title": "Document Download / Sale Start Date",
                    "type": "Pre-procurement milestones",
                    "dueDate": "2023-09-11 10:00"
                },
                {
                    "id": "3",
                    "title": "Clarification Start Date",
                    "type": "Pre-procurement milestones",
                    "dueDate": "2023-09-11 10:00"
                },
                {
                    "id": "4",
                    "title": "Bid Submission Start Date",
                    "type": "Pre-procurement milestones",
                    "dueDate": "2023-09-11 10:00"
                },
                {
                    "id": "5",
                    "title": "Bid Opening Date",
                    "type": "Pre-procurement milestones",
                    "dueDate": "2023-01-12 14:00"
                },
                {
                    "id": "6",
                    "title": "Document Download / Sale End Date",
                    "type": "Pre-procurement milestones",
                    "dueDate": "2023-01-12 13:30"
                },
                {
                    "id": "7",
                    "title": "Clarification End Date",
                    "type": "Pre-procurement milestones",
                    "dueDate": "2023-30-11 12:00"
                },
                {
                    "id": "8",
                    "title": "Bid Submission End Date",
                    "type": "Pre-procurement milestones",
                    "dueDate": "2023-01-12 13:30"
                },
                {
                    "id": "9",
                    "title": "Financial Bid Opening Date",
                    "type": "Pre-procurement milestones",
                    "dueDate": "2024-23-02 16:50"
                }
            ],
            "fiscalYear": "2023-2024"
        }
    ],
    "bids": [
        {
            "id": 1,
            "details": [
                {
                    "id": "213704.0",
                    "date": "2023-01-12 05:15",
                    "status": "Not Admitted-Fee/PreQual/Technical",
                    "tenderers": [
                        {
                            "id": "dipakroy",
                            "name": "DIPAK ROY"
                        }
                    ]
                },
                {
                    "id": "213722.0",
                    "date": "2023-01-12 13:07",
                    "status": "Rejected-Technical",
                    "tenderers": [
                        {
                            "id": "janmiramsaloi",
                            "name": "JANMI RAM SALOI"
                        }
                    ]
                },
                {
                    "id": "213719.0",
                    "date": "2023-01-12 12:50",
                    "status": "Rejected-AOC",
                    "tenderers": [
                        {
                            "id": "mantunathboro",
                            "name": "Mantu Nath Boro"
                        }
                    ]
                },
                {
                    "id": "213723.0",
                    "date": "2023-01-12 12:42",
                    "status": "Not Admitted-Fee/PreQual/Technical",
                    "tenderers": [
                        {
                            "id": "srideepankardaimary",
                            "name": "SRI DEEPANKAR DAIMARY"
                        }
                    ]
                },
                {
                    "id": "213637.0",
                    "date": "2023-30-11 21:34",
                    "status": "Rejected-AOC",
                    "tenderers": [
                        {
                            "id": "sridhwrwmsingbaro",
                            "name": "SRI DHWRWMSING BARO"
                        }
                    ]
                },
                {
                    "id": "213666.0",
                    "date": "2023-30-11 21:36",
                    "status": "Accepted-AOC",
                    "tenderers": [
                        {
                            "id": "brindabandaimary",
                            "name": "BRINDABAN DAIMARY"
                        }
                    ]
                }
            ]
        }
    ],
    "statistics": [
        {
            "id": "1",
            "value": 23208890.0,
            "currency": "INR",
            "measure": "contractValue"
        }
    ],
    "awards": [
        {
            "id": 1,
            "description": "Work Order",
            "value": [
                {
                    "amount": 23208890.0,
                    "currency": "INR"
                }
            ],
            "suppliers": [
                {
                    "id": "brindabandaimary",
                    "name": "BRINDABAN DAIMARY"
                }
            ],
            "contractPeriod": [
                {
                    "startDate": "2024-27-02",
                    "durationInDays": 365
                }
            ]
        },
        {
            "id": 2,
            "value": [
                {
                    "amount": "23208890",
                    "currency": "INR"
                }
            ]
        }
    ]
}