{
    "ocid": "ocds-f5kvwu-2023_BoTC_31609_4",
    "id": "1",
    "date": "2024-11-27",
    "tag": [
        "tender"
    ],
    "initiationType": "tender",
    "parties": [
        {
            "id": "bodolandterritorialcouncil",
            "name": "Bodoland Territorial Council",
            "roles": [
                "buyer"
            ]
        },
        {
            "id": "ashokboro",
            "name": "Ashok Boro",
            "roles": [
                "tenderer"
            ]
        },
        {
            "id": "makbulhussain",
            "name": "MAKBUL HUSSAIN",
            "roles": [
                "tenderer"
            ]
        },
        {
            "id": "sanjibbhattacharjee",
            "name": "Sanjib Bhattacharjee",
            "roles": [
                "tenderer",
                "supplier"
            ]
        },
        {
            "id": "surenchbaro",
            "name": "suren ch baro",
            "roles": [
                "tenderer"
            ]
        },
        {
            "id": "chdirrigationbtckokrajhar",
            "name": "CHD, Irrigation, BTC, Kokrajhar",
            "address": [
                {
                    "streetAddress": "o/o the CHD, Irrigation, BTC, Kokrajhar"
                }
            ],
            "roles": [
                "procuringEntity"
            ]
        }
    ],
    "buyer": [
        {
            "name": "Bodoland Territorial Council",
            "id": "bodolandterritorialcouncil"
        }
    ],
    "tender": [
        {
            "id": "2023_BoTC_31609_4",
            "identifiers": [
                {
                    "id": "CHDI/ ET/2022-23/17",
                    "scheme": "external"
                }
            ],
            "title": "Protection Work at Nidhuwa village at the U/S of Head Work of Sukla Irrigation Project from Chainage 440 m to 990 m of ERM,Sukla Irrigation Project under PMKSY-AIBP for the year 2021-22",
            "description": "Protection Work at Nidhuwa village at the U/S of Head Work of Sukla Irrigation Project from Chainage 440 m to 990 m of ERM,Sukla Irrigation Project under PMKSY-AIBP for the year 2021-22",
            "datePublished": "2023-10-07 18:00",
            "contractType": "Tender",
            "submissionTerms": [
                {
                    "allowPreferentialBidder": "No",
                    "allowMultiCurrencyFee": "No",
                    "allowMultiCurrencyBQQ": "No",
                    "bidValidityPeriod": [
                        {
                            "durationInDays": 180
                        }
                    ]
                }
            ],
            "procuringEntity": [
                {
                    "name": "CHD, Irrigation, BTC, Kokrajhar",
                    "id": "chdirrigationbtckokrajhar"
                }
            ],
            "items": [
                {
                    "id": "01",
                    "classification": [
                        {
                            "description": "Civil Works"
                        }
                    ],
                    "additionalClassifications": [
                        {
                            "description": "Work Item Details > Subcategory"
                        }
                    ],
                    "deliveryAddresses": [
                        {
                            "postalCode": "781366.0",
                            "streetAddress": "Suklai Serfang Goreswar"
                        }
                    ]
                }
            ],
            "value": [
                {
                    "amount": 10162648.0,
                    "currency": "INR"
                }
            ],
            "procurementMethod": "Open Tender",
            "mainProcurementCategory": "Works",
            "tenderPeriod": [
                {
                    "startDate": "2023-10-07 18:00",
                    "endDate": "2023-31-07 14:00",
                    "durationInDays": 20
                }
            ],
            "contractPeriod": [
                {
                    "durationInDays": 180
                }
            ],
            "communication": [
                {
                    "id": 1,
                    "documentAvailabilityPeriod": [
                        {
                            "startDate": "2023-10-07 18:00",
                            "endDate": "2023-31-07 14:00"
                        }
                    ]
                }
            ],
            "bidOpening": [
                {
                    "date": "2023-01-08 11:00",
                    "address": [
                        {
                            "streetAddress": "Kokrajhar"
                        }
                    ]
                }
            ],
            "participationFees": [
                {
                    "id": "01",
                    "value": [
                        {
                            "amount": 2100.0,
                            "currency": "INR"
                        }
                    ],
                    "description": "Nil"
                }
            ],
            "numberOfTenderers": 5,
            "milestones": [
                {
                    "id": "1",
                    "title": "Published Date",
                    "type": "Pre-procurement milestones",
                    "dueDate": "2023-10-07 18:00"
                },
                {
                    "id": "2",
                    "title": "Document Download / Sale Start Date",
                    "type": "Pre-procurement milestones",
                    "dueDate": "2023-10-07 18:00"
                },
                {
                    "id": "3",
                    "title": "Bid Submission Start Date",
                    "type": "Pre-procurement milestones",
                    "dueDate": "2023-13-07 10:00"
                },
                {
                    "id": "4",
                    "title": "Bid Opening Date",
                    "type": "Pre-procurement milestones",
                    "dueDate": "2023-01-08 11:00"
                },
                {
                    "id": "5",
                    "title": "Document Download / Sale End Date",
                    "type": "Pre-procurement milestones",
                    "dueDate": "2023-31-07 14:00"
                },
                {
                    "id": "6",
                    "title": "Bid Submission End Date",
                    "type": "Pre-procurement milestones",
                    "dueDate": "2023-31-07 14:00"
                },
                {
                    "id": "7",
                    "title": "Financial Bid Opening Date",
                    "type": "Pre-procurement milestones",
                    "dueDate": "2023-21-09 16:00"
                }
            ],
            "fiscalYear": "2023-2024"
        }
    ],
    "bids": [
        {
            "id": 1,
            "details": [
                {
                    "id": "193573.0",
                    "date": "2023-29-07 17:48",
                    "status": "Rejected-Finance",
                    "tenderers": [
                        {
                            "id": "ashokboro",
                            "name": "Ashok Boro"
                        }
                    ]
                },
                {
                    "id": "193355.0",
                    "date": "2023-31-07 11:00",
                    "status": "Rejected-Finance",
                    "tenderers": [
                        {
                            "id": "makbulhussain",
                            "name": "MAKBUL HUSSAIN"
                        }
                    ]
                },
                {
                    "id": "194026.0",
                    "date": "2023-30-07 13:11",
                    "status": "Rejected-Finance",
                    "tenderers": [
                        {
                            "id": "surenchbaro",
                            "name": "suren ch baro"
                        }
                    ]
                },
                {
                    "id": "193501.0",
                    "date": "2023-28-07 11:03",
                    "status": "Accepted-AOC",
                    "tenderers": [
                        {
                            "id": "sanjibbhattacharjee",
                            "name": "Sanjib Bhattacharjee"
                        }
                    ]
                }
            ]
        }
    ],
    "statistics": [
        {
            "id": "1",
            "value": 9146383.0,
            "currency": "INR",
            "measure": "contractValue"
        }
    ],
    "awards": [
        {
            "id": 1,
            "value": [
                {
                    "amount": 9146383.0,
                    "currency": "INR"
                }
            ],
            "suppliers": [
                {
                    "id": "sanjibbhattacharjee",
                    "name": "Sanjib Bhattacharjee"
                }
            ],
            "contractPeriod": [
                {
                    "startDate": "2024-08-03",
                    "durationInDays": 365
                }
            ]
        },
        {
            "id": 2,
            "value": [
                {
                    "amount": "9146383",
                    "currency": "INR"
                }
            ]
        }
    ]
}