{
    "ocid": "ocds-f5kvwu-2023_BoTC_34018_1",
    "id": "1",
    "date": "2024-11-27",
    "tag": [
        "tender"
    ],
    "initiationType": "tender",
    "parties": [
        {
            "id": "bodolandterritorialcouncil",
            "name": "Bodoland Territorial Council",
            "roles": [
                "buyer"
            ]
        },
        {
            "id": "autopointenterprise",
            "name": "Auto Point Enterprise",
            "roles": [
                "tenderer"
            ]
        },
        {
            "id": "prakashbodyconstructioncompany",
            "name": "prakash body construction company",
            "roles": [
                "tenderer"
            ]
        },
        {
            "id": "yashglobalreach",
            "name": "Yash global reach",
            "roles": [
                "tenderer",
                "supplier"
            ]
        },
        {
            "id": "jtcommissioneroftransportcumchdbtc",
            "name": "Jt. Commissioner of Transport cum CHD,BTC",
            "address": [
                {
                    "streetAddress": "O/o the Jt. Commissioner of Transport cum CHD,BTC Kokrajhar"
                }
            ],
            "roles": [
                "procuringEntity"
            ]
        }
    ],
    "buyer": [
        {
            "name": "Bodoland Territorial Council",
            "id": "bodolandterritorialcouncil"
        }
    ],
    "tender": [
        {
            "id": "2023_BoTC_34018_1",
            "identifiers": [
                {
                    "id": "BTC/TRN/04/2023-24 - 02",
                    "scheme": "external"
                }
            ],
            "title": "Procurement of Accessories for new Non AC Luxury Bus Chaises for Bodoland Transport Services for the year 2023-24",
            "description": "Procurement of Accessories for new Non AC Luxury Bus Chaises for Bodoland Transport Services for the year 2023-24",
            "datePublished": "2023-17-11 17:00",
            "contractType": "Tender",
            "submissionTerms": [
                {
                    "allowPreferentialBidder": "No",
                    "allowMultiCurrencyFee": "No",
                    "allowMultiCurrencyBQQ": "No",
                    "bidValidityPeriod": [
                        {
                            "durationInDays": 195
                        }
                    ]
                }
            ],
            "procuringEntity": [
                {
                    "name": "Jt. Commissioner of Transport cum CHD,BTC",
                    "id": "jtcommissioneroftransportcumchdbtc"
                }
            ],
            "items": [
                {
                    "id": "01",
                    "classification": [
                        {
                            "description": "Vehicles/Vehicle Spares"
                        }
                    ],
                    "additionalClassifications": [
                        {
                            "description": "Work Item Details > Subcategory"
                        }
                    ],
                    "deliveryAddresses": [
                        {
                            "postalCode": "783370.0",
                            "streetAddress": "KOKRAJHAR"
                        }
                    ]
                }
            ],
            "value": [
                {
                    "amount": 349631.0,
                    "currency": "INR"
                }
            ],
            "procurementMethod": "Open Tender",
            "mainProcurementCategory": "Supply",
            "tenderPeriod": [
                {
                    "startDate": "2023-17-11 17:00",
                    "endDate": "2023-07-12 15:00",
                    "durationInDays": 19
                }
            ],
            "enquiryPeriod": [
                {
                    "startDate": "2023-17-11 17:00",
                    "endDate": "2023-07-12 15:00",
                    "durationInDays": 19
                }
            ],
            "contractPeriod": [
                {
                    "durationInDays": 60
                }
            ],
            "communication": [
                {
                    "id": 1,
                    "documentAvailabilityPeriod": [
                        {
                            "startDate": "2023-17-11 17:00",
                            "endDate": "2023-07-12 15:00"
                        }
                    ]
                }
            ],
            "bidOpening": [
                {
                    "date": "2023-07-12 15:30",
                    "address": [
                        {
                            "streetAddress": "O/o the Jt. Commissioner of Transport cum CHD,BTC"
                        }
                    ]
                }
            ],
            "participationFees": [
                {
                    "id": "01",
                    "value": [
                        {
                            "amount": 300.0,
                            "currency": "INR"
                        }
                    ],
                    "description": "Nil"
                }
            ],
            "numberOfTenderers": 4,
            "milestones": [
                {
                    "id": "1",
                    "title": "Published Date",
                    "type": "Pre-procurement milestones",
                    "dueDate": "2023-17-11 17:00"
                },
                {
                    "id": "2",
                    "title": "Document Download / Sale Start Date",
                    "type": "Pre-procurement milestones",
                    "dueDate": "2023-17-11 17:00"
                },
                {
                    "id": "3",
                    "title": "Clarification Start Date",
                    "type": "Pre-procurement milestones",
                    "dueDate": "2023-17-11 17:00"
                },
                {
                    "id": "4",
                    "title": "Bid Submission Start Date",
                    "type": "Pre-procurement milestones",
                    "dueDate": "2023-17-11 17:00"
                },
                {
                    "id": "5",
                    "title": "Bid Opening Date",
                    "type": "Pre-procurement milestones",
                    "dueDate": "2023-07-12 15:30"
                },
                {
                    "id": "6",
                    "title": "Document Download / Sale End Date",
                    "type": "Pre-procurement milestones",
                    "dueDate": "2023-07-12 15:00"
                },
                {
                    "id": "7",
                    "title": "Clarification End Date",
                    "type": "Pre-procurement milestones",
                    "dueDate": "2023-07-12 15:00"
                },
                {
                    "id": "8",
                    "title": "Bid Submission End Date",
                    "type": "Pre-procurement milestones",
                    "dueDate": "2023-07-12 15:00"
                },
                {
                    "id": "9",
                    "title": "Financial Bid Opening Date",
                    "type": "Pre-procurement milestones",
                    "dueDate": "2023-13-12 18:30"
                }
            ],
            "fiscalYear": "2023-2024"
        }
    ],
    "bids": [
        {
            "id": 1,
            "details": [
                {
                    "id": "213545.0",
                    "date": "2023-29-11 23:53",
                    "status": "Rejected-Technical",
                    "tenderers": [
                        {
                            "id": "autopointenterprise",
                            "name": "Auto Point Enterprise"
                        }
                    ]
                },
                {
                    "id": "212633.0",
                    "date": "2023-28-11 11:58",
                    "status": "Rejected-Finance",
                    "tenderers": [
                        {
                            "id": "prakashbodyconstructioncompany",
                            "name": "prakash body construction company"
                        }
                    ]
                },
                {
                    "id": "212335.0",
                    "date": "2023-28-11 12:36",
                    "status": "Accepted-AOC",
                    "tenderers": [
                        {
                            "id": "yashglobalreach",
                            "name": "Yash global reach"
                        }
                    ]
                }
            ]
        }
    ],
    "statistics": [
        {
            "id": "1",
            "value": 348000.0,
            "currency": "INR",
            "measure": "contractValue"
        }
    ],
    "awards": [
        {
            "id": 1,
            "description": "L1 Bidder",
            "value": [
                {
                    "amount": 348000.0,
                    "currency": "INR"
                }
            ],
            "suppliers": [
                {
                    "id": "yashglobalreach",
                    "name": "Yash global reach"
                }
            ],
            "contractPeriod": [
                {
                    "startDate": "2024-29-05",
                    "durationInDays": 60
                }
            ]
        },
        {
            "id": 2,
            "value": [
                {
                    "amount": "348000",
                    "currency": "INR"
                }
            ]
        }
    ]
}