{
    "ocid": "ocds-f5kvwu-2023_BoTC_33395_1",
    "id": "1",
    "date": "2024-11-27",
    "tag": [
        "tender"
    ],
    "initiationType": "tender",
    "parties": [
        {
            "id": "bodolandterritorialcouncil",
            "name": "Bodoland Territorial Council",
            "roles": [
                "buyer"
            ]
        },
        {
            "id": "nibolnarzary",
            "name": "NIBOL NARZARY",
            "roles": [
                "tenderer",
                "supplier"
            ]
        },
        {
            "id": "srigilardbasumatary",
            "name": "Sri Gilard Basumatary",
            "roles": [
                "tenderer"
            ]
        },
        {
            "id": "dfodhansiridivisionudalguri",
            "name": "DFO, Dhansiri Division, Udalguri",
            "address": [
                {
                    "streetAddress": "O/o the DFO, Dhansiri Division, Udalguri"
                }
            ],
            "roles": [
                "procuringEntity"
            ]
        }
    ],
    "buyer": [
        {
            "name": "Bodoland Territorial Council",
            "id": "bodolandterritorialcouncil"
        }
    ],
    "tender": [
        {
            "id": "2023_BoTC_33395_1",
            "identifiers": [
                {
                    "id": "BTC/Dhansiri/01/2023",
                    "scheme": "external"
                }
            ],
            "title": "Creation of 1.5 Ha Nursery (as per latest CAMPA norms) at Rangapani",
            "description": "Creation of 1.5 Ha Nursery (as per latest CAMPA norms) at Rangapani under Mazbat Range of Dhansiri Forest Division, Udalguri for the financial year 2023-24",
            "datePublished": "2023-01-11 15:00",
            "contractType": "Tender",
            "submissionTerms": [
                {
                    "allowPreferentialBidder": "No",
                    "allowMultiCurrencyFee": "No",
                    "allowMultiCurrencyBQQ": "No",
                    "bidValidityPeriod": [
                        {
                            "durationInDays": 180
                        }
                    ]
                }
            ],
            "procuringEntity": [
                {
                    "name": "DFO, Dhansiri Division, Udalguri",
                    "id": "dfodhansiridivisionudalguri"
                }
            ],
            "items": [
                {
                    "id": "01",
                    "classification": [
                        {
                            "description": "Civil Works"
                        }
                    ],
                    "additionalClassifications": [
                        {
                            "description": "Work Item Details > Subcategory"
                        }
                    ],
                    "deliveryAddresses": [
                        {
                            "postalCode": "784114.0",
                            "streetAddress": "Dhansiri"
                        }
                    ]
                }
            ],
            "value": [
                {
                    "amount": 4708760.0,
                    "currency": "INR"
                }
            ],
            "procurementMethod": "Open Tender",
            "mainProcurementCategory": "Works",
            "tenderPeriod": [
                {
                    "startDate": "2023-01-11 15:00",
                    "endDate": "2023-21-11 15:00",
                    "durationInDays": 20
                }
            ],
            "enquiryPeriod": [
                {
                    "startDate": "2023-01-11 15:00",
                    "endDate": "2023-21-11 15:00",
                    "durationInDays": 20
                }
            ],
            "contractPeriod": [
                {
                    "durationInDays": 180
                }
            ],
            "communication": [
                {
                    "id": 1,
                    "documentAvailabilityPeriod": [
                        {
                            "startDate": "2023-01-11 15:00",
                            "endDate": "2023-21-11 15:00"
                        }
                    ]
                }
            ],
            "bidOpening": [
                {
                    "date": "2023-21-11 15:30",
                    "address": [
                        {
                            "streetAddress": "O/o the DFO, Dhansiri Division, Udalguri"
                        }
                    ]
                }
            ],
            "participationFees": [
                {
                    "id": "01",
                    "value": [
                        {
                            "amount": 1000.0,
                            "currency": "INR"
                        }
                    ],
                    "description": "Nil"
                }
            ],
            "numberOfTenderers": 4,
            "milestones": [
                {
                    "id": "1",
                    "title": "Published Date",
                    "type": "Pre-procurement milestones",
                    "dueDate": "2023-01-11 15:00"
                },
                {
                    "id": "2",
                    "title": "Document Download / Sale Start Date",
                    "type": "Pre-procurement milestones",
                    "dueDate": "2023-01-11 15:00"
                },
                {
                    "id": "3",
                    "title": "Clarification Start Date",
                    "type": "Pre-procurement milestones",
                    "dueDate": "2023-01-11 15:00"
                },
                {
                    "id": "4",
                    "title": "Bid Submission Start Date",
                    "type": "Pre-procurement milestones",
                    "dueDate": "2023-01-11 15:00"
                },
                {
                    "id": "5",
                    "title": "Bid Opening Date",
                    "type": "Pre-procurement milestones",
                    "dueDate": "2023-21-11 15:30"
                },
                {
                    "id": "6",
                    "title": "Document Download / Sale End Date",
                    "type": "Pre-procurement milestones",
                    "dueDate": "2023-21-11 15:00"
                },
                {
                    "id": "7",
                    "title": "Clarification End Date",
                    "type": "Pre-procurement milestones",
                    "dueDate": "2023-21-11 15:00"
                },
                {
                    "id": "8",
                    "title": "Bid Submission End Date",
                    "type": "Pre-procurement milestones",
                    "dueDate": "2023-21-11 15:00"
                },
                {
                    "id": "9",
                    "title": "Financial Bid Opening Date",
                    "type": "Pre-procurement milestones",
                    "dueDate": "2023-30-11 12:10"
                }
            ],
            "fiscalYear": "2023-2024"
        }
    ],
    "bids": [
        {
            "id": 1,
            "details": [
                {
                    "id": "211310.0",
                    "date": "2023-20-11 15:44",
                    "status": "Rejected-Finance",
                    "tenderers": [
                        {
                            "id": "srigilardbasumatary",
                            "name": "Sri Gilard Basumatary"
                        }
                    ]
                },
                {
                    "id": "211143.0",
                    "date": "2023-20-11 15:12",
                    "status": "Accepted-AOC",
                    "tenderers": [
                        {
                            "id": "nibolnarzary",
                            "name": "NIBOL NARZARY"
                        }
                    ]
                }
            ]
        }
    ],
    "statistics": [
        {
            "id": "1",
            "value": 4707820.0,
            "currency": "INR",
            "measure": "contractValue"
        }
    ],
    "awards": [
        {
            "id": 1,
            "description": "L1 Bidder",
            "value": [
                {
                    "amount": 4707820.0,
                    "currency": "INR"
                }
            ],
            "suppliers": [
                {
                    "id": "nibolnarzary",
                    "name": "NIBOL NARZARY"
                }
            ],
            "contractPeriod": [
                {
                    "startDate": "2024-25-02",
                    "durationInDays": 180
                }
            ]
        },
        {
            "id": 2,
            "value": [
                {
                    "amount": "4707820",
                    "currency": "INR"
                }
            ]
        }
    ]
}