{
    "ocid": "ocds-f5kvwu-2023_AEGCL_35086_1",
    "id": "1",
    "date": "2024-11-27",
    "tag": [
        "tender"
    ],
    "initiationType": "tender",
    "parties": [
        {
            "id": "assamelectricitygridcorporationltd",
            "name": "Assam Electricity Grid Corporation Ltd",
            "roles": [
                "buyer"
            ]
        },
        {
            "id": "dhanjitdas",
            "name": "DHANJIT DAS",
            "roles": [
                "tenderer"
            ]
        },
        {
            "id": "kamalsinghdugar",
            "name": "Kamal Singh Dugar",
            "roles": [
                "tenderer",
                "supplier"
            ]
        },
        {
            "id": "msassamelectricstore",
            "name": "M/S Assam Electric Store",
            "roles": [
                "tenderer"
            ]
        },
        {
            "id": "mshbassociates",
            "name": "MS H B Associates",
            "roles": [
                "tenderer"
            ]
        },
        {
            "id": "raassociates",
            "name": "R. A. ASSOCIATES",
            "roles": [
                "tenderer"
            ]
        },
        {
            "id": "shriprasantalahkar",
            "name": "Shri Prasanta Lahkar",
            "roles": [
                "tenderer"
            ]
        },
        {
            "id": "visionengineers",
            "name": "Vision Engineers",
            "roles": [
                "tenderer"
            ]
        },
        {
            "id": "cgmppandd",
            "name": "CGM (PP and D)",
            "address": [
                {
                    "streetAddress": "Bijulee Bhawan, Paltanbazar, Guwahati-1"
                }
            ],
            "roles": [
                "procuringEntity"
            ]
        }
    ],
    "buyer": [
        {
            "name": "Assam Electricity Grid Corporation Ltd",
            "id": "assamelectricitygridcorporationltd"
        }
    ],
    "tender": [
        {
            "id": "2023_AEGCL_35086_1",
            "identifiers": [
                {
                    "id": "AIIMS/2018/Additional Works-C/BID",
                    "scheme": "external"
                }
            ],
            "title": "Construction of First Floor of Existing Transit Camp Building at 132/33 KV GSS, AIIMS,",
            "description": "Construction of First Floor of Existing Transit Camp Building at 132/33 KV GSS, AIIMS, Changsari",
            "datePublished": "2023-30-12 12:00",
            "contractType": "Tender",
            "submissionTerms": [
                {
                    "allowPreferentialBidder": "No",
                    "allowMultiCurrencyFee": "No",
                    "allowMultiCurrencyBQQ": "No",
                    "bidValidityPeriod": [
                        {
                            "durationInDays": 180
                        }
                    ]
                }
            ],
            "procuringEntity": [
                {
                    "name": "CGM (PP and D)",
                    "id": "cgmppandd"
                }
            ],
            "items": [
                {
                    "id": "01",
                    "classification": [
                        {
                            "description": "Civil Works"
                        }
                    ],
                    "additionalClassifications": [
                        {
                            "description": "Work Item Details > Subcategory"
                        }
                    ],
                    "deliveryAddresses": [
                        {
                            "postalCode": "781101.0",
                            "streetAddress": "132/33 KV GSS, AIIMS, Changsari, Guwahati"
                        }
                    ]
                }
            ],
            "value": [
                {
                    "amount": 6880353.0,
                    "currency": "INR"
                }
            ],
            "procurementMethod": "Open Tender",
            "mainProcurementCategory": "Works",
            "tenderPeriod": [
                {
                    "startDate": "2023-30-12 12:00",
                    "endDate": "2024-19-01 12:00",
                    "durationInDays": 20
                }
            ],
            "contractPeriod": [
                {
                    "durationInDays": 365
                }
            ],
            "communication": [
                {
                    "id": 1,
                    "documentAvailabilityPeriod": [
                        {
                            "startDate": "2023-30-12 12:00",
                            "endDate": "2024-19-01 12:00"
                        }
                    ]
                }
            ],
            "bidOpening": [
                {
                    "date": "2024-22-01 16:00",
                    "address": [
                        {
                            "streetAddress": "O/o The MD, AEGCL"
                        }
                    ]
                }
            ],
            "participationFees": [
                {
                    "id": "01",
                    "value": [
                        {
                            "amount": 2000.0,
                            "currency": "INR"
                        }
                    ],
                    "description": "Nil"
                }
            ],
            "numberOfTenderers": 8,
            "milestones": [
                {
                    "id": "1",
                    "title": "Published Date",
                    "type": "Pre-procurement milestones",
                    "dueDate": "2023-30-12 12:00"
                },
                {
                    "id": "2",
                    "title": "Document Download / Sale Start Date",
                    "type": "Pre-procurement milestones",
                    "dueDate": "2023-30-12 12:00"
                },
                {
                    "id": "3",
                    "title": "Bid Submission Start Date",
                    "type": "Pre-procurement milestones",
                    "dueDate": "2023-30-12 12:00"
                },
                {
                    "id": "4",
                    "title": "Bid Opening Date",
                    "type": "Pre-procurement milestones",
                    "dueDate": "2024-22-01 16:00"
                },
                {
                    "id": "5",
                    "title": "Document Download / Sale End Date",
                    "type": "Pre-procurement milestones",
                    "dueDate": "2024-19-01 12:00"
                },
                {
                    "id": "6",
                    "title": "Bid Submission End Date",
                    "type": "Pre-procurement milestones",
                    "dueDate": "2024-19-01 12:00"
                },
                {
                    "id": "7",
                    "title": "Financial Bid Opening Date",
                    "type": "Pre-procurement milestones",
                    "dueDate": "2024-07-03 14:45"
                }
            ],
            "fiscalYear": "2023-2024"
        }
    ],
    "bids": [
        {
            "id": 1,
            "details": [
                {
                    "id": "221104.0",
                    "date": "2024-19-01 11:38",
                    "status": "Rejected-Technical",
                    "tenderers": [
                        {
                            "id": "dhanjitdas",
                            "name": "DHANJIT DAS"
                        }
                    ]
                },
                {
                    "id": "219130.0",
                    "date": "2024-19-01 10:56",
                    "status": "Rejected-Finance",
                    "tenderers": [
                        {
                            "id": "msassamelectricstore",
                            "name": "M/S Assam Electric Store"
                        }
                    ]
                },
                {
                    "id": "220840.0",
                    "date": "2024-19-01 00:00",
                    "status": "Rejected-Technical",
                    "tenderers": [
                        {
                            "id": "mshbassociates",
                            "name": "MS H B Associates"
                        }
                    ]
                },
                {
                    "id": "218883.0",
                    "date": "2024-19-01 09:41",
                    "status": "Rejected-Technical",
                    "tenderers": [
                        {
                            "id": "raassociates",
                            "name": "R. A. ASSOCIATES"
                        }
                    ]
                },
                {
                    "id": "220799.0",
                    "date": "2024-19-01 11:23",
                    "status": "Rejected-Technical",
                    "tenderers": [
                        {
                            "id": "shriprasantalahkar",
                            "name": "Shri Prasanta Lahkar"
                        }
                    ]
                },
                {
                    "id": "221366.0",
                    "date": "2024-19-01 11:50",
                    "status": "Rejected-Technical",
                    "tenderers": [
                        {
                            "id": "visionengineers",
                            "name": "Vision Engineers"
                        }
                    ]
                },
                {
                    "id": "219133.0",
                    "date": "2024-19-01 10:52",
                    "status": "Accepted-AOC",
                    "tenderers": [
                        {
                            "id": "kamalsinghdugar",
                            "name": "Kamal Singh Dugar"
                        }
                    ]
                }
            ]
        }
    ],
    "statistics": [
        {
            "id": "1",
            "value": 7548236.0,
            "currency": "INR",
            "measure": "contractValue"
        }
    ],
    "awards": [
        {
            "id": 1,
            "value": [
                {
                    "amount": 7548236.0,
                    "currency": "INR"
                }
            ],
            "suppliers": [
                {
                    "id": "kamalsinghdugar",
                    "name": "Kamal Singh Dugar"
                }
            ],
            "contractPeriod": [
                {
                    "startDate": "2024-06-06",
                    "durationInDays": 365
                }
            ]
        },
        {
            "id": 2,
            "value": [
                {
                    "amount": "7548236",
                    "currency": "INR"
                }
            ]
        }
    ]
}