{
    "ocid": "ocds-f5kvwu-2023_BTC_33683_1",
    "id": "1",
    "date": "2024-11-27",
    "tag": [
        "tender"
    ],
    "initiationType": "tender",
    "parties": [
        {
            "id": "bodolandterritorialcouncilpwd",
            "name": "Bodoland Territorial Council-PWD",
            "roles": [
                "buyer"
            ]
        },
        {
            "id": "sarbanandaojha",
            "name": "SARBANANDA OJHA",
            "roles": [
                "tenderer"
            ]
        },
        {
            "id": "sribhabadevmahanta",
            "name": "Sri Bhaba Dev Mahanta",
            "roles": [
                "tenderer",
                "supplier"
            ]
        },
        {
            "id": "srikamaldaimari",
            "name": "Sri Kamal Daimari",
            "roles": [
                "tenderer"
            ]
        },
        {
            "id": "theaddlchiefengineercumdirectorpwdbtc",
            "name": "The Addl. Chief Engineer cum Director, PWD BTC",
            "address": [
                {
                    "streetAddress": "O/o the Addl. Chief Engineer cum Director, PWD BTC, Kokrajhar"
                }
            ],
            "roles": [
                "procuringEntity"
            ]
        }
    ],
    "buyer": [
        {
            "name": "Bodoland Territorial Council-PWD",
            "id": "bodolandterritorialcouncilpwd"
        }
    ],
    "tender": [
        {
            "id": "2023_BTC_33683_1",
            "identifiers": [
                {
                    "id": "150/PWD/NIT/Goodwill/23-24/5",
                    "scheme": "external"
                }
            ],
            "title": "Construction of CC block road from Barnadijhar to MPK road via Maldangpara village under CMs Goodwill Mission Project for the financial year 2023-24 of District Udalguri. (31 Khwirvwbari (ST). (TN_26_130)",
            "description": "Construction of CC block road from Barnadijhar to MPK road via Maldangpara village under CMs Goodwill Mission Project for the financial year 2023-24 of District Udalguri. (31 Khwirvwbari (ST).",
            "datePublished": "2023-08-11 14:00",
            "contractType": "Tender",
            "submissionTerms": [
                {
                    "allowPreferentialBidder": "No",
                    "allowMultiCurrencyFee": "No",
                    "allowMultiCurrencyBQQ": "No",
                    "bidValidityPeriod": [
                        {
                            "durationInDays": 180
                        }
                    ]
                }
            ],
            "procuringEntity": [
                {
                    "name": "The Addl. Chief Engineer cum Director, PWD BTC",
                    "id": "theaddlchiefengineercumdirectorpwdbtc"
                }
            ],
            "items": [
                {
                    "id": "01",
                    "classification": [
                        {
                            "description": "Civil Works"
                        }
                    ],
                    "additionalClassifications": [
                        {
                            "description": "Work Item Details > Subcategory"
                        }
                    ],
                    "deliveryAddresses": [
                        {
                            "postalCode": "784509.0",
                            "streetAddress": "Udalguri"
                        }
                    ]
                }
            ],
            "value": [
                {
                    "amount": 38316941.0,
                    "currency": "INR"
                }
            ],
            "procurementMethod": "Open Tender",
            "mainProcurementCategory": "Works",
            "tenderPeriod": [
                {
                    "startDate": "2023-08-11 14:00",
                    "endDate": "2023-28-11 14:00",
                    "durationInDays": 20
                }
            ],
            "enquiryPeriod": [
                {
                    "startDate": "2023-08-11 14:00",
                    "endDate": "2023-28-11 12:00",
                    "durationInDays": 19
                }
            ],
            "contractPeriod": [
                {
                    "durationInDays": 730
                }
            ],
            "communication": [
                {
                    "id": 1,
                    "documentAvailabilityPeriod": [
                        {
                            "startDate": "2023-08-11 14:00",
                            "endDate": "2023-28-11 14:00"
                        }
                    ]
                }
            ],
            "bidOpening": [
                {
                    "date": "2023-29-11 12:00",
                    "address": [
                        {
                            "streetAddress": "O/o the Addl. Chief Engineer cum Director, PWD BTC"
                        }
                    ]
                }
            ],
            "participationFees": [
                {
                    "id": "01",
                    "value": [
                        {
                            "amount": 7700.0,
                            "currency": "INR"
                        }
                    ],
                    "description": "Nil"
                }
            ],
            "numberOfTenderers": 5,
            "milestones": [
                {
                    "id": "1",
                    "title": "Published Date",
                    "type": "Pre-procurement milestones",
                    "dueDate": "2023-08-11 14:00"
                },
                {
                    "id": "2",
                    "title": "Document Download / Sale Start Date",
                    "type": "Pre-procurement milestones",
                    "dueDate": "2023-08-11 14:00"
                },
                {
                    "id": "3",
                    "title": "Clarification Start Date",
                    "type": "Pre-procurement milestones",
                    "dueDate": "2023-08-11 14:00"
                },
                {
                    "id": "4",
                    "title": "Bid Submission Start Date",
                    "type": "Pre-procurement milestones",
                    "dueDate": "2023-08-11 14:00"
                },
                {
                    "id": "5",
                    "title": "Bid Opening Date",
                    "type": "Pre-procurement milestones",
                    "dueDate": "2023-29-11 12:00"
                },
                {
                    "id": "6",
                    "title": "Document Download / Sale End Date",
                    "type": "Pre-procurement milestones",
                    "dueDate": "2023-28-11 14:00"
                },
                {
                    "id": "7",
                    "title": "Clarification End Date",
                    "type": "Pre-procurement milestones",
                    "dueDate": "2023-28-11 12:00"
                },
                {
                    "id": "8",
                    "title": "Bid Submission End Date",
                    "type": "Pre-procurement milestones",
                    "dueDate": "2023-28-11 14:00"
                },
                {
                    "id": "9",
                    "title": "Financial Bid Opening Date",
                    "type": "Pre-procurement milestones",
                    "dueDate": "2023-22-12 11:00"
                }
            ],
            "fiscalYear": "2023-2024"
        }
    ],
    "bids": [
        {
            "id": 1,
            "details": [
                {
                    "id": "210787.0",
                    "date": "2023-28-11 10:57",
                    "status": "Rejected-Technical",
                    "tenderers": [
                        {
                            "id": "sarbanandaojha",
                            "name": "SARBANANDA OJHA"
                        }
                    ]
                },
                {
                    "id": "211036.0",
                    "date": "2023-22-11 18:22",
                    "status": "Rejected-AOC",
                    "tenderers": [
                        {
                            "id": "srikamaldaimari",
                            "name": "Sri Kamal Daimari"
                        }
                    ]
                },
                {
                    "id": "209985.0",
                    "date": "2023-22-11 18:10",
                    "status": "Accepted-AOC",
                    "tenderers": [
                        {
                            "id": "sribhabadevmahanta",
                            "name": "Sri Bhaba Dev Mahanta"
                        }
                    ]
                }
            ]
        }
    ],
    "statistics": [
        {
            "id": "1",
            "value": 38316941.0,
            "currency": "INR",
            "measure": "contractValue"
        }
    ],
    "awards": [
        {
            "id": 1,
            "description": "Work Order",
            "value": [
                {
                    "amount": 38316941.0,
                    "currency": "INR"
                }
            ],
            "suppliers": [
                {
                    "id": "sribhabadevmahanta",
                    "name": "Sri Bhaba Dev Mahanta"
                }
            ],
            "contractPeriod": [
                {
                    "startDate": "2024-30-03",
                    "durationInDays": 730
                }
            ]
        },
        {
            "id": 2,
            "value": [
                {
                    "amount": "38316941",
                    "currency": "INR"
                }
            ]
        }
    ]
}