{
    "ocid": "ocds-f5kvwu-2023_BoTC_30366_1",
    "id": "1",
    "date": "2024-11-27",
    "tag": [
        "tender"
    ],
    "initiationType": "tender",
    "parties": [
        {
            "id": "bodolandterritorialcouncil",
            "name": "Bodoland Territorial Council",
            "roles": [
                "buyer"
            ]
        },
        {
            "id": "acmeeventsexpo",
            "name": "ACME EVENTS & EXPO",
            "roles": [
                "tenderer",
                "supplier"
            ]
        },
        {
            "id": "mscapitaloverlays",
            "name": "M/S CAPITAL OVERLAYS",
            "roles": [
                "tenderer"
            ]
        },
        {
            "id": "thesepwdkokrajharbldgcirclekokrajhar",
            "name": "the S.E,PWD, Kokrajhar Bldg.Circle,Kokrajhar",
            "address": [
                {
                    "streetAddress": "O/o the S.E,PWD, Kokrajhar Bldg.Circle,Kokrajhar"
                }
            ],
            "roles": [
                "procuringEntity"
            ]
        }
    ],
    "buyer": [
        {
            "name": "Bodoland Territorial Council",
            "id": "bodolandterritorialcouncil"
        }
    ],
    "tender": [
        {
            "id": "2023_BoTC_30366_1",
            "identifiers": [
                {
                    "id": "No. TECH- 05/SE(B)/E-Tender/2021-22/91",
                    "scheme": "external"
                }
            ],
            "title": "Arrangement of Temporary Pandal, Dias, Barricading, Branding in connection with Inauguration Ceremony of Medical College, Kokrajhar (Civil Work) 518, Group No. I",
            "description": "Arrangement of Temporary Pandal, Dias, Barricading, Branding in connection with Inauguration Ceremony of Medical College, Kokrajhar (Civil Work) 518, Group No. I",
            "datePublished": "2023-05-04 14:00",
            "contractType": "Tender",
            "submissionTerms": [
                {
                    "allowPreferentialBidder": "No",
                    "allowMultiCurrencyFee": "No",
                    "allowMultiCurrencyBQQ": "No",
                    "bidValidityPeriod": [
                        {
                            "durationInDays": 180
                        }
                    ]
                }
            ],
            "procuringEntity": [
                {
                    "name": "the S.E,PWD, Kokrajhar Bldg.Circle,Kokrajhar",
                    "id": "thesepwdkokrajharbldgcirclekokrajhar"
                }
            ],
            "items": [
                {
                    "id": "01",
                    "classification": [
                        {
                            "description": "Civil Works - Building"
                        }
                    ],
                    "additionalClassifications": [
                        {
                            "description": "Work Item Details > Subcategory"
                        }
                    ],
                    "deliveryAddresses": [
                        {
                            "postalCode": "783370.0",
                            "streetAddress": "Kokrajhar"
                        }
                    ]
                }
            ],
            "value": [
                {
                    "amount": 9684484.0,
                    "currency": "INR"
                }
            ],
            "procurementMethod": "Open Tender",
            "mainProcurementCategory": "Item Rate",
            "tenderPeriod": [
                {
                    "startDate": "2023-05-04 14:00",
                    "endDate": "2023-10-04 13:00",
                    "durationInDays": 4
                }
            ],
            "enquiryPeriod": [
                {
                    "startDate": "2023-05-04 14:00",
                    "endDate": "2023-07-04 13:00",
                    "durationInDays": 1
                }
            ],
            "contractPeriod": [
                {
                    "durationInDays": 2
                }
            ],
            "communication": [
                {
                    "id": 1,
                    "documentAvailabilityPeriod": [
                        {
                            "startDate": "2023-05-04 14:00",
                            "endDate": "2023-10-04 13:00"
                        }
                    ]
                }
            ],
            "bidOpening": [
                {
                    "date": "2023-10-04 13:30",
                    "address": [
                        {
                            "streetAddress": "O/o the S.E,PWD, Kokrajhar Bldg.Circle,Kokrajhar"
                        }
                    ]
                }
            ],
            "participationFees": [
                {
                    "id": "01",
                    "value": [
                        {
                            "amount": 2000.0,
                            "currency": "INR"
                        }
                    ],
                    "description": "Nil"
                }
            ],
            "numberOfTenderers": 5,
            "milestones": [
                {
                    "id": "1",
                    "title": "Published Date",
                    "type": "Pre-procurement milestones",
                    "dueDate": "2023-05-04 14:00"
                },
                {
                    "id": "2",
                    "title": "Document Download / Sale Start Date",
                    "type": "Pre-procurement milestones",
                    "dueDate": "2023-05-04 14:00"
                },
                {
                    "id": "3",
                    "title": "Clarification Start Date",
                    "type": "Pre-procurement milestones",
                    "dueDate": "2023-05-04 14:00"
                },
                {
                    "id": "4",
                    "title": "Bid Submission Start Date",
                    "type": "Pre-procurement milestones",
                    "dueDate": "2023-05-04 14:00"
                },
                {
                    "id": "5",
                    "title": "Bid Opening Date",
                    "type": "Pre-procurement milestones",
                    "dueDate": "2023-10-04 13:30"
                },
                {
                    "id": "6",
                    "title": "Document Download / Sale End Date",
                    "type": "Pre-procurement milestones",
                    "dueDate": "2023-10-04 13:00"
                },
                {
                    "id": "7",
                    "title": "Clarification End Date",
                    "type": "Pre-procurement milestones",
                    "dueDate": "2023-07-04 13:00"
                },
                {
                    "id": "8",
                    "title": "Bid Submission End Date",
                    "type": "Pre-procurement milestones",
                    "dueDate": "2023-10-04 13:00"
                },
                {
                    "id": "9",
                    "title": "Financial Bid Opening Date",
                    "type": "Pre-procurement milestones",
                    "dueDate": "2023-11-04 10:00"
                }
            ],
            "fiscalYear": "2022-2023"
        }
    ],
    "bids": [
        {
            "id": 1,
            "details": [
                {
                    "id": "182449.0",
                    "date": "2023-09-04 19:58",
                    "status": "Rejected-AOC",
                    "tenderers": [
                        {
                            "id": "mscapitaloverlays",
                            "name": "M/S CAPITAL OVERLAYS"
                        }
                    ]
                },
                {
                    "id": "182437.0",
                    "date": "2023-09-04 16:28",
                    "status": "Accepted-AOC",
                    "tenderers": [
                        {
                            "id": "acmeeventsexpo",
                            "name": "ACME EVENTS & EXPO"
                        }
                    ]
                }
            ]
        }
    ],
    "statistics": [
        {
            "id": "1",
            "value": 9569200.0,
            "currency": "INR",
            "measure": "contractValue"
        }
    ],
    "awards": [
        {
            "id": 1,
            "description": "Work Order",
            "value": [
                {
                    "amount": 9569200.0,
                    "currency": "INR"
                }
            ],
            "suppliers": [
                {
                    "id": "acmeeventsexpo",
                    "name": "ACME EVENTS & EXPO"
                }
            ],
            "contractPeriod": [
                {
                    "startDate": "2024-15-02",
                    "durationInDays": 2
                }
            ]
        },
        {
            "id": 2,
            "value": [
                {
                    "amount": "9569200",
                    "currency": "INR"
                }
            ]
        }
    ]
}