{
    "ocid": "ocds-f5kvwu-2023_AAU_32592_1",
    "id": "1",
    "date": "2024-11-27",
    "tag": [
        "tender"
    ],
    "initiationType": "tender",
    "parties": [
        {
            "id": "assamagriculturaluniversity",
            "name": "Assam Agricultural University",
            "roles": [
                "buyer"
            ]
        },
        {
            "id": "chandanchowdhury",
            "name": "CHANDAN CHOWDHURY",
            "roles": [
                "tenderer"
            ]
        },
        {
            "id": "manaspratimdas",
            "name": "Manas Pratim Das",
            "roles": [
                "tenderer"
            ]
        },
        {
            "id": "skylineconstructions",
            "name": "Skyline Constructions",
            "roles": [
                "tenderer",
                "supplier"
            ]
        },
        {
            "id": "directorofphysicalplantaaukhanapara",
            "name": "DIRECTOR OF PHYSICAL PLANT,AAU,KHANAPARA",
            "address": [
                {
                    "streetAddress": "DIRECTORATE OF PHYSICAL PLANT,AAU,KHANAPARA"
                }
            ],
            "roles": [
                "procuringEntity"
            ]
        }
    ],
    "buyer": [
        {
            "name": "Assam Agricultural University",
            "id": "assamagriculturaluniversity"
        }
    ],
    "tender": [
        {
            "id": "2023_AAU_32592_1",
            "identifiers": [
                {
                    "id": "AAU/DPP/KH/2022-23/3628-31 DTD.15.09.23",
                    "scheme": "external"
                }
            ],
            "title": "REPAIR AND RENOVATION OF GIRLS HOSTEL NO.1 AT College of Veterinary Science ,Assam Agricultural University ,KHANAPARA(RETROFITTING ,ROOF LEAKAGE PREVENTION WORKS",
            "description": "REPAIR AND RENOVATION OF GIRLS HOSTEL NO.1 AT College of Veterinary Science ,Assam Agricultural University ,KHANAPARA(RETROFITTING ,ROOF LEAKAGE PREVENTION WORKS",
            "datePublished": "2023-19-09 18:30",
            "contractType": "Tender",
            "submissionTerms": [
                {
                    "allowPreferentialBidder": "No",
                    "allowMultiCurrencyFee": "No",
                    "allowMultiCurrencyBQQ": "No",
                    "bidValidityPeriod": [
                        {
                            "durationInDays": 180
                        }
                    ]
                }
            ],
            "procuringEntity": [
                {
                    "name": "DIRECTOR OF PHYSICAL PLANT,AAU,KHANAPARA",
                    "id": "directorofphysicalplantaaukhanapara"
                }
            ],
            "items": [
                {
                    "id": "01",
                    "classification": [
                        {
                            "description": "Civil Works"
                        }
                    ],
                    "additionalClassifications": [
                        {
                            "description": "Work Item Details > Subcategory"
                        }
                    ],
                    "deliveryAddresses": [
                        {
                            "postalCode": "781022.0",
                            "streetAddress": "CVSC,KHANAPARA"
                        }
                    ]
                }
            ],
            "value": [
                {
                    "amount": 2270000.0,
                    "currency": "INR"
                }
            ],
            "procurementMethod": "Open Tender",
            "mainProcurementCategory": "Item Rate",
            "tenderPeriod": [
                {
                    "startDate": "2023-19-09 18:30",
                    "endDate": "2023-09-10 14:00",
                    "durationInDays": 19
                }
            ],
            "enquiryPeriod": [
                {
                    "startDate": "2023-19-09 18:30",
                    "endDate": "2023-04-10 10:30",
                    "durationInDays": 14
                }
            ],
            "contractPeriod": [
                {
                    "durationInDays": 60
                }
            ],
            "communication": [
                {
                    "id": 1,
                    "documentAvailabilityPeriod": [
                        {
                            "startDate": "2023-19-09 18:30",
                            "endDate": "2023-09-10 14:00"
                        }
                    ]
                }
            ],
            "bidOpening": [
                {
                    "date": "2023-09-10 17:00",
                    "address": [
                        {
                            "streetAddress": "DIRECTORATE OF PHYSICAL PLANT,AAU,KHANAPARA"
                        }
                    ]
                }
            ],
            "participationFees": [
                {
                    "id": "01",
                    "value": [
                        {
                            "amount": 1000.0,
                            "currency": "INR"
                        }
                    ],
                    "description": "Nil"
                }
            ],
            "numberOfTenderers": 5,
            "milestones": [
                {
                    "id": "1",
                    "title": "Published Date",
                    "type": "Pre-procurement milestones",
                    "dueDate": "2023-19-09 18:30"
                },
                {
                    "id": "2",
                    "title": "Document Download / Sale Start Date",
                    "type": "Pre-procurement milestones",
                    "dueDate": "2023-19-09 18:30"
                },
                {
                    "id": "3",
                    "title": "Clarification Start Date",
                    "type": "Pre-procurement milestones",
                    "dueDate": "2023-19-09 18:30"
                },
                {
                    "id": "4",
                    "title": "Bid Submission Start Date",
                    "type": "Pre-procurement milestones",
                    "dueDate": "2023-19-09 18:30"
                },
                {
                    "id": "5",
                    "title": "Bid Opening Date",
                    "type": "Pre-procurement milestones",
                    "dueDate": "2023-09-10 17:00"
                },
                {
                    "id": "6",
                    "title": "Document Download / Sale End Date",
                    "type": "Pre-procurement milestones",
                    "dueDate": "2023-09-10 14:00"
                },
                {
                    "id": "7",
                    "title": "Clarification End Date",
                    "type": "Pre-procurement milestones",
                    "dueDate": "2023-04-10 10:30"
                },
                {
                    "id": "8",
                    "title": "Bid Submission End Date",
                    "type": "Pre-procurement milestones",
                    "dueDate": "2023-09-10 14:00"
                },
                {
                    "id": "9",
                    "title": "Financial Bid Opening Date",
                    "type": "Pre-procurement milestones",
                    "dueDate": "2023-09-12 12:25"
                }
            ],
            "fiscalYear": "2023-2024"
        }
    ],
    "bids": [
        {
            "id": 1,
            "details": [
                {
                    "id": "203038.0",
                    "date": "2023-07-10 14:09",
                    "status": "Not Admitted-Fee/PreQual/Technical",
                    "tenderers": [
                        {
                            "id": "chandanchowdhury",
                            "name": "CHANDAN CHOWDHURY"
                        }
                    ]
                },
                {
                    "id": "203076.0",
                    "date": "2023-09-10 11:06",
                    "status": "Not Admitted-Fee/PreQual/Technical",
                    "tenderers": [
                        {
                            "id": "manaspratimdas",
                            "name": "Manas Pratim Das"
                        }
                    ]
                },
                {
                    "id": "203046.0",
                    "date": "2023-07-10 14:16",
                    "status": "Accepted-AOC",
                    "tenderers": [
                        {
                            "id": "skylineconstructions",
                            "name": "Skyline Constructions"
                        }
                    ]
                }
            ]
        }
    ],
    "statistics": [
        {
            "id": "1",
            "value": 2270000.0,
            "currency": "INR",
            "measure": "contractValue"
        }
    ],
    "awards": [
        {
            "id": 1,
            "description": "WORK ALLOTED TO L1 BIDDER",
            "value": [
                {
                    "amount": 2270000.0,
                    "currency": "INR"
                }
            ],
            "suppliers": [
                {
                    "id": "skylineconstructions",
                    "name": "Skyline Constructions"
                }
            ],
            "contractPeriod": [
                {
                    "startDate": "2024-20-01",
                    "durationInDays": 60
                }
            ]
        },
        {
            "id": 2,
            "value": [
                {
                    "amount": "2270000",
                    "currency": "INR"
                }
            ]
        }
    ]
}