{
    "ocid": "ocds-f5kvwu-2023_BoTC_34127_1",
    "id": "1",
    "date": "2024-11-27",
    "tag": [
        "tender"
    ],
    "initiationType": "tender",
    "parties": [
        {
            "id": "bodolandterritorialcouncil",
            "name": "Bodoland Territorial Council",
            "roles": [
                "buyer"
            ]
        },
        {
            "id": "msjbenterprise",
            "name": "M/s J B Enterprise",
            "roles": [
                "tenderer",
                "supplier"
            ]
        },
        {
            "id": "trinathbasumatary",
            "name": "TRINATH BASUMATARY",
            "roles": [
                "tenderer"
            ]
        },
        {
            "id": "jointdirectorcumchdfisherydepttbtc",
            "name": "JOINT-DIRECTOR CUM CHD, FISHERY DEPTT.,BTC",
            "address": [
                {
                    "streetAddress": "JOINT-DIRECTOR CUM CHD, FISHERY DEPTT. BTC, KOKRAJHAR"
                }
            ],
            "roles": [
                "procuringEntity"
            ]
        }
    ],
    "buyer": [
        {
            "name": "Bodoland Territorial Council",
            "id": "bodolandterritorialcouncil"
        }
    ],
    "tender": [
        {
            "id": "2023_BoTC_34127_1",
            "identifiers": [
                {
                    "id": "JDF/BTC/008/2023-24/343",
                    "scheme": "external"
                }
            ],
            "title": "Supply of Inputs for Pig-Cum-Fish culture",
            "description": "Supply of Inputs for Pig-Cum-Fish culture",
            "datePublished": "2023-22-11 15:00",
            "contractType": "Tender",
            "submissionTerms": [
                {
                    "allowPreferentialBidder": "No",
                    "allowMultiCurrencyFee": "No",
                    "allowMultiCurrencyBQQ": "No",
                    "bidValidityPeriod": [
                        {
                            "durationInDays": 180
                        }
                    ]
                }
            ],
            "procuringEntity": [
                {
                    "name": "JOINT-DIRECTOR CUM CHD, FISHERY DEPTT.,BTC",
                    "id": "jointdirectorcumchdfisherydepttbtc"
                }
            ],
            "items": [
                {
                    "id": "01",
                    "classification": [
                        {
                            "description": "Supply of Materials"
                        }
                    ],
                    "additionalClassifications": [
                        {
                            "description": "Work Item Details > Subcategory"
                        }
                    ],
                    "deliveryAddresses": [
                        {
                            "postalCode": "783370.0",
                            "streetAddress": "BTR"
                        }
                    ]
                }
            ],
            "value": [
                {
                    "amount": 9000000.0,
                    "currency": "INR"
                }
            ],
            "procurementMethod": "Open Tender",
            "mainProcurementCategory": "Supply",
            "tenderPeriod": [
                {
                    "startDate": "2023-22-11 15:00",
                    "endDate": "2023-12-12 15:00",
                    "durationInDays": 20
                }
            ],
            "contractPeriod": [
                {
                    "durationInDays": 30
                }
            ],
            "communication": [
                {
                    "id": 1,
                    "documentAvailabilityPeriod": [
                        {
                            "startDate": "2023-22-11 15:00",
                            "endDate": "2023-12-12 15:00"
                        }
                    ]
                }
            ],
            "bidOpening": [
                {
                    "date": "2023-13-12 10:00",
                    "address": [
                        {
                            "streetAddress": "O/o JOINT-DIRECTOR CUM CHD, FISHERY DEPTT."
                        }
                    ]
                }
            ],
            "participationFees": [
                {
                    "id": "01",
                    "value": [
                        {
                            "amount": 2000.0,
                            "currency": "INR"
                        }
                    ],
                    "description": "Nil"
                }
            ],
            "numberOfTenderers": 4,
            "milestones": [
                {
                    "id": "1",
                    "title": "Published Date",
                    "type": "Pre-procurement milestones",
                    "dueDate": "2023-22-11 15:00"
                },
                {
                    "id": "2",
                    "title": "Document Download / Sale Start Date",
                    "type": "Pre-procurement milestones",
                    "dueDate": "2023-22-11 15:00"
                },
                {
                    "id": "3",
                    "title": "Bid Submission Start Date",
                    "type": "Pre-procurement milestones",
                    "dueDate": "2023-25-11 15:00"
                },
                {
                    "id": "4",
                    "title": "Bid Opening Date",
                    "type": "Pre-procurement milestones",
                    "dueDate": "2023-13-12 10:00"
                },
                {
                    "id": "5",
                    "title": "Document Download / Sale End Date",
                    "type": "Pre-procurement milestones",
                    "dueDate": "2023-12-12 15:00"
                },
                {
                    "id": "6",
                    "title": "Bid Submission End Date",
                    "type": "Pre-procurement milestones",
                    "dueDate": "2023-12-12 15:00"
                },
                {
                    "id": "7",
                    "title": "Financial Bid Opening Date",
                    "type": "Pre-procurement milestones",
                    "dueDate": "2023-20-12 16:00"
                }
            ],
            "fiscalYear": "2023-2024"
        }
    ],
    "bids": [
        {
            "id": 1,
            "details": [
                {
                    "id": "214866.0",
                    "date": "2023-11-12 22:54",
                    "status": "Rejected-Finance",
                    "tenderers": [
                        {
                            "id": "trinathbasumatary",
                            "name": "TRINATH BASUMATARY"
                        }
                    ]
                },
                {
                    "id": "214695.0",
                    "date": "2023-11-12 23:14",
                    "status": "Accepted-AOC",
                    "tenderers": [
                        {
                            "id": "msjbenterprise",
                            "name": "M/s J B Enterprise"
                        }
                    ]
                }
            ]
        }
    ],
    "statistics": [
        {
            "id": "1",
            "value": 8997600.0,
            "currency": "INR",
            "measure": "contractValue"
        }
    ],
    "awards": [
        {
            "id": 1,
            "description": "Accepted and Approved by BTC authority.",
            "value": [
                {
                    "amount": 8997600.0,
                    "currency": "INR"
                }
            ],
            "suppliers": [
                {
                    "id": "msjbenterprise",
                    "name": "M/s J B Enterprise"
                }
            ],
            "contractPeriod": [
                {
                    "startDate": "2024-21-01",
                    "durationInDays": 30
                }
            ]
        },
        {
            "id": 2,
            "value": [
                {
                    "amount": "8997600",
                    "currency": "INR"
                }
            ]
        }
    ]
}