{
    "ocid": "ocds-f5kvwu-2023_BoTC_33855_1",
    "id": "1",
    "date": "2024-11-27",
    "tag": [
        "tender"
    ],
    "initiationType": "tender",
    "parties": [
        {
            "id": "bodolandterritorialcouncil",
            "name": "Bodoland Territorial Council",
            "roles": [
                "buyer"
            ]
        },
        {
            "id": "binitabasumatary",
            "name": "BINITA BASUMATARY",
            "roles": [
                "tenderer",
                "supplier"
            ]
        },
        {
            "id": "lipikabrahma",
            "name": "LIPIKA BRAHMA",
            "roles": [
                "tenderer"
            ]
        },
        {
            "id": "thedirectorofeducationbtckokrajhar",
            "name": "The Director of Education, BTC, Kokrajhar",
            "address": [
                {
                    "streetAddress": "O/o the Director of Education, BTC, Kokrajhar"
                }
            ],
            "roles": [
                "procuringEntity"
            ]
        }
    ],
    "buyer": [
        {
            "name": "Bodoland Territorial Council",
            "id": "bodolandterritorialcouncil"
        }
    ],
    "tender": [
        {
            "id": "2023_BoTC_33855_1",
            "identifiers": [
                {
                    "id": "DOE/BTC/Samagra Siksha/Amg-Basu/2023-24/01",
                    "scheme": "external"
                }
            ],
            "title": "Construction of 3 Nos of ACR at Basugaon Higher Secondary School Education Department at Chirang, BTR.",
            "description": "Construction of 3 Nos of ACR at Basugaon Higher Secondary School Education Department at Chirang, BTR.",
            "datePublished": "2023-10-11 16:00",
            "contractType": "Tender",
            "submissionTerms": [
                {
                    "allowPreferentialBidder": "No",
                    "allowMultiCurrencyFee": "No",
                    "allowMultiCurrencyBQQ": "No",
                    "bidValidityPeriod": [
                        {
                            "durationInDays": 180
                        }
                    ]
                }
            ],
            "procuringEntity": [
                {
                    "name": "The Director of Education, BTC, Kokrajhar",
                    "id": "thedirectorofeducationbtckokrajhar"
                }
            ],
            "items": [
                {
                    "id": "01",
                    "classification": [
                        {
                            "description": "Civil Works"
                        }
                    ],
                    "additionalClassifications": [
                        {
                            "description": "Work Item Details > Subcategory"
                        }
                    ],
                    "deliveryAddresses": [
                        {
                            "postalCode": "783390.0",
                            "streetAddress": "Chirang"
                        }
                    ]
                }
            ],
            "value": [
                {
                    "amount": 5370000.0,
                    "currency": "INR"
                }
            ],
            "procurementMethod": "Open Tender",
            "mainProcurementCategory": "Works",
            "tenderPeriod": [
                {
                    "startDate": "2023-10-11 16:00",
                    "endDate": "2023-01-12 14:00",
                    "durationInDays": 20
                }
            ],
            "enquiryPeriod": [
                {
                    "startDate": "2023-10-11 16:00",
                    "endDate": "2023-01-12 12:00",
                    "durationInDays": 20
                }
            ],
            "contractPeriod": [
                {
                    "durationInDays": 730
                }
            ],
            "communication": [
                {
                    "id": 1,
                    "documentAvailabilityPeriod": [
                        {
                            "startDate": "2023-10-11 16:00",
                            "endDate": "2023-01-12 14:00"
                        }
                    ]
                }
            ],
            "bidOpening": [
                {
                    "date": "2023-01-12 15:00",
                    "address": [
                        {
                            "streetAddress": "O/o the Director of Education, BTC, Kokrajhar"
                        }
                    ]
                }
            ],
            "participationFees": [
                {
                    "id": "01",
                    "value": [
                        {
                            "amount": 1200.0,
                            "currency": "INR"
                        }
                    ],
                    "description": "Nil"
                }
            ],
            "numberOfTenderers": 5,
            "milestones": [
                {
                    "id": "1",
                    "title": "Published Date",
                    "type": "Pre-procurement milestones",
                    "dueDate": "2023-10-11 16:00"
                },
                {
                    "id": "2",
                    "title": "Document Download / Sale Start Date",
                    "type": "Pre-procurement milestones",
                    "dueDate": "2023-10-11 16:00"
                },
                {
                    "id": "3",
                    "title": "Clarification Start Date",
                    "type": "Pre-procurement milestones",
                    "dueDate": "2023-10-11 16:00"
                },
                {
                    "id": "4",
                    "title": "Bid Submission Start Date",
                    "type": "Pre-procurement milestones",
                    "dueDate": "2023-10-11 16:00"
                },
                {
                    "id": "5",
                    "title": "Bid Opening Date",
                    "type": "Pre-procurement milestones",
                    "dueDate": "2023-01-12 15:00"
                },
                {
                    "id": "6",
                    "title": "Document Download / Sale End Date",
                    "type": "Pre-procurement milestones",
                    "dueDate": "2023-01-12 14:00"
                },
                {
                    "id": "7",
                    "title": "Clarification End Date",
                    "type": "Pre-procurement milestones",
                    "dueDate": "2023-01-12 12:00"
                },
                {
                    "id": "8",
                    "title": "Bid Submission End Date",
                    "type": "Pre-procurement milestones",
                    "dueDate": "2023-01-12 14:00"
                },
                {
                    "id": "9",
                    "title": "Financial Bid Opening Date",
                    "type": "Pre-procurement milestones",
                    "dueDate": "2024-22-08 16:00"
                }
            ],
            "fiscalYear": "2023-2024"
        }
    ],
    "bids": [
        {
            "id": 1,
            "details": [
                {
                    "id": "213793.0",
                    "date": "2023-01-12 13:47",
                    "status": "Rejected-AOC",
                    "tenderers": [
                        {
                            "id": "lipikabrahma",
                            "name": "LIPIKA BRAHMA"
                        }
                    ]
                },
                {
                    "id": "213742.0",
                    "date": "2023-01-12 01:06",
                    "status": "Accepted-AOC",
                    "tenderers": [
                        {
                            "id": "binitabasumatary",
                            "name": "BINITA BASUMATARY"
                        }
                    ]
                }
            ]
        }
    ],
    "statistics": [
        {
            "id": "1",
            "value": 5308500.0,
            "currency": "INR",
            "measure": "contractValue"
        }
    ],
    "awards": [
        {
            "id": 1,
            "description": "AOC",
            "value": [
                {
                    "amount": 5308500.0,
                    "currency": "INR"
                }
            ],
            "suppliers": [
                {
                    "id": "binitabasumatary",
                    "name": "BINITA BASUMATARY"
                }
            ],
            "contractPeriod": [
                {
                    "startDate": "2024-11-09",
                    "durationInDays": 365
                }
            ]
        },
        {
            "id": 2,
            "value": [
                {
                    "amount": "5308500",
                    "currency": "INR"
                }
            ]
        }
    ]
}