{
    "ocid": "ocds-f5kvwu-2023_BoTC_34129_1",
    "id": "1",
    "date": "2024-11-27",
    "tag": [
        "tender"
    ],
    "initiationType": "tender",
    "parties": [
        {
            "id": "bodolandterritorialcouncil",
            "name": "Bodoland Territorial Council",
            "roles": [
                "buyer"
            ]
        },
        {
            "id": "manphoexports",
            "name": "Manpho Exports",
            "roles": [
                "tenderer"
            ]
        },
        {
            "id": "mshimrajenterprise",
            "name": "M/S HIMRAJ ENTERPRISE",
            "roles": [
                "tenderer"
            ]
        },
        {
            "id": "oxfordinternational",
            "name": "OXFORD INTERNATIONAL",
            "roles": [
                "tenderer"
            ]
        },
        {
            "id": "srijatishray",
            "name": "Sri Jatish Ray",
            "roles": [
                "tenderer",
                "supplier"
            ]
        },
        {
            "id": "jointdirectorcumchdfisherydeptt",
            "name": "Joint-Director cum CHD, Fishery Deptt",
            "address": [
                {
                    "streetAddress": "O/o Joint-Director cum CHD, Fishery Deptt, BTC, Kokrajhar"
                }
            ],
            "roles": [
                "procuringEntity"
            ]
        }
    ],
    "buyer": [
        {
            "name": "Bodoland Territorial Council",
            "id": "bodolandterritorialcouncil"
        }
    ],
    "tender": [
        {
            "id": "2023_BoTC_34129_1",
            "identifiers": [
                {
                    "id": "JDF/BTC/008/2023-24/343-A",
                    "scheme": "external"
                }
            ],
            "title": "Supply of Bicycle with Ice Box",
            "description": "Supply of Bicycle with Ice Box for Gents and Ladies",
            "datePublished": "2023-22-11 15:00",
            "contractType": "Tender",
            "submissionTerms": [
                {
                    "allowPreferentialBidder": "No",
                    "allowMultiCurrencyFee": "No",
                    "allowMultiCurrencyBQQ": "No",
                    "bidValidityPeriod": [
                        {
                            "durationInDays": 180
                        }
                    ]
                }
            ],
            "procuringEntity": [
                {
                    "name": "Joint-Director cum CHD, Fishery Deptt",
                    "id": "jointdirectorcumchdfisherydeptt"
                }
            ],
            "items": [
                {
                    "id": "01",
                    "classification": [
                        {
                            "description": "Supply of Materials"
                        }
                    ],
                    "additionalClassifications": [
                        {
                            "description": "Work Item Details > Subcategory"
                        }
                    ],
                    "deliveryAddresses": [
                        {
                            "postalCode": "783370.0",
                            "streetAddress": "BTR"
                        }
                    ]
                }
            ],
            "value": [
                {
                    "amount": 10000000.0,
                    "currency": "INR"
                }
            ],
            "procurementMethod": "Open Tender",
            "mainProcurementCategory": "Supply",
            "tenderPeriod": [
                {
                    "startDate": "2023-22-11 15:00",
                    "endDate": "2023-09-12 15:00",
                    "durationInDays": 17
                }
            ],
            "contractPeriod": [
                {
                    "durationInDays": 30
                }
            ],
            "communication": [
                {
                    "id": 1,
                    "documentAvailabilityPeriod": [
                        {
                            "startDate": "2023-22-11 15:00",
                            "endDate": "2023-09-12 15:00"
                        }
                    ]
                }
            ],
            "bidOpening": [
                {
                    "date": "2023-11-12 10:00",
                    "address": [
                        {
                            "streetAddress": "O/o Joint-Director cum CHD, Fishery Deptt"
                        }
                    ]
                }
            ],
            "participationFees": [
                {
                    "id": "01",
                    "value": [
                        {
                            "amount": 2500.0,
                            "currency": "INR"
                        }
                    ],
                    "description": "Nil"
                }
            ],
            "numberOfTenderers": 5,
            "milestones": [
                {
                    "id": "1",
                    "title": "Published Date",
                    "type": "Pre-procurement milestones",
                    "dueDate": "2023-22-11 15:00"
                },
                {
                    "id": "2",
                    "title": "Document Download / Sale Start Date",
                    "type": "Pre-procurement milestones",
                    "dueDate": "2023-22-11 15:00"
                },
                {
                    "id": "3",
                    "title": "Bid Submission Start Date",
                    "type": "Pre-procurement milestones",
                    "dueDate": "2023-25-11 16:00"
                },
                {
                    "id": "4",
                    "title": "Bid Opening Date",
                    "type": "Pre-procurement milestones",
                    "dueDate": "2023-11-12 10:00"
                },
                {
                    "id": "5",
                    "title": "Document Download / Sale End Date",
                    "type": "Pre-procurement milestones",
                    "dueDate": "2023-09-12 15:00"
                },
                {
                    "id": "6",
                    "title": "Bid Submission End Date",
                    "type": "Pre-procurement milestones",
                    "dueDate": "2023-09-12 15:00"
                },
                {
                    "id": "7",
                    "title": "Financial Bid Opening Date",
                    "type": "Pre-procurement milestones",
                    "dueDate": "2023-20-12 16:00"
                }
            ],
            "fiscalYear": "2023-2024"
        }
    ],
    "bids": [
        {
            "id": 1,
            "details": [
                {
                    "id": "214246.0",
                    "date": "2023-09-12 13:02",
                    "status": "Rejected-Technical",
                    "tenderers": [
                        {
                            "id": "manphoexports",
                            "name": "Manpho Exports"
                        }
                    ]
                },
                {
                    "id": "214600.0",
                    "date": "2023-09-12 12:44",
                    "status": "Rejected-Finance",
                    "tenderers": [
                        {
                            "id": "mshimrajenterprise",
                            "name": "M/S HIMRAJ ENTERPRISE"
                        }
                    ]
                },
                {
                    "id": "214608.0",
                    "date": "2023-09-12 14:14",
                    "status": "Rejected-Technical",
                    "tenderers": [
                        {
                            "id": "oxfordinternational",
                            "name": "OXFORD INTERNATIONAL"
                        }
                    ]
                },
                {
                    "id": "214598.0",
                    "date": "2023-09-12 12:55",
                    "status": "Accepted-AOC",
                    "tenderers": [
                        {
                            "id": "srijatishray",
                            "name": "Sri Jatish Ray"
                        }
                    ]
                }
            ]
        }
    ],
    "statistics": [
        {
            "id": "1",
            "value": 9995286.0,
            "currency": "INR",
            "measure": "contractValue"
        }
    ],
    "awards": [
        {
            "id": 1,
            "description": "Accepted Approved by BTC Authority",
            "value": [
                {
                    "amount": 9995286.0,
                    "currency": "INR"
                }
            ],
            "suppliers": [
                {
                    "id": "srijatishray",
                    "name": "Sri Jatish Ray"
                }
            ],
            "contractPeriod": [
                {
                    "startDate": "2024-21-01",
                    "durationInDays": 30
                }
            ]
        },
        {
            "id": 2,
            "value": [
                {
                    "amount": "9995286",
                    "currency": "INR"
                }
            ]
        }
    ]
}