{
    "ocid": "ocds-f5kvwu-2023_APHC_32288_1",
    "id": "1",
    "date": "2024-11-27",
    "tag": [
        "tender"
    ],
    "initiationType": "tender",
    "parties": [
        {
            "id": "assampolicehousingcorporationltd",
            "name": "Assam Police Housing Corporation Ltd",
            "roles": [
                "buyer"
            ]
        },
        {
            "id": "hightechecogreencontractorsllp",
            "name": "HIGH-TECH ECOGREEN CONTRACTORS LLP",
            "roles": [
                "tenderer"
            ]
        },
        {
            "id": "msmechfabengineeringindustriespvtltd",
            "name": "M/s Mechfab Engineering Industries Pvt.Ltd",
            "roles": [
                "tenderer"
            ]
        },
        {
            "id": "nipulkalita",
            "name": "Nipul Kalita",
            "roles": [
                "tenderer"
            ]
        },
        {
            "id": "srishtiassociatesindia",
            "name": "SRISHTI ASSOCIATES INDIA",
            "roles": [
                "tenderer",
                "supplier"
            ]
        },
        {
            "id": "chiefengineer",
            "name": "Chief Engineer",
            "address": [
                {
                    "streetAddress": "Assam Police Housing Corporation Ltd Rehabari Guwahati 8"
                }
            ],
            "roles": [
                "procuringEntity"
            ]
        }
    ],
    "buyer": [
        {
            "name": "Assam Police Housing Corporation Ltd",
            "id": "assampolicehousingcorporationltd"
        }
    ],
    "tender": [
        {
            "id": "2023_APHC_32288_1",
            "identifiers": [
                {
                    "id": "APHC/CS/19/2023-24_NalbariSA",
                    "scheme": "external"
                }
            ],
            "title": "Construction of RCC S 4 L/S qtr 16 unit/bldg - Civil, Sanitary and water supply, Site development etc at Nalbari PS. under the scheme for Special Assistance to the States for Capital Investment 23 - 24 on EPC Mode.",
            "description": "Construction of RCC S 4 L/S qtr 16 unit/bldg - Civil, Sanitary and water supply, Site development etc at Nalbari PS. under the scheme for Special Assistance to the States for Capital Investment 23 - 24 on EPC Mode.",
            "datePublished": "2023-30-08 14:00",
            "contractType": "Tender",
            "submissionTerms": [
                {
                    "allowPreferentialBidder": "No",
                    "allowMultiCurrencyFee": "No",
                    "allowMultiCurrencyBQQ": "No",
                    "bidValidityPeriod": [
                        {
                            "durationInDays": 180
                        }
                    ]
                }
            ],
            "procuringEntity": [
                {
                    "name": "Chief Engineer",
                    "id": "chiefengineer"
                }
            ],
            "items": [
                {
                    "id": "01",
                    "classification": [
                        {
                            "description": "Civil Works - Building"
                        }
                    ],
                    "additionalClassifications": [
                        {
                            "description": "Work Item Details > Subcategory"
                        }
                    ],
                    "deliveryAddresses": [
                        {
                            "postalCode": "781335.0",
                            "streetAddress": "Nalbari P.S in Nalbari Dist."
                        }
                    ]
                }
            ],
            "value": [
                {
                    "amount": 70202550.0,
                    "currency": "INR"
                }
            ],
            "procurementMethod": "Open Tender",
            "mainProcurementCategory": "Item Rate",
            "tenderPeriod": [
                {
                    "startDate": "2023-30-08 14:00",
                    "endDate": "2023-09-10 14:00",
                    "durationInDays": 40
                }
            ],
            "contractPeriod": [
                {
                    "durationInDays": 540
                }
            ],
            "communication": [
                {
                    "id": 1,
                    "documentAvailabilityPeriod": [
                        {
                            "startDate": "2023-30-08 14:00",
                            "endDate": "2023-09-10 14:00"
                        }
                    ]
                }
            ],
            "bidOpening": [
                {
                    "date": "2023-10-10 12:30",
                    "address": [
                        {
                            "streetAddress": "Assam Police Housing Corporation Ltd."
                        }
                    ]
                }
            ],
            "participationFees": [
                {
                    "id": "01",
                    "value": [
                        {
                            "amount": 14041.0,
                            "currency": "INR"
                        }
                    ],
                    "description": "Nil"
                }
            ],
            "numberOfTenderers": 9,
            "milestones": [
                {
                    "id": "1",
                    "title": "Published Date",
                    "type": "Pre-procurement milestones",
                    "dueDate": "2023-30-08 14:00"
                },
                {
                    "id": "2",
                    "title": "Document Download / Sale Start Date",
                    "type": "Pre-procurement milestones",
                    "dueDate": "2023-30-08 14:00"
                },
                {
                    "id": "3",
                    "title": "Bid Submission Start Date",
                    "type": "Pre-procurement milestones",
                    "dueDate": "2023-30-08 14:00"
                },
                {
                    "id": "4",
                    "title": "Bid Opening Date",
                    "type": "Pre-procurement milestones",
                    "dueDate": "2023-10-10 12:30"
                },
                {
                    "id": "5",
                    "title": "Document Download / Sale End Date",
                    "type": "Pre-procurement milestones",
                    "dueDate": "2023-09-10 14:00"
                },
                {
                    "id": "6",
                    "title": "Bid Submission End Date",
                    "type": "Pre-procurement milestones",
                    "dueDate": "2023-09-10 14:00"
                },
                {
                    "id": "7",
                    "title": "Financial Bid Opening Date",
                    "type": "Pre-procurement milestones",
                    "dueDate": "2023-11-12 11:30"
                }
            ],
            "fiscalYear": "2023-2024"
        }
    ],
    "bids": [
        {
            "id": 1,
            "details": [
                {
                    "id": "203197.0",
                    "date": "2023-09-10 13:54",
                    "status": "Rejected-Technical",
                    "tenderers": [
                        {
                            "id": "hightechecogreencontractorsllp",
                            "name": "HIGH-TECH ECOGREEN CONTRACTORS LLP"
                        }
                    ]
                },
                {
                    "id": "203153.0",
                    "date": "2023-09-10 11:14",
                    "status": "Rejected-AOC",
                    "tenderers": [
                        {
                            "id": "msmechfabengineeringindustriespvtltd",
                            "name": "M/s Mechfab Engineering Industries Pvt.Ltd"
                        }
                    ]
                },
                {
                    "id": "202650.0",
                    "date": "2023-09-10 13:19",
                    "status": "Rejected-Technical",
                    "tenderers": [
                        {
                            "id": "nipulkalita",
                            "name": "Nipul Kalita"
                        }
                    ]
                },
                {
                    "id": "203088.0",
                    "date": "2023-09-10 11:04",
                    "status": "Accepted-AOC",
                    "tenderers": [
                        {
                            "id": "srishtiassociatesindia",
                            "name": "SRISHTI ASSOCIATES INDIA"
                        }
                    ]
                }
            ]
        }
    ],
    "statistics": [
        {
            "id": "1",
            "value": 69111111.0,
            "currency": "INR",
            "measure": "contractValue"
        }
    ],
    "awards": [
        {
            "id": 1,
            "description": "Formal Work Order",
            "value": [
                {
                    "amount": 69111111.0,
                    "currency": "INR"
                }
            ],
            "suppliers": [
                {
                    "id": "srishtiassociatesindia",
                    "name": "SRISHTI ASSOCIATES INDIA"
                }
            ],
            "contractPeriod": [
                {
                    "startDate": "2024-07-02",
                    "durationInDays": 540
                }
            ]
        },
        {
            "id": 2,
            "value": [
                {
                    "amount": "69111111",
                    "currency": "INR"
                }
            ]
        }
    ]
}