{
    "ocid": "ocds-f5kvwu-2023_AP_32014_1",
    "id": "1",
    "date": "2024-11-27",
    "tag": [
        "tender"
    ],
    "initiationType": "tender",
    "parties": [
        {
            "id": "assampolice",
            "name": "Assam Police",
            "roles": [
                "buyer"
            ]
        },
        {
            "id": "bharijfabricators",
            "name": "BHARIJ FABRICATORS",
            "roles": [
                "tenderer",
                "supplier"
            ]
        },
        {
            "id": "jeetjeetglassandchemicalspvtltd",
            "name": "Jeet & Jeet Glass and Chemicals Pvt Ltd",
            "roles": [
                "tenderer"
            ]
        },
        {
            "id": "inspectorgeneralofpolice",
            "name": "Inspector General of Police",
            "address": [
                {
                    "streetAddress": "Special Branch Headquarters, Assam, Kahilipara, Guwahati-781019"
                }
            ],
            "roles": [
                "procuringEntity"
            ]
        }
    ],
    "buyer": [
        {
            "name": "Assam Police",
            "id": "assampolice"
        }
    ],
    "tender": [
        {
            "id": "2023_AP_32014_1",
            "identifiers": [
                {
                    "id": "SB(R)MT/ 222/ e-Tender/Armoring/2023/439",
                    "scheme": "external"
                }
            ],
            "title": "PROCUREMENT OF Armouring/ Fabrication (NIJ Level III) of 8 Nos. of Toyota Fortuner vehicles to be used for VIP/VVIP security.",
            "description": "PROCUREMENT OF Armouring/ Fabrication (NIJ Level III) of 8 Nos. of Toyota Fortuner vehicles to be used for VIP/VVIP security.",
            "datePublished": "2023-09-08 17:00",
            "contractType": "Tender",
            "submissionTerms": [
                {
                    "allowPreferentialBidder": "No",
                    "allowMultiCurrencyFee": "No",
                    "allowMultiCurrencyBQQ": "No",
                    "bidValidityPeriod": [
                        {
                            "durationInDays": 180
                        }
                    ]
                }
            ],
            "procuringEntity": [
                {
                    "name": "Inspector General of Police",
                    "id": "inspectorgeneralofpolice"
                }
            ],
            "items": [
                {
                    "id": "01",
                    "classification": [
                        {
                            "description": "Metal Fabrication"
                        }
                    ],
                    "additionalClassifications": [
                        {
                            "description": "Work Item Details > Subcategory"
                        }
                    ],
                    "deliveryAddresses": [
                        {
                            "postalCode": "781019.0",
                            "streetAddress": "Guwahati"
                        }
                    ]
                }
            ],
            "procurementMethod": "Open Tender",
            "mainProcurementCategory": "Item Rate",
            "tenderPeriod": [
                {
                    "startDate": "2023-09-08 17:00",
                    "endDate": "2023-30-08 18:30",
                    "durationInDays": 21
                }
            ],
            "contractPeriod": [
                {
                    "durationInDays": 90
                }
            ],
            "communication": [
                {
                    "id": 1,
                    "documentAvailabilityPeriod": [
                        {
                            "startDate": "2023-10-08 09:00",
                            "endDate": "2023-30-08 18:30"
                        }
                    ]
                }
            ],
            "bidOpening": [
                {
                    "date": "2023-31-08 11:00",
                    "address": [
                        {
                            "streetAddress": "Special Branch Headquarters,Ghy"
                        }
                    ]
                }
            ],
            "participationFees": [
                {
                    "id": "01",
                    "value": [
                        {
                            "amount": 7000.0,
                            "currency": "INR"
                        }
                    ],
                    "description": "Nil"
                }
            ],
            "numberOfTenderers": 5,
            "milestones": [
                {
                    "id": "1",
                    "title": "Published Date",
                    "type": "Pre-procurement milestones",
                    "dueDate": "2023-09-08 17:00"
                },
                {
                    "id": "2",
                    "title": "Document Download / Sale Start Date",
                    "type": "Pre-procurement milestones",
                    "dueDate": "2023-10-08 09:00"
                },
                {
                    "id": "3",
                    "title": "Bid Submission Start Date",
                    "type": "Pre-procurement milestones",
                    "dueDate": "2023-14-08 15:00"
                },
                {
                    "id": "4",
                    "title": "Bid Opening Date",
                    "type": "Pre-procurement milestones",
                    "dueDate": "2023-31-08 11:00"
                },
                {
                    "id": "5",
                    "title": "Document Download / Sale End Date",
                    "type": "Pre-procurement milestones",
                    "dueDate": "2023-30-08 18:30"
                },
                {
                    "id": "6",
                    "title": "Bid Submission End Date",
                    "type": "Pre-procurement milestones",
                    "dueDate": "2023-30-08 18:30"
                },
                {
                    "id": "7",
                    "title": "Financial Bid Opening Date",
                    "type": "Pre-procurement milestones",
                    "dueDate": "2023-08-09 15:00"
                }
            ],
            "fiscalYear": "2023-2024"
        }
    ],
    "bids": [
        {
            "id": 1,
            "details": [
                {
                    "id": "196637.0",
                    "date": "2023-28-08 18:54",
                    "status": "Rejected-Technical",
                    "tenderers": [
                        {
                            "id": "jeetjeetglassandchemicalspvtltd",
                            "name": "Jeet & Jeet Glass and Chemicals Pvt Ltd"
                        }
                    ]
                },
                {
                    "id": "195202.0",
                    "date": "2023-28-08 11:01",
                    "status": "Accepted-AOC",
                    "tenderers": [
                        {
                            "id": "bharijfabricators",
                            "name": "BHARIJ FABRICATORS"
                        }
                    ]
                }
            ]
        }
    ],
    "statistics": [
        {
            "id": "1",
            "value": 34078400.0,
            "currency": "INR",
            "measure": "contractValue"
        }
    ],
    "awards": [
        {
            "id": 1,
            "value": [
                {
                    "amount": 34078400.0,
                    "currency": "INR"
                }
            ],
            "suppliers": [
                {
                    "id": "bharijfabricators",
                    "name": "BHARIJ FABRICATORS"
                }
            ],
            "contractPeriod": [
                {
                    "startDate": "2024-19-01",
                    "durationInDays": 90
                }
            ]
        },
        {
            "id": 2,
            "value": [
                {
                    "amount": "34078400",
                    "currency": "INR"
                }
            ]
        }
    ]
}