{
    "ocid": "ocds-f5kvwu-2023_BTC_33726_1",
    "id": "1",
    "date": "2024-11-27",
    "tag": [
        "tender"
    ],
    "initiationType": "tender",
    "parties": [
        {
            "id": "bodolandterritorialcouncilpwd",
            "name": "Bodoland Territorial Council-PWD",
            "roles": [
                "buyer"
            ]
        },
        {
            "id": "achintanarzary",
            "name": "ACHINTA NARZARY",
            "roles": [
                "tenderer"
            ]
        },
        {
            "id": "detshranggoyary",
            "name": "Detshrang Goyary",
            "roles": [
                "tenderer"
            ]
        },
        {
            "id": "dhananjaybasumatary",
            "name": "DHANANJAY BASUMATARY",
            "roles": [
                "tenderer"
            ]
        },
        {
            "id": "didwmboro",
            "name": "DIDWM BORO",
            "roles": [
                "tenderer"
            ]
        },
        {
            "id": "digantaboro",
            "name": "DIGANTA BORO",
            "roles": [
                "tenderer"
            ]
        },
        {
            "id": "mdgafur",
            "name": "Md Gafur",
            "roles": [
                "tenderer"
            ]
        },
        {
            "id": "msjjassociates",
            "name": "MS JJ Associates",
            "roles": [
                "tenderer",
                "supplier"
            ]
        },
        {
            "id": "ranjanbasumatary",
            "name": "ranjanbasumatary",
            "roles": [
                "tenderer"
            ]
        },
        {
            "id": "theaddlchiefengineercumdirectorpwd",
            "name": "The Addl. Chief Engineer cum Director, PWD,",
            "address": [
                {
                    "streetAddress": "O/oThe Addl. Chief Engineer cum Director, PWD,"
                }
            ],
            "roles": [
                "procuringEntity"
            ]
        }
    ],
    "buyer": [
        {
            "name": "Bodoland Territorial Council-PWD",
            "id": "bodolandterritorialcouncilpwd"
        }
    ],
    "tender": [
        {
            "id": "2023_BTC_33726_1",
            "identifiers": [
                {
                    "id": "ACE-150/PWD/NIT/Goodwill/23-24",
                    "scheme": "external"
                }
            ],
            "title": "Construction of road from Kalpani Bazar to Salam Chowk Raghobil via Paka Masjid with 2 nos box type culvert approximately 3.5 Km under Chunbari VCDC, Salbari, Baksa under CMs Goodwill Mission Project for the year 2023-24. TN_26_63",
            "description": "Construction of road from Kalpani Bazar to Salam Chowk Raghobil via Paka Masjid with 2 nos box type culvert approximately 3.5 Km under Chunbari VCDC, Salbari, Baksa under CMs Goodwill Mission Project for the year 2023-24. TN_26_63",
            "datePublished": "2023-09-11 10:00",
            "contractType": "Tender",
            "submissionTerms": [
                {
                    "allowPreferentialBidder": "No",
                    "allowMultiCurrencyFee": "No",
                    "allowMultiCurrencyBQQ": "No",
                    "bidValidityPeriod": [
                        {
                            "durationInDays": 180
                        }
                    ]
                }
            ],
            "procuringEntity": [
                {
                    "name": "The Addl. Chief Engineer cum Director, PWD,",
                    "id": "theaddlchiefengineercumdirectorpwd"
                }
            ],
            "items": [
                {
                    "id": "01",
                    "classification": [
                        {
                            "description": "Civil Works \u2013 Roads"
                        }
                    ],
                    "additionalClassifications": [
                        {
                            "description": "Work Item Details > Subcategory"
                        }
                    ],
                    "deliveryAddresses": [
                        {
                            "postalCode": "781327.0",
                            "streetAddress": "Baksa"
                        }
                    ]
                }
            ],
            "value": [
                {
                    "amount": 26638633.0,
                    "currency": "INR"
                }
            ],
            "procurementMethod": "Open Tender",
            "mainProcurementCategory": "Works",
            "tenderPeriod": [
                {
                    "startDate": "2023-09-11 10:00",
                    "endDate": "2023-01-12 13:30",
                    "durationInDays": 22
                }
            ],
            "enquiryPeriod": [
                {
                    "startDate": "2023-09-11 10:00",
                    "endDate": "2023-30-11 12:00",
                    "durationInDays": 21
                }
            ],
            "contractPeriod": [
                {
                    "durationInDays": 365
                }
            ],
            "communication": [
                {
                    "id": 1,
                    "documentAvailabilityPeriod": [
                        {
                            "startDate": "2023-09-11 10:00",
                            "endDate": "2023-01-12 13:30"
                        }
                    ]
                }
            ],
            "bidOpening": [
                {
                    "date": "2023-01-12 14:00",
                    "address": [
                        {
                            "streetAddress": "O/oThe Addl. Chief Engineer cum Director, PWD,"
                        }
                    ]
                }
            ],
            "participationFees": [
                {
                    "id": "01",
                    "value": [
                        {
                            "amount": 5400.0,
                            "currency": "INR"
                        }
                    ],
                    "description": "Nil"
                }
            ],
            "numberOfTenderers": 9,
            "milestones": [
                {
                    "id": "1",
                    "title": "Published Date",
                    "type": "Pre-procurement milestones",
                    "dueDate": "2023-09-11 10:00"
                },
                {
                    "id": "2",
                    "title": "Document Download / Sale Start Date",
                    "type": "Pre-procurement milestones",
                    "dueDate": "2023-09-11 10:00"
                },
                {
                    "id": "3",
                    "title": "Clarification Start Date",
                    "type": "Pre-procurement milestones",
                    "dueDate": "2023-09-11 10:00"
                },
                {
                    "id": "4",
                    "title": "Bid Submission Start Date",
                    "type": "Pre-procurement milestones",
                    "dueDate": "2023-09-11 10:00"
                },
                {
                    "id": "5",
                    "title": "Bid Opening Date",
                    "type": "Pre-procurement milestones",
                    "dueDate": "2023-01-12 14:00"
                },
                {
                    "id": "6",
                    "title": "Document Download / Sale End Date",
                    "type": "Pre-procurement milestones",
                    "dueDate": "2023-01-12 13:30"
                },
                {
                    "id": "7",
                    "title": "Clarification End Date",
                    "type": "Pre-procurement milestones",
                    "dueDate": "2023-30-11 12:00"
                },
                {
                    "id": "8",
                    "title": "Bid Submission End Date",
                    "type": "Pre-procurement milestones",
                    "dueDate": "2023-01-12 13:30"
                },
                {
                    "id": "9",
                    "title": "Financial Bid Opening Date",
                    "type": "Pre-procurement milestones",
                    "dueDate": "2024-02-01 17:20"
                }
            ],
            "fiscalYear": "2023-2024"
        }
    ],
    "bids": [
        {
            "id": 1,
            "details": [
                {
                    "id": "212500.0",
                    "date": "2023-27-11 19:29",
                    "status": "Rejected-AOC",
                    "tenderers": [
                        {
                            "id": "achintanarzary",
                            "name": "ACHINTA NARZARY"
                        }
                    ]
                },
                {
                    "id": "212815.0",
                    "date": "2023-01-12 02:16",
                    "status": "Rejected-AOC",
                    "tenderers": [
                        {
                            "id": "detshranggoyary",
                            "name": "Detshrang Goyary"
                        }
                    ]
                },
                {
                    "id": "211177.0",
                    "date": "2023-20-11 22:32",
                    "status": "Rejected-AOC",
                    "tenderers": [
                        {
                            "id": "dhananjaybasumatary",
                            "name": "DHANANJAY BASUMATARY"
                        }
                    ]
                },
                {
                    "id": "212092.0",
                    "date": "2023-01-12 02:36",
                    "status": "Rejected-AOC",
                    "tenderers": [
                        {
                            "id": "didwmboro",
                            "name": "DIDWM BORO"
                        }
                    ]
                },
                {
                    "id": "213715.0",
                    "date": "2023-01-12 02:43",
                    "status": "Rejected-Technical",
                    "tenderers": [
                        {
                            "id": "digantaboro",
                            "name": "DIGANTA BORO"
                        }
                    ]
                },
                {
                    "id": "211162.0",
                    "date": "2023-20-11 22:39",
                    "status": "Rejected-AOC",
                    "tenderers": [
                        {
                            "id": "mdgafur",
                            "name": "Md Gafur"
                        }
                    ]
                },
                {
                    "id": "211886.0",
                    "date": "2023-28-11 17:13",
                    "status": "Rejected-AOC",
                    "tenderers": [
                        {
                            "id": "ranjanbasumatary",
                            "name": "ranjanbasumatary"
                        }
                    ]
                },
                {
                    "id": "212493.0",
                    "date": "2023-01-12 12:46",
                    "status": "Accepted-AOC",
                    "tenderers": [
                        {
                            "id": "msjjassociates",
                            "name": "MS JJ Associates"
                        }
                    ]
                }
            ]
        }
    ],
    "statistics": [
        {
            "id": "1",
            "value": 23974769.7,
            "currency": "INR",
            "measure": "contractValue"
        }
    ],
    "awards": [
        {
            "id": 1,
            "description": "Work Order",
            "value": [
                {
                    "amount": 23974769.7,
                    "currency": "INR"
                }
            ],
            "suppliers": [
                {
                    "id": "msjjassociates",
                    "name": "MS JJ Associates"
                }
            ],
            "contractPeriod": [
                {
                    "startDate": "2024-10-06",
                    "durationInDays": 365
                }
            ]
        },
        {
            "id": 2,
            "value": [
                {
                    "amount": "239747697",
                    "currency": "INR"
                }
            ]
        }
    ]
}