{
    "ocid": "ocds-f5kvwu-2023_BoTC_34363_1",
    "id": "1",
    "date": "2024-11-27",
    "tag": [
        "tender"
    ],
    "initiationType": "tender",
    "parties": [
        {
            "id": "bodolandterritorialcouncil",
            "name": "Bodoland Territorial Council",
            "roles": [
                "buyer"
            ]
        },
        {
            "id": "bidinthabasumatary",
            "name": "BIDINTHA BASUMATARY",
            "roles": [
                "tenderer",
                "supplier"
            ]
        },
        {
            "id": "hirambanarzary",
            "name": "Hiramba Narzary",
            "roles": [
                "tenderer"
            ]
        },
        {
            "id": "msmushaharyenterprise",
            "name": "M/S Mushahary Enterprise",
            "roles": [
                "tenderer"
            ]
        },
        {
            "id": "directorpnrdbtckokrajhar",
            "name": "Director PNRD BTC Kokrajhar",
            "address": [
                {
                    "streetAddress": "Director PNRD BTC Kokrajhar"
                }
            ],
            "roles": [
                "procuringEntity"
            ]
        }
    ],
    "buyer": [
        {
            "name": "Bodoland Territorial Council",
            "id": "bodolandterritorialcouncil"
        }
    ],
    "tender": [
        {
            "id": "2023_BoTC_34363_1",
            "identifiers": [
                {
                    "id": "DPRD/BTC/SOPD/Koj-103/23-24/52",
                    "scheme": "external"
                }
            ],
            "title": "Agri Pro 3 HP 4 in 1 Combined Rice Mill with Motor APCRM6N9FC PROMAX to the different Self Help Groups under BTC area under BTC area under SOPD 2023-24.",
            "description": "DPRD/BTC/(SOPD)/Koj-103/2023-24/52",
            "datePublished": "2023-04-12 10:30",
            "contractType": "Tender",
            "submissionTerms": [
                {
                    "allowPreferentialBidder": "No",
                    "allowMultiCurrencyFee": "No",
                    "allowMultiCurrencyBQQ": "No",
                    "bidValidityPeriod": [
                        {
                            "durationInDays": 180
                        }
                    ]
                }
            ],
            "procuringEntity": [
                {
                    "name": "Director PNRD BTC Kokrajhar",
                    "id": "directorpnrdbtckokrajhar"
                }
            ],
            "items": [
                {
                    "id": "01",
                    "classification": [
                        {
                            "description": "Machineries"
                        }
                    ],
                    "additionalClassifications": [
                        {
                            "description": "Work Item Details > Subcategory"
                        }
                    ],
                    "deliveryAddresses": [
                        {
                            "postalCode": "783370.0",
                            "streetAddress": "Kokrajhar, Chirang, Udalguri, Baksa"
                        }
                    ]
                }
            ],
            "value": [
                {
                    "amount": 39963000.0,
                    "currency": "INR"
                }
            ],
            "procurementMethod": "Open Tender",
            "mainProcurementCategory": "Item Rate",
            "tenderPeriod": [
                {
                    "startDate": "2023-04-12 10:30",
                    "endDate": "2023-26-12 14:30",
                    "durationInDays": 22
                }
            ],
            "enquiryPeriod": [
                {
                    "startDate": "2023-04-12 10:30",
                    "endDate": "2023-26-12 14:00",
                    "durationInDays": 22
                }
            ],
            "contractPeriod": [
                {
                    "durationInDays": 90
                }
            ],
            "communication": [
                {
                    "id": 1,
                    "documentAvailabilityPeriod": [
                        {
                            "startDate": "2023-04-12 10:30",
                            "endDate": "2023-26-12 14:30"
                        }
                    ]
                }
            ],
            "bidOpening": [
                {
                    "date": "2023-26-12 15:00",
                    "address": [
                        {
                            "streetAddress": "Director PNRD BTC Kokrajhar"
                        }
                    ]
                }
            ],
            "participationFees": [
                {
                    "id": "01",
                    "value": [
                        {
                            "amount": 7800.0,
                            "currency": "INR"
                        }
                    ],
                    "description": "Nil"
                }
            ],
            "numberOfTenderers": 5,
            "milestones": [
                {
                    "id": "1",
                    "title": "Published Date",
                    "type": "Pre-procurement milestones",
                    "dueDate": "2023-04-12 10:30"
                },
                {
                    "id": "2",
                    "title": "Document Download / Sale Start Date",
                    "type": "Pre-procurement milestones",
                    "dueDate": "2023-04-12 10:30"
                },
                {
                    "id": "3",
                    "title": "Clarification Start Date",
                    "type": "Pre-procurement milestones",
                    "dueDate": "2023-04-12 10:30"
                },
                {
                    "id": "4",
                    "title": "Bid Submission Start Date",
                    "type": "Pre-procurement milestones",
                    "dueDate": "2023-04-12 10:30"
                },
                {
                    "id": "5",
                    "title": "Bid Opening Date",
                    "type": "Pre-procurement milestones",
                    "dueDate": "2023-26-12 15:00"
                },
                {
                    "id": "6",
                    "title": "Document Download / Sale End Date",
                    "type": "Pre-procurement milestones",
                    "dueDate": "2023-26-12 14:30"
                },
                {
                    "id": "7",
                    "title": "Clarification End Date",
                    "type": "Pre-procurement milestones",
                    "dueDate": "2023-26-12 14:00"
                },
                {
                    "id": "8",
                    "title": "Bid Submission End Date",
                    "type": "Pre-procurement milestones",
                    "dueDate": "2023-26-12 14:30"
                },
                {
                    "id": "9",
                    "title": "Financial Bid Opening Date",
                    "type": "Pre-procurement milestones",
                    "dueDate": "2024-02-01 14:55"
                }
            ],
            "fiscalYear": "2023-2024"
        }
    ],
    "bids": [
        {
            "id": 1,
            "details": [
                {
                    "id": "216633.0",
                    "date": "2023-25-12 23:11",
                    "status": "Rejected-AOC",
                    "tenderers": [
                        {
                            "id": "hirambanarzary",
                            "name": "Hiramba Narzary"
                        }
                    ]
                },
                {
                    "id": "216792.0",
                    "date": "2023-25-12 23:17",
                    "status": "Not Admitted-Fee/PreQual/Technical",
                    "tenderers": [
                        {
                            "id": "msmushaharyenterprise",
                            "name": "M/S Mushahary Enterprise"
                        }
                    ]
                },
                {
                    "id": "216431.0",
                    "date": "2023-25-12 23:05",
                    "status": "Accepted-AOC",
                    "tenderers": [
                        {
                            "id": "bidinthabasumatary",
                            "name": "BIDINTHA BASUMATARY"
                        }
                    ]
                }
            ]
        }
    ],
    "statistics": [
        {
            "id": "1",
            "value": 39963000.0,
            "currency": "INR",
            "measure": "contractValue"
        }
    ],
    "awards": [
        {
            "id": 1,
            "description": "Agri Pro 3 HP 4 in 1 Combined Rice Mill with Motor APCRM6N9FC PROMAX to the different Self Help Groups under BTC area under BTC area under SOPD 2023-24.",
            "value": [
                {
                    "amount": 39963000.0,
                    "currency": "INR"
                }
            ],
            "suppliers": [
                {
                    "id": "bidinthabasumatary",
                    "name": "BIDINTHA BASUMATARY"
                }
            ],
            "contractPeriod": [
                {
                    "startDate": "2024-19-01",
                    "durationInDays": 90
                }
            ]
        },
        {
            "id": 2,
            "value": [
                {
                    "amount": "39963000",
                    "currency": "INR"
                }
            ]
        }
    ]
}