{
    "ocid": "ocds-f5kvwu-2023_APGCL_30152_1",
    "id": "1",
    "date": "2024-11-27",
    "tag": [
        "tender"
    ],
    "initiationType": "tender",
    "parties": [
        {
            "id": "assampowergenerationcompanylimited",
            "name": "Assam Power Generation Company Limited",
            "roles": [
                "buyer"
            ]
        },
        {
            "id": "anupamdas",
            "name": "ANUPAM DAS",
            "roles": [
                "tenderer"
            ]
        },
        {
            "id": "bishalengineering",
            "name": "BISHAL ENGINEERING",
            "roles": [
                "tenderer"
            ]
        },
        {
            "id": "kuldeepbora",
            "name": "KULDEEP BORA",
            "roles": [
                "tenderer"
            ]
        },
        {
            "id": "mkenterprise",
            "name": "M. K. ENTERPRISE",
            "roles": [
                "tenderer",
                "supplier"
            ]
        },
        {
            "id": "mrbikashthakuria",
            "name": "MR.BIKASH THAKURIA",
            "roles": [
                "tenderer"
            ]
        },
        {
            "id": "shomkharka",
            "name": "Shom kharka",
            "roles": [
                "tenderer"
            ]
        },
        {
            "id": "cgmgeneration",
            "name": "CGM Generation",
            "address": [
                {
                    "streetAddress": "Third Floor Bijulee Bhawan Paltanbazar ghy 01"
                }
            ],
            "roles": [
                "procuringEntity"
            ]
        }
    ],
    "buyer": [
        {
            "name": "Assam Power Generation Company Limited",
            "id": "assampowergenerationcompanylimited"
        }
    ],
    "tender": [
        {
            "id": "2023_APGCL_30152_1",
            "identifiers": [
                {
                    "id": "MSHEP SOPD 29 44",
                    "scheme": "external"
                }
            ],
            "title": "Civil works of MSHEP",
            "description": "12 nos of various works at MSHEP",
            "datePublished": "2023-28-03 09:00",
            "contractType": "Tender",
            "submissionTerms": [
                {
                    "allowPreferentialBidder": "No",
                    "allowMultiCurrencyFee": "No",
                    "allowMultiCurrencyBQQ": "No",
                    "bidValidityPeriod": [
                        {
                            "durationInDays": 180
                        }
                    ]
                }
            ],
            "procuringEntity": [
                {
                    "name": "CGM Generation",
                    "id": "cgmgeneration"
                }
            ],
            "items": [
                {
                    "id": "01",
                    "classification": [
                        {
                            "description": "Civil Works"
                        }
                    ],
                    "additionalClassifications": [
                        {
                            "description": "Work Item Details > Subcategory"
                        }
                    ],
                    "deliveryAddresses": [
                        {
                            "postalCode": "782450.0",
                            "streetAddress": "Myntriang West Karbi Anglong"
                        }
                    ]
                }
            ],
            "value": [
                {
                    "amount": 4795785.0,
                    "currency": "INR"
                }
            ],
            "procurementMethod": "Open Tender",
            "mainProcurementCategory": "Works",
            "tenderPeriod": [
                {
                    "startDate": "2023-28-03 09:00",
                    "endDate": "2023-18-04 11:00",
                    "durationInDays": 21
                }
            ],
            "contractPeriod": [
                {
                    "durationInDays": 90
                }
            ],
            "communication": [
                {
                    "id": 1,
                    "documentAvailabilityPeriod": [
                        {
                            "startDate": "2023-28-03 09:00",
                            "endDate": "2023-18-04 11:00"
                        }
                    ]
                }
            ],
            "bidOpening": [
                {
                    "date": "2023-18-04 15:00",
                    "address": [
                        {
                            "streetAddress": "Third Floor Bijulee Bhawan Paltanbazar ghy 01"
                        }
                    ]
                }
            ],
            "participationFees": [
                {
                    "id": "01",
                    "value": [
                        {
                            "amount": 1000.0,
                            "currency": "INR"
                        }
                    ],
                    "description": "Nil"
                }
            ],
            "numberOfTenderers": 7,
            "milestones": [
                {
                    "id": "1",
                    "title": "Published Date",
                    "type": "Pre-procurement milestones",
                    "dueDate": "2023-28-03 09:00"
                },
                {
                    "id": "2",
                    "title": "Document Download / Sale Start Date",
                    "type": "Pre-procurement milestones",
                    "dueDate": "2023-28-03 09:00"
                },
                {
                    "id": "3",
                    "title": "Bid Submission Start Date",
                    "type": "Pre-procurement milestones",
                    "dueDate": "2023-28-03 09:00"
                },
                {
                    "id": "4",
                    "title": "Bid Opening Date",
                    "type": "Pre-procurement milestones",
                    "dueDate": "2023-18-04 15:00"
                },
                {
                    "id": "5",
                    "title": "Document Download / Sale End Date",
                    "type": "Pre-procurement milestones",
                    "dueDate": "2023-18-04 11:00"
                },
                {
                    "id": "6",
                    "title": "Bid Submission End Date",
                    "type": "Pre-procurement milestones",
                    "dueDate": "2023-18-04 11:00"
                },
                {
                    "id": "7",
                    "title": "Financial Bid Opening Date",
                    "type": "Pre-procurement milestones",
                    "dueDate": "2023-06-07 15:00"
                }
            ],
            "fiscalYear": "2022-2023"
        }
    ],
    "bids": [
        {
            "id": 1,
            "details": [
                {
                    "id": "183498.0",
                    "date": "2023-17-04 23:30",
                    "status": "Rejected-Technical",
                    "tenderers": [
                        {
                            "id": "anupamdas",
                            "name": "ANUPAM DAS"
                        }
                    ]
                },
                {
                    "id": "183503.0",
                    "date": "2023-17-04 23:46",
                    "status": "Rejected-Technical",
                    "tenderers": [
                        {
                            "id": "bishalengineering",
                            "name": "BISHAL ENGINEERING"
                        }
                    ]
                },
                {
                    "id": "183497.0",
                    "date": "2023-17-04 23:20",
                    "status": "Rejected-AOC",
                    "tenderers": [
                        {
                            "id": "kuldeepbora",
                            "name": "KULDEEP BORA"
                        }
                    ]
                },
                {
                    "id": "183499.0",
                    "date": "2023-18-04 01:24",
                    "status": "Rejected-Technical",
                    "tenderers": [
                        {
                            "id": "mrbikashthakuria",
                            "name": "MR.BIKASH THAKURIA"
                        }
                    ]
                },
                {
                    "id": "183516.0",
                    "date": "2023-18-04 10:52",
                    "status": "Rejected-Technical",
                    "tenderers": [
                        {
                            "id": "shomkharka",
                            "name": "Shom kharka"
                        }
                    ]
                },
                {
                    "id": "183277.0",
                    "date": "2023-18-04 01:29",
                    "status": "Accepted-AOC",
                    "tenderers": [
                        {
                            "id": "mkenterprise",
                            "name": "M. K. ENTERPRISE"
                        }
                    ]
                }
            ]
        }
    ],
    "statistics": [
        {
            "id": "1",
            "value": 4318671.0,
            "currency": "INR",
            "measure": "contractValue"
        }
    ],
    "awards": [
        {
            "id": 1,
            "value": [
                {
                    "amount": 4318671.0,
                    "currency": "INR"
                }
            ],
            "suppliers": [
                {
                    "id": "mkenterprise",
                    "name": "M. K. ENTERPRISE"
                }
            ],
            "contractPeriod": [
                {
                    "startDate": "2024-09-07",
                    "durationInDays": 90
                }
            ]
        },
        {
            "id": 2,
            "value": [
                {
                    "amount": "4318671",
                    "currency": "INR"
                }
            ]
        }
    ]
}