{
    "ocid": "ocds-f5kvwu-2023_BTC_33665_1",
    "id": "1",
    "date": "2024-11-27",
    "tag": [
        "tender"
    ],
    "initiationType": "tender",
    "parties": [
        {
            "id": "bodolandterritorialcouncilpwd",
            "name": "Bodoland Territorial Council-PWD",
            "roles": [
                "buyer"
            ]
        },
        {
            "id": "dhajenwary",
            "name": "DHAJEN WARY",
            "roles": [
                "tenderer"
            ]
        },
        {
            "id": "msriporaconstruction",
            "name": "M/S RIPORA CONSTRUCTION",
            "roles": [
                "tenderer",
                "supplier"
            ]
        },
        {
            "id": "theaddlchiefengineercumdirectorpwdbtc",
            "name": "The Addl. Chief Engineer cum Director, PWD, BTC",
            "address": [
                {
                    "streetAddress": "O/o the Addl. Chief Engineer cum Director, PWD BTC, Kokrajhar."
                }
            ],
            "roles": [
                "procuringEntity"
            ]
        }
    ],
    "buyer": [
        {
            "name": "Bodoland Territorial Council-PWD",
            "id": "bodolandterritorialcouncilpwd"
        }
    ],
    "tender": [
        {
            "id": "2023_BTC_33665_1",
            "identifiers": [
                {
                    "id": "150/PWD/NIT/Goodwill/23-24/5",
                    "scheme": "external"
                }
            ],
            "title": "Construction of CC block from Panishali Chowk to Rangjali Gathwn via No.-2 Khagrabari Road under CMs Goodwill Mission Project for the financial year 2023-24 of District Udalguri (32. Bhergaon (ST). (TN_26_127)",
            "description": "Construction of CC block from Panishali Chowk to Rangjali Gathwn via No.-2 Khagrabari Road under CMs Goodwill Mission Project for the financial year 2023-24 of District Udalguri (32. Bhergaon (ST).",
            "datePublished": "2023-08-11 10:30",
            "contractType": "Tender",
            "submissionTerms": [
                {
                    "allowPreferentialBidder": "No",
                    "allowMultiCurrencyFee": "No",
                    "allowMultiCurrencyBQQ": "No",
                    "bidValidityPeriod": [
                        {
                            "durationInDays": 180
                        }
                    ]
                }
            ],
            "procuringEntity": [
                {
                    "name": "The Addl. Chief Engineer cum Director, PWD, BTC",
                    "id": "theaddlchiefengineercumdirectorpwdbtc"
                }
            ],
            "items": [
                {
                    "id": "01",
                    "classification": [
                        {
                            "description": "Civil Works"
                        }
                    ],
                    "additionalClassifications": [
                        {
                            "description": "Work Item Details > Subcategory"
                        }
                    ],
                    "deliveryAddresses": [
                        {
                            "postalCode": "784509.0",
                            "streetAddress": "Udalguri"
                        }
                    ]
                }
            ],
            "value": [
                {
                    "amount": 28337000.0,
                    "currency": "INR"
                }
            ],
            "procurementMethod": "Open Tender",
            "mainProcurementCategory": "Works",
            "tenderPeriod": [
                {
                    "startDate": "2023-08-11 10:30",
                    "endDate": "2023-28-11 14:00",
                    "durationInDays": 20
                }
            ],
            "enquiryPeriod": [
                {
                    "startDate": "2023-08-11 10:30",
                    "endDate": "2023-28-11 12:00",
                    "durationInDays": 20
                }
            ],
            "contractPeriod": [
                {
                    "durationInDays": 540
                }
            ],
            "communication": [
                {
                    "id": 1,
                    "documentAvailabilityPeriod": [
                        {
                            "startDate": "2023-08-11 10:30",
                            "endDate": "2023-28-11 14:00"
                        }
                    ]
                }
            ],
            "bidOpening": [
                {
                    "date": "2023-29-11 12:00",
                    "address": [
                        {
                            "streetAddress": "O/o the Addl. Chief Engineer cum Director, PWD BTC"
                        }
                    ]
                }
            ],
            "participationFees": [
                {
                    "id": "01",
                    "value": [
                        {
                            "amount": 5700.0,
                            "currency": "INR"
                        }
                    ],
                    "description": "Nil"
                }
            ],
            "numberOfTenderers": 5,
            "milestones": [
                {
                    "id": "1",
                    "title": "Published Date",
                    "type": "Pre-procurement milestones",
                    "dueDate": "2023-08-11 10:30"
                },
                {
                    "id": "2",
                    "title": "Document Download / Sale Start Date",
                    "type": "Pre-procurement milestones",
                    "dueDate": "2023-08-11 10:30"
                },
                {
                    "id": "3",
                    "title": "Clarification Start Date",
                    "type": "Pre-procurement milestones",
                    "dueDate": "2023-08-11 10:30"
                },
                {
                    "id": "4",
                    "title": "Bid Submission Start Date",
                    "type": "Pre-procurement milestones",
                    "dueDate": "2023-08-11 10:30"
                },
                {
                    "id": "5",
                    "title": "Bid Opening Date",
                    "type": "Pre-procurement milestones",
                    "dueDate": "2023-29-11 12:00"
                },
                {
                    "id": "6",
                    "title": "Document Download / Sale End Date",
                    "type": "Pre-procurement milestones",
                    "dueDate": "2023-28-11 14:00"
                },
                {
                    "id": "7",
                    "title": "Clarification End Date",
                    "type": "Pre-procurement milestones",
                    "dueDate": "2023-28-11 12:00"
                },
                {
                    "id": "8",
                    "title": "Bid Submission End Date",
                    "type": "Pre-procurement milestones",
                    "dueDate": "2023-28-11 14:00"
                },
                {
                    "id": "9",
                    "title": "Financial Bid Opening Date",
                    "type": "Pre-procurement milestones",
                    "dueDate": "2023-21-12 17:00"
                }
            ],
            "fiscalYear": "2023-2024"
        }
    ],
    "bids": [
        {
            "id": 1,
            "details": [
                {
                    "id": "212043.0",
                    "date": "2023-24-11 14:00",
                    "status": "Rejected-AOC",
                    "tenderers": [
                        {
                            "id": "dhajenwary",
                            "name": "DHAJEN WARY"
                        }
                    ]
                },
                {
                    "id": "212027.0",
                    "date": "2023-24-11 12:33",
                    "status": "Accepted-AOC",
                    "tenderers": [
                        {
                            "id": "msriporaconstruction",
                            "name": "M/S RIPORA CONSTRUCTION"
                        }
                    ]
                }
            ]
        }
    ],
    "statistics": [
        {
            "id": "1",
            "value": 28336996.0,
            "currency": "INR",
            "measure": "contractValue"
        }
    ],
    "awards": [
        {
            "id": 1,
            "description": "Work Order",
            "value": [
                {
                    "amount": 28336996.0,
                    "currency": "INR"
                }
            ],
            "suppliers": [
                {
                    "id": "msriporaconstruction",
                    "name": "M/S RIPORA CONSTRUCTION"
                }
            ],
            "contractPeriod": [
                {
                    "startDate": "2024-25-01",
                    "durationInDays": 540
                }
            ]
        },
        {
            "id": 2,
            "value": [
                {
                    "amount": "28336996",
                    "currency": "INR"
                }
            ]
        }
    ]
}