{
    "ocid": "ocds-f5kvwu-2023_BTC_33715_1",
    "id": "1",
    "date": "2024-11-27",
    "tag": [
        "tender"
    ],
    "initiationType": "tender",
    "parties": [
        {
            "id": "bodolandterritorialcouncilpwd",
            "name": "Bodoland Territorial Council-PWD",
            "roles": [
                "buyer"
            ]
        },
        {
            "id": "detshranggoyary",
            "name": "Detshrang Goyary",
            "roles": [
                "tenderer"
            ]
        },
        {
            "id": "dhananjaybasumatary",
            "name": "DHANANJAY BASUMATARY",
            "roles": [
                "tenderer"
            ]
        },
        {
            "id": "msbarmanenterprise",
            "name": "M/S BARMAN ENTERPRISE",
            "roles": [
                "tenderer"
            ]
        },
        {
            "id": "shyamnarayanprasad",
            "name": "Shyam Narayan Prasad",
            "roles": [
                "tenderer",
                "supplier"
            ]
        },
        {
            "id": "theaddlchiefengineercumdirectorpwdbtc",
            "name": "The Addl. Chief Engineer cum Director, PWD, BTC",
            "address": [
                {
                    "streetAddress": "O/oThe Addl. Chief Engineer cum Director, PWD, BTC"
                }
            ],
            "roles": [
                "procuringEntity"
            ]
        }
    ],
    "buyer": [
        {
            "name": "Bodoland Territorial Council-PWD",
            "id": "bodolandterritorialcouncilpwd"
        }
    ],
    "tender": [
        {
            "id": "2023_BTC_33715_1",
            "identifiers": [
                {
                    "id": "ACE-150/PWD/NIT/Goodwill/23-24",
                    "scheme": "external"
                }
            ],
            "title": "Construction of ICBP road from Doomni link road near Rajani Kalitis house to Mushalpur Jalah link road under CMs Goodwill Mission Project for the year 2023-24. L_ 3000.00M TN_26_58",
            "description": "Construction of ICBP road from Doomni link road near Rajani Kalitis house to Mushalpur Jalah link road under CMs Goodwill Mission Project for the year 2023-24. L_ 3000.00M TN_26_58",
            "datePublished": "2023-08-11 18:00",
            "contractType": "Tender",
            "submissionTerms": [
                {
                    "allowPreferentialBidder": "No",
                    "allowMultiCurrencyFee": "No",
                    "allowMultiCurrencyBQQ": "No",
                    "bidValidityPeriod": [
                        {
                            "durationInDays": 180
                        }
                    ]
                }
            ],
            "procuringEntity": [
                {
                    "name": "The Addl. Chief Engineer cum Director, PWD, BTC",
                    "id": "theaddlchiefengineercumdirectorpwdbtc"
                }
            ],
            "items": [
                {
                    "id": "01",
                    "classification": [
                        {
                            "description": "Civil Works \u2013 Roads"
                        }
                    ],
                    "additionalClassifications": [
                        {
                            "description": "Work Item Details > Subcategory"
                        }
                    ],
                    "deliveryAddresses": [
                        {
                            "postalCode": "781327.0",
                            "streetAddress": "Baksa"
                        }
                    ]
                }
            ],
            "value": [
                {
                    "amount": 23208935.0,
                    "currency": "INR"
                }
            ],
            "procurementMethod": "Open Tender",
            "mainProcurementCategory": "Works",
            "tenderPeriod": [
                {
                    "startDate": "2023-08-11 18:00",
                    "endDate": "2023-01-12 13:30",
                    "durationInDays": 22
                }
            ],
            "enquiryPeriod": [
                {
                    "startDate": "2023-08-11 18:00",
                    "endDate": "2023-30-11 12:00",
                    "durationInDays": 21
                }
            ],
            "contractPeriod": [
                {
                    "durationInDays": 365
                }
            ],
            "communication": [
                {
                    "id": 1,
                    "documentAvailabilityPeriod": [
                        {
                            "startDate": "2023-08-11 18:00",
                            "endDate": "2023-01-12 13:30"
                        }
                    ]
                }
            ],
            "bidOpening": [
                {
                    "date": "2023-01-12 14:00",
                    "address": [
                        {
                            "streetAddress": "O/oThe Addl. Chief Engineer cum Director, PWD, BTC"
                        }
                    ]
                }
            ],
            "participationFees": [
                {
                    "id": "01",
                    "value": [
                        {
                            "amount": 4700.0,
                            "currency": "INR"
                        }
                    ],
                    "description": "Nil"
                }
            ],
            "numberOfTenderers": 5,
            "milestones": [
                {
                    "id": "1",
                    "title": "Published Date",
                    "type": "Pre-procurement milestones",
                    "dueDate": "2023-08-11 18:00"
                },
                {
                    "id": "2",
                    "title": "Document Download / Sale Start Date",
                    "type": "Pre-procurement milestones",
                    "dueDate": "2023-08-11 18:00"
                },
                {
                    "id": "3",
                    "title": "Clarification Start Date",
                    "type": "Pre-procurement milestones",
                    "dueDate": "2023-08-11 18:00"
                },
                {
                    "id": "4",
                    "title": "Bid Submission Start Date",
                    "type": "Pre-procurement milestones",
                    "dueDate": "2023-09-11 10:00"
                },
                {
                    "id": "5",
                    "title": "Bid Opening Date",
                    "type": "Pre-procurement milestones",
                    "dueDate": "2023-01-12 14:00"
                },
                {
                    "id": "6",
                    "title": "Document Download / Sale End Date",
                    "type": "Pre-procurement milestones",
                    "dueDate": "2023-01-12 13:30"
                },
                {
                    "id": "7",
                    "title": "Clarification End Date",
                    "type": "Pre-procurement milestones",
                    "dueDate": "2023-30-11 12:00"
                },
                {
                    "id": "8",
                    "title": "Bid Submission End Date",
                    "type": "Pre-procurement milestones",
                    "dueDate": "2023-01-12 13:30"
                },
                {
                    "id": "9",
                    "title": "Financial Bid Opening Date",
                    "type": "Pre-procurement milestones",
                    "dueDate": "2024-08-01 13:15"
                }
            ],
            "fiscalYear": "2023-2024"
        }
    ],
    "bids": [
        {
            "id": 1,
            "details": [
                {
                    "id": "211951.0",
                    "date": "2023-26-11 11:54",
                    "status": "Rejected-AOC",
                    "tenderers": [
                        {
                            "id": "detshranggoyary",
                            "name": "Detshrang Goyary"
                        }
                    ]
                },
                {
                    "id": "212135.0",
                    "date": "2023-25-11 03:12",
                    "status": "Rejected-AOC",
                    "tenderers": [
                        {
                            "id": "dhananjaybasumatary",
                            "name": "DHANANJAY BASUMATARY"
                        }
                    ]
                },
                {
                    "id": "213731.0",
                    "date": "2023-01-12 06:17",
                    "status": "Not Admitted-Fee/PreQual/Technical",
                    "tenderers": [
                        {
                            "id": "msbarmanenterprise",
                            "name": "M/S BARMAN ENTERPRISE"
                        }
                    ]
                },
                {
                    "id": "212138.0",
                    "date": "2023-25-11 03:18",
                    "status": "Accepted-AOC",
                    "tenderers": [
                        {
                            "id": "shyamnarayanprasad",
                            "name": "Shyam Narayan Prasad"
                        }
                    ]
                }
            ]
        }
    ],
    "statistics": [
        {
            "id": "1",
            "value": 23208000.0,
            "currency": "INR",
            "measure": "contractValue"
        }
    ],
    "awards": [
        {
            "id": 1,
            "description": "Work Order",
            "value": [
                {
                    "amount": 23208000.0,
                    "currency": "INR"
                }
            ],
            "suppliers": [
                {
                    "id": "shyamnarayanprasad",
                    "name": "Shyam Narayan Prasad"
                }
            ],
            "contractPeriod": [
                {
                    "startDate": "2024-03-02",
                    "durationInDays": 365
                }
            ]
        },
        {
            "id": 2,
            "value": [
                {
                    "amount": "23208000",
                    "currency": "INR"
                }
            ]
        }
    ]
}