{
    "ocid": "ocds-f5kvwu-2023_BoTC_34702_1",
    "id": "1",
    "date": "2024-11-27",
    "tag": [
        "tender"
    ],
    "initiationType": "tender",
    "parties": [
        {
            "id": "bodolandterritorialcouncil",
            "name": "Bodoland Territorial Council",
            "roles": [
                "buyer"
            ]
        },
        {
            "id": "animeshbrahma",
            "name": "Animesh Brahma",
            "roles": [
                "tenderer"
            ]
        },
        {
            "id": "detsungbasumatary",
            "name": "Detsung Basumatary",
            "roles": [
                "tenderer",
                "supplier"
            ]
        },
        {
            "id": "oosepwdkjrbldgcirclekjr",
            "name": "O/o S.E, PWD, Kjr, Bldg, Circle, Kjr",
            "address": [
                {
                    "streetAddress": "O/o S.E, PWD, Kjr, Bldg, Circle, Kjr"
                }
            ],
            "roles": [
                "procuringEntity"
            ]
        }
    ],
    "buyer": [
        {
            "name": "Bodoland Territorial Council",
            "id": "bodolandterritorialcouncil"
        }
    ],
    "tender": [
        {
            "id": "2023_BoTC_34702_1",
            "identifiers": [
                {
                    "id": "No. TECH- 05/SE(B)/E-Tender",
                    "scheme": "external"
                }
            ],
            "title": "Renovation of Boundary wall with Iron Gate and ANM Staff Quarters along with Sanitary at Kachugaon Hospital.529-1",
            "description": "Renovation of Boundary wall with Iron Gate and ANM Staff Quarters along with Sanitary at Kachugaon Hospital.529-1",
            "datePublished": "2023-15-12 10:00",
            "contractType": "Tender",
            "submissionTerms": [
                {
                    "allowPreferentialBidder": "No",
                    "allowMultiCurrencyFee": "No",
                    "allowMultiCurrencyBQQ": "No",
                    "bidValidityPeriod": [
                        {
                            "durationInDays": 180
                        }
                    ]
                }
            ],
            "procuringEntity": [
                {
                    "name": "O/o S.E, PWD, Kjr, Bldg, Circle, Kjr",
                    "id": "oosepwdkjrbldgcirclekjr"
                }
            ],
            "items": [
                {
                    "id": "01",
                    "classification": [
                        {
                            "description": "Civil Works - Building"
                        }
                    ],
                    "additionalClassifications": [
                        {
                            "description": "Work Item Details > Subcategory"
                        }
                    ],
                    "deliveryAddresses": [
                        {
                            "postalCode": "783370.0",
                            "streetAddress": "kokrajhar"
                        }
                    ]
                }
            ],
            "value": [
                {
                    "amount": 2379193.0,
                    "currency": "INR"
                }
            ],
            "procurementMethod": "Open Tender",
            "mainProcurementCategory": "Item Rate",
            "tenderPeriod": [
                {
                    "startDate": "2023-15-12 10:00",
                    "endDate": "2024-08-01 13:00",
                    "durationInDays": 24
                }
            ],
            "enquiryPeriod": [
                {
                    "startDate": "2023-15-12 10:00",
                    "endDate": "2023-26-12 13:00",
                    "durationInDays": 11
                }
            ],
            "contractPeriod": [
                {
                    "durationInDays": 180
                }
            ],
            "communication": [
                {
                    "id": 1,
                    "documentAvailabilityPeriod": [
                        {
                            "startDate": "2023-15-12 10:00",
                            "endDate": "2024-08-01 13:00"
                        }
                    ]
                }
            ],
            "bidOpening": [
                {
                    "date": "2024-08-01 13:30",
                    "address": [
                        {
                            "streetAddress": "O/o S.E, PWD, Kjr, Bldg, Circle, Kjr"
                        }
                    ]
                }
            ],
            "participationFees": [
                {
                    "id": "01",
                    "value": [
                        {
                            "amount": 1000.0,
                            "currency": "INR"
                        }
                    ],
                    "description": "Nil"
                }
            ],
            "numberOfTenderers": 5,
            "milestones": [
                {
                    "id": "1",
                    "title": "Published Date",
                    "type": "Pre-procurement milestones",
                    "dueDate": "2023-15-12 10:00"
                },
                {
                    "id": "2",
                    "title": "Document Download / Sale Start Date",
                    "type": "Pre-procurement milestones",
                    "dueDate": "2023-15-12 10:00"
                },
                {
                    "id": "3",
                    "title": "Clarification Start Date",
                    "type": "Pre-procurement milestones",
                    "dueDate": "2023-15-12 10:00"
                },
                {
                    "id": "4",
                    "title": "Bid Submission Start Date",
                    "type": "Pre-procurement milestones",
                    "dueDate": "2023-15-12 10:00"
                },
                {
                    "id": "5",
                    "title": "Bid Opening Date",
                    "type": "Pre-procurement milestones",
                    "dueDate": "2024-08-01 13:30"
                },
                {
                    "id": "6",
                    "title": "Document Download / Sale End Date",
                    "type": "Pre-procurement milestones",
                    "dueDate": "2024-08-01 13:00"
                },
                {
                    "id": "7",
                    "title": "Clarification End Date",
                    "type": "Pre-procurement milestones",
                    "dueDate": "2023-26-12 13:00"
                },
                {
                    "id": "8",
                    "title": "Bid Submission End Date",
                    "type": "Pre-procurement milestones",
                    "dueDate": "2024-08-01 13:00"
                },
                {
                    "id": "9",
                    "title": "Financial Bid Opening Date",
                    "type": "Pre-procurement milestones",
                    "dueDate": "2024-12-01 17:35"
                }
            ],
            "fiscalYear": "2023-2024"
        }
    ],
    "bids": [
        {
            "id": 1,
            "details": [
                {
                    "id": "219396.0",
                    "date": "2024-08-01 11:52",
                    "status": "Rejected-AOC",
                    "tenderers": [
                        {
                            "id": "animeshbrahma",
                            "name": "Animesh Brahma"
                        }
                    ]
                },
                {
                    "id": "219390.0",
                    "date": "2024-08-01 11:35",
                    "status": "Accepted-AOC",
                    "tenderers": [
                        {
                            "id": "detsungbasumatary",
                            "name": "Detsung Basumatary"
                        }
                    ]
                }
            ]
        }
    ],
    "statistics": [
        {
            "id": "1",
            "value": 2378513.3,
            "currency": "INR",
            "measure": "contractValue"
        }
    ],
    "awards": [
        {
            "id": 1,
            "description": "Work Order",
            "value": [
                {
                    "amount": 2378513.3,
                    "currency": "INR"
                }
            ],
            "suppliers": [
                {
                    "id": "detsungbasumatary",
                    "name": "Detsung Basumatary"
                }
            ],
            "contractPeriod": [
                {
                    "startDate": "2024-10-06",
                    "durationInDays": 180
                }
            ]
        },
        {
            "id": 2,
            "value": [
                {
                    "amount": "23785133",
                    "currency": "INR"
                }
            ]
        }
    ]
}