{
    "ocid": "ocds-f5kvwu-2023_AEGCL_35063_1",
    "id": "1",
    "date": "2024-11-27",
    "tag": [
        "tender"
    ],
    "initiationType": "tender",
    "parties": [
        {
            "id": "assamelectricitygridcorporationltd",
            "name": "Assam Electricity Grid Corporation Ltd",
            "roles": [
                "buyer"
            ]
        },
        {
            "id": "kamalsinghdugar",
            "name": "Kamal Singh Dugar",
            "roles": [
                "tenderer"
            ]
        },
        {
            "id": "msassamelectricstore",
            "name": "M/S Assam Electric Store",
            "roles": [
                "tenderer",
                "supplier"
            ]
        },
        {
            "id": "mshbassociates",
            "name": "MS H B Associates",
            "roles": [
                "tenderer"
            ]
        },
        {
            "id": "raassociates",
            "name": "R. A. ASSOCIATES",
            "roles": [
                "tenderer"
            ]
        },
        {
            "id": "cgmppndaegcl",
            "name": "CGM PPnD, AEGCL",
            "address": [
                {
                    "streetAddress": "Oo CGM PPnd, First Floor, Bijulee Bhawan"
                }
            ],
            "roles": [
                "procuringEntity"
            ]
        }
    ],
    "buyer": [
        {
            "name": "Assam Electricity Grid Corporation Ltd",
            "id": "assamelectricitygridcorporationltd"
        }
    ],
    "tender": [
        {
            "id": "2023_AEGCL_35063_1",
            "identifiers": [
                {
                    "id": "AEGCL/MD/Tech 737/Boundary wall",
                    "scheme": "external"
                }
            ],
            "title": "Construction of boundary wall at 132 KV Hatsingimari GSS of AEGCL",
            "description": "Construction of boundary wall at 132 KV Hatsingimari GSS of AEGCL",
            "datePublished": "2023-29-12 18:00",
            "contractType": "Tender",
            "submissionTerms": [
                {
                    "allowPreferentialBidder": "No",
                    "allowMultiCurrencyFee": "No",
                    "allowMultiCurrencyBQQ": "No",
                    "bidValidityPeriod": [
                        {
                            "durationInDays": 180
                        }
                    ]
                }
            ],
            "procuringEntity": [
                {
                    "name": "CGM PPnD, AEGCL",
                    "id": "cgmppndaegcl"
                }
            ],
            "items": [
                {
                    "id": "01",
                    "classification": [
                        {
                            "description": "Civil Works"
                        }
                    ],
                    "additionalClassifications": [
                        {
                            "description": "Work Item Details > Subcategory"
                        }
                    ],
                    "deliveryAddresses": [
                        {
                            "postalCode": "783135.0",
                            "streetAddress": "132 kV Hatsingimari GSS AEGCL"
                        }
                    ]
                }
            ],
            "procurementMethod": "Open Tender",
            "mainProcurementCategory": "Works",
            "tenderPeriod": [
                {
                    "startDate": "2023-29-12 18:00",
                    "endDate": "2024-24-01 10:00",
                    "durationInDays": 25
                }
            ],
            "contractPeriod": [
                {
                    "durationInDays": 548
                }
            ],
            "communication": [
                {
                    "id": 1,
                    "documentAvailabilityPeriod": [
                        {
                            "startDate": "2023-29-12 18:00",
                            "endDate": "2024-24-01 10:00"
                        }
                    ]
                }
            ],
            "bidOpening": [
                {
                    "date": "2024-25-01 15:00",
                    "address": [
                        {
                            "streetAddress": "Oo CGM PPnd, First Floor, Bijulee Bhawan"
                        }
                    ]
                }
            ],
            "participationFees": [
                {
                    "id": "01",
                    "value": [
                        {
                            "amount": 1000.0,
                            "currency": "INR"
                        }
                    ],
                    "description": "Nil"
                }
            ],
            "numberOfTenderers": 5,
            "milestones": [
                {
                    "id": "1",
                    "title": "Published Date",
                    "type": "Pre-procurement milestones",
                    "dueDate": "2023-29-12 18:00"
                },
                {
                    "id": "2",
                    "title": "Document Download / Sale Start Date",
                    "type": "Pre-procurement milestones",
                    "dueDate": "2023-29-12 18:00"
                },
                {
                    "id": "3",
                    "title": "Bid Submission Start Date",
                    "type": "Pre-procurement milestones",
                    "dueDate": "2024-03-01 12:00"
                },
                {
                    "id": "4",
                    "title": "Bid Opening Date",
                    "type": "Pre-procurement milestones",
                    "dueDate": "2024-25-01 15:00"
                },
                {
                    "id": "5",
                    "title": "Document Download / Sale End Date",
                    "type": "Pre-procurement milestones",
                    "dueDate": "2024-24-01 10:00"
                },
                {
                    "id": "6",
                    "title": "Bid Submission End Date",
                    "type": "Pre-procurement milestones",
                    "dueDate": "2024-24-01 10:00"
                },
                {
                    "id": "7",
                    "title": "Financial Bid Opening Date",
                    "type": "Pre-procurement milestones",
                    "dueDate": "2024-21-02 12:10"
                }
            ],
            "fiscalYear": "2023-2024"
        }
    ],
    "bids": [
        {
            "id": 1,
            "details": [
                {
                    "id": "219140.0",
                    "date": "2024-23-01 11:31",
                    "status": "Rejected-AOC",
                    "tenderers": [
                        {
                            "id": "kamalsinghdugar",
                            "name": "Kamal Singh Dugar"
                        }
                    ]
                },
                {
                    "id": "220836.0",
                    "date": "2024-23-01 22:14",
                    "status": "Rejected-Technical",
                    "tenderers": [
                        {
                            "id": "mshbassociates",
                            "name": "MS H B Associates"
                        }
                    ]
                },
                {
                    "id": "218890.0",
                    "date": "2024-24-01 09:26",
                    "status": "Rejected-Technical",
                    "tenderers": [
                        {
                            "id": "raassociates",
                            "name": "R. A. ASSOCIATES"
                        }
                    ]
                },
                {
                    "id": "219126.0",
                    "date": "2024-23-01 11:17",
                    "status": "Accepted-AOC",
                    "tenderers": [
                        {
                            "id": "msassamelectricstore",
                            "name": "M/S Assam Electric Store"
                        }
                    ]
                }
            ]
        }
    ],
    "statistics": [
        {
            "id": "1",
            "value": 27016243.0,
            "currency": "INR",
            "measure": "contractValue"
        }
    ],
    "awards": [
        {
            "id": 1,
            "value": [
                {
                    "amount": 27016243.0,
                    "currency": "INR"
                }
            ],
            "suppliers": [
                {
                    "id": "msassamelectricstore",
                    "name": "M/S Assam Electric Store"
                }
            ],
            "contractPeriod": [
                {
                    "startDate": "2024-13-03",
                    "durationInDays": 547
                }
            ]
        },
        {
            "id": 2,
            "value": [
                {
                    "amount": "27016243",
                    "currency": "INR"
                }
            ]
        }
    ]
}