{
    "ocid": "ocds-f5kvwu-2023_BoTC_34919_1",
    "id": "1",
    "date": "2024-11-27",
    "tag": [
        "tender"
    ],
    "initiationType": "tender",
    "parties": [
        {
            "id": "bodolandterritorialcouncil",
            "name": "Bodoland Territorial Council",
            "roles": [
                "buyer"
            ]
        },
        {
            "id": "mithinganarazry",
            "name": "MITHINGA NARAZRY",
            "roles": [
                "tenderer"
            ]
        },
        {
            "id": "sribibekanandadey",
            "name": "SRI BIBEKANANDA DEY",
            "roles": [
                "tenderer"
            ]
        },
        {
            "id": "swmkhwrnarzary",
            "name": "Swmkhwr Narzary",
            "roles": [
                "tenderer",
                "supplier"
            ]
        },
        {
            "id": "directoreducationbtckokrajhar",
            "name": "Director Education, BTC, Kokrajhar",
            "address": [
                {
                    "streetAddress": "O/o the Director Education, BTC, Kokrajhar"
                }
            ],
            "roles": [
                "procuringEntity"
            ]
        }
    ],
    "buyer": [
        {
            "name": "Bodoland Territorial Council",
            "id": "bodolandterritorialcouncil"
        }
    ],
    "tender": [
        {
            "id": "2023_BoTC_34919_1",
            "identifiers": [
                {
                    "id": "DOE/BTC/Samagra Shiksha/02/2023-24",
                    "scheme": "external"
                }
            ],
            "title": "Construction of 4 Nos of ACR at Runikata High School Education Department at Chirang, BTR.",
            "description": "Construction of 4 Nos of ACR at Runikata High School Education Department at Chirang, BTR.",
            "datePublished": "2023-22-12 10:00",
            "contractType": "Tender",
            "submissionTerms": [
                {
                    "allowPreferentialBidder": "No",
                    "allowMultiCurrencyFee": "No",
                    "allowMultiCurrencyBQQ": "No",
                    "bidValidityPeriod": [
                        {
                            "durationInDays": 180
                        }
                    ]
                }
            ],
            "procuringEntity": [
                {
                    "name": "Director Education, BTC, Kokrajhar",
                    "id": "directoreducationbtckokrajhar"
                }
            ],
            "items": [
                {
                    "id": "01",
                    "classification": [
                        {
                            "description": "Civil Works - Building"
                        }
                    ],
                    "additionalClassifications": [
                        {
                            "description": "Work Item Details > Subcategory"
                        }
                    ],
                    "deliveryAddresses": [
                        {
                            "postalCode": "783390.0",
                            "streetAddress": "Chirang"
                        }
                    ]
                }
            ],
            "value": [
                {
                    "amount": 5309910.0,
                    "currency": "INR"
                }
            ],
            "procurementMethod": "Open Tender",
            "mainProcurementCategory": "Works",
            "tenderPeriod": [
                {
                    "startDate": "2023-22-12 10:00",
                    "endDate": "2024-11-01 14:00",
                    "durationInDays": 20
                }
            ],
            "enquiryPeriod": [
                {
                    "startDate": "2023-22-12 10:00",
                    "endDate": "2024-11-01 12:00",
                    "durationInDays": 20
                }
            ],
            "contractPeriod": [
                {
                    "durationInDays": 365
                }
            ],
            "communication": [
                {
                    "id": 1,
                    "documentAvailabilityPeriod": [
                        {
                            "startDate": "2023-22-12 10:00",
                            "endDate": "2024-11-01 14:00"
                        }
                    ]
                }
            ],
            "bidOpening": [
                {
                    "date": "2024-11-01 15:00",
                    "address": [
                        {
                            "streetAddress": "O/o the Director Education, BTC, Kokrajhar"
                        }
                    ]
                }
            ],
            "participationFees": [
                {
                    "id": "01",
                    "value": [
                        {
                            "amount": 1100.0,
                            "currency": "INR"
                        }
                    ],
                    "description": "Nil"
                }
            ],
            "numberOfTenderers": 4,
            "milestones": [
                {
                    "id": "1",
                    "title": "Published Date",
                    "type": "Pre-procurement milestones",
                    "dueDate": "2023-22-12 10:00"
                },
                {
                    "id": "2",
                    "title": "Document Download / Sale Start Date",
                    "type": "Pre-procurement milestones",
                    "dueDate": "2023-22-12 10:00"
                },
                {
                    "id": "3",
                    "title": "Clarification Start Date",
                    "type": "Pre-procurement milestones",
                    "dueDate": "2023-22-12 10:00"
                },
                {
                    "id": "4",
                    "title": "Bid Submission Start Date",
                    "type": "Pre-procurement milestones",
                    "dueDate": "2023-22-12 10:00"
                },
                {
                    "id": "5",
                    "title": "Bid Opening Date",
                    "type": "Pre-procurement milestones",
                    "dueDate": "2024-11-01 15:00"
                },
                {
                    "id": "6",
                    "title": "Document Download / Sale End Date",
                    "type": "Pre-procurement milestones",
                    "dueDate": "2024-11-01 14:00"
                },
                {
                    "id": "7",
                    "title": "Clarification End Date",
                    "type": "Pre-procurement milestones",
                    "dueDate": "2024-11-01 12:00"
                },
                {
                    "id": "8",
                    "title": "Bid Submission End Date",
                    "type": "Pre-procurement milestones",
                    "dueDate": "2024-11-01 14:00"
                },
                {
                    "id": "9",
                    "title": "Financial Bid Opening Date",
                    "type": "Pre-procurement milestones",
                    "dueDate": "2024-15-02 16:10"
                }
            ],
            "fiscalYear": "2023-2024"
        }
    ],
    "bids": [
        {
            "id": 1,
            "details": [
                {
                    "id": "220315.0",
                    "date": "2024-11-01 06:03",
                    "status": "Rejected-AOC",
                    "tenderers": [
                        {
                            "id": "mithinganarazry",
                            "name": "MITHINGA NARAZRY"
                        }
                    ]
                },
                {
                    "id": "220440.0",
                    "date": "2024-11-01 13:03",
                    "status": "Rejected-Technical",
                    "tenderers": [
                        {
                            "id": "sribibekanandadey",
                            "name": "SRI BIBEKANANDA DEY"
                        }
                    ]
                },
                {
                    "id": "220310.0",
                    "date": "2024-11-01 05:54",
                    "status": "Accepted-AOC",
                    "tenderers": [
                        {
                            "id": "swmkhwrnarzary",
                            "name": "Swmkhwr Narzary"
                        }
                    ]
                }
            ]
        }
    ],
    "statistics": [
        {
            "id": "1",
            "value": 5308640.0,
            "currency": "INR",
            "measure": "contractValue"
        }
    ],
    "awards": [
        {
            "id": 1,
            "description": "Work Order",
            "value": [
                {
                    "amount": 5308640.0,
                    "currency": "INR"
                }
            ],
            "suppliers": [
                {
                    "id": "swmkhwrnarzary",
                    "name": "Swmkhwr Narzary"
                }
            ],
            "contractPeriod": [
                {
                    "startDate": "2024-20-03",
                    "durationInDays": 365
                }
            ]
        },
        {
            "id": 2,
            "value": [
                {
                    "amount": "5308640",
                    "currency": "INR"
                }
            ]
        }
    ]
}