{
    "ocid": "ocds-f5kvwu-2023_BoTC_32735_1",
    "id": "1",
    "date": "2024-11-27",
    "tag": [
        "tender"
    ],
    "initiationType": "tender",
    "parties": [
        {
            "id": "bodolandterritorialcouncil",
            "name": "Bodoland Territorial Council",
            "roles": [
                "buyer"
            ]
        },
        {
            "id": "krishnadas",
            "name": "KRISHNA DAS",
            "roles": [
                "tenderer"
            ]
        },
        {
            "id": "naruttambiswas",
            "name": "NARUTTAM BISWAS",
            "roles": [
                "tenderer",
                "supplier"
            ]
        },
        {
            "id": "tarunsaha",
            "name": "Tarun Saha",
            "roles": [
                "tenderer"
            ]
        },
        {
            "id": "directorpnrdbtckokrajhar",
            "name": "Director PNRD BTC Kokrajhar",
            "address": [
                {
                    "streetAddress": "Director PNRD BTC Kokrajhar"
                }
            ],
            "roles": [
                "procuringEntity"
            ]
        }
    ],
    "buyer": [
        {
            "name": "Bodoland Territorial Council",
            "id": "bodolandterritorialcouncil"
        }
    ],
    "tender": [
        {
            "id": "2023_BoTC_32735_1",
            "identifiers": [
                {
                    "id": "DPRD/BTC/15FC/III/Bak/29/23/16",
                    "scheme": "external"
                }
            ],
            "title": "Const of Road with CC Block from Simlaguri Guagacha PWD road to S Saha house at village at Jakhlirpar Approx 320 mtrs. under 15th FC Fund for the financial year 2022-23.",
            "description": "DPRD/BTC/15FC/III/Baksa/29/2023/16",
            "datePublished": "2023-03-10 10:30",
            "contractType": "Tender",
            "submissionTerms": [
                {
                    "allowPreferentialBidder": "No",
                    "allowMultiCurrencyFee": "No",
                    "allowMultiCurrencyBQQ": "No",
                    "bidValidityPeriod": [
                        {
                            "durationInDays": 180
                        }
                    ]
                }
            ],
            "procuringEntity": [
                {
                    "name": "Director PNRD BTC Kokrajhar",
                    "id": "directorpnrdbtckokrajhar"
                }
            ],
            "items": [
                {
                    "id": "01",
                    "classification": [
                        {
                            "description": "Civil Works"
                        }
                    ],
                    "additionalClassifications": [
                        {
                            "description": "Work Item Details > Subcategory"
                        }
                    ],
                    "deliveryAddresses": [
                        {
                            "postalCode": "781315.0",
                            "streetAddress": "Baksa"
                        }
                    ]
                }
            ],
            "value": [
                {
                    "amount": 2478112.0,
                    "currency": "INR"
                }
            ],
            "procurementMethod": "Open Tender",
            "mainProcurementCategory": "Item Rate",
            "tenderPeriod": [
                {
                    "startDate": "2023-03-10 10:30",
                    "endDate": "2023-25-10 14:30",
                    "durationInDays": 22
                }
            ],
            "enquiryPeriod": [
                {
                    "startDate": "2023-03-10 10:30",
                    "endDate": "2023-25-10 14:00",
                    "durationInDays": 22
                }
            ],
            "contractPeriod": [
                {
                    "durationInDays": 90
                }
            ],
            "communication": [
                {
                    "id": 1,
                    "documentAvailabilityPeriod": [
                        {
                            "startDate": "2023-03-10 10:30",
                            "endDate": "2023-25-10 14:30"
                        }
                    ]
                }
            ],
            "bidOpening": [
                {
                    "date": "2023-26-10 14:30",
                    "address": [
                        {
                            "streetAddress": "Director PNRD BTC Kokrajhar"
                        }
                    ]
                }
            ],
            "participationFees": [
                {
                    "id": "01",
                    "value": [
                        {
                            "amount": 500.0,
                            "currency": "INR"
                        }
                    ],
                    "description": "Nil"
                }
            ],
            "numberOfTenderers": 5,
            "milestones": [
                {
                    "id": "1",
                    "title": "Published Date",
                    "type": "Pre-procurement milestones",
                    "dueDate": "2023-03-10 10:30"
                },
                {
                    "id": "2",
                    "title": "Document Download / Sale Start Date",
                    "type": "Pre-procurement milestones",
                    "dueDate": "2023-03-10 10:30"
                },
                {
                    "id": "3",
                    "title": "Clarification Start Date",
                    "type": "Pre-procurement milestones",
                    "dueDate": "2023-03-10 10:30"
                },
                {
                    "id": "4",
                    "title": "Bid Submission Start Date",
                    "type": "Pre-procurement milestones",
                    "dueDate": "2023-03-10 10:30"
                },
                {
                    "id": "5",
                    "title": "Bid Opening Date",
                    "type": "Pre-procurement milestones",
                    "dueDate": "2023-26-10 14:30"
                },
                {
                    "id": "6",
                    "title": "Document Download / Sale End Date",
                    "type": "Pre-procurement milestones",
                    "dueDate": "2023-25-10 14:30"
                },
                {
                    "id": "7",
                    "title": "Clarification End Date",
                    "type": "Pre-procurement milestones",
                    "dueDate": "2023-25-10 14:00"
                },
                {
                    "id": "8",
                    "title": "Bid Submission End Date",
                    "type": "Pre-procurement milestones",
                    "dueDate": "2023-25-10 14:30"
                },
                {
                    "id": "9",
                    "title": "Financial Bid Opening Date",
                    "type": "Pre-procurement milestones",
                    "dueDate": "2023-28-11 11:35"
                }
            ],
            "fiscalYear": "2023-2024"
        }
    ],
    "bids": [
        {
            "id": 1,
            "details": [
                {
                    "id": "205592.0",
                    "date": "2023-25-10 14:13",
                    "status": "Rejected-AOC",
                    "tenderers": [
                        {
                            "id": "krishnadas",
                            "name": "KRISHNA DAS"
                        }
                    ]
                },
                {
                    "id": "205596.0",
                    "date": "2023-25-10 14:24",
                    "status": "Not Admitted-Fee/PreQual/Technical",
                    "tenderers": [
                        {
                            "id": "tarunsaha",
                            "name": "Tarun Saha"
                        }
                    ]
                },
                {
                    "id": "205589.0",
                    "date": "2023-25-10 14:20",
                    "status": "Accepted-AOC",
                    "tenderers": [
                        {
                            "id": "naruttambiswas",
                            "name": "NARUTTAM BISWAS"
                        }
                    ]
                }
            ]
        }
    ],
    "statistics": [
        {
            "id": "1",
            "value": 2500000.0,
            "currency": "INR",
            "measure": "contractValue"
        }
    ],
    "awards": [
        {
            "id": 1,
            "description": "Const of Road with CC Block from Simlaguri Guagacha PWD road to S Saha house at village at Jakhlirpar Approx 320 mtrs. under 15th FC Fund for the financial year 2022-23.",
            "value": [
                {
                    "amount": 2500000.0,
                    "currency": "INR"
                }
            ],
            "suppliers": [
                {
                    "id": "naruttambiswas",
                    "name": "NARUTTAM BISWAS"
                }
            ],
            "contractPeriod": [
                {
                    "startDate": "2024-02-01",
                    "durationInDays": 90
                }
            ]
        },
        {
            "id": 2,
            "value": [
                {
                    "amount": "247811208",
                    "currency": "INR"
                }
            ]
        }
    ]
}