{
    "ocid": "ocds-f5kvwu-2023_APHC_32285_1",
    "id": "1",
    "date": "2024-11-27",
    "tag": [
        "tender"
    ],
    "initiationType": "tender",
    "parties": [
        {
            "id": "assampolicehousingcorporationltd",
            "name": "Assam Police Housing Corporation Ltd",
            "roles": [
                "buyer"
            ]
        },
        {
            "id": "creativeconsultantandbuilders",
            "name": "CREATIVE CONSULTANT AND BUILDERS",
            "roles": [
                "tenderer"
            ]
        },
        {
            "id": "ganeshdaimary",
            "name": "Ganesh Daimary",
            "roles": [
                "tenderer"
            ]
        },
        {
            "id": "msashirvadassociates",
            "name": "M/s. Ashirvad Associates",
            "roles": [
                "tenderer",
                "supplier"
            ]
        },
        {
            "id": "msmechfabengineeringindustriespvtltd",
            "name": "M/s Mechfab Engineering Industries Pvt.Ltd",
            "roles": [
                "tenderer"
            ]
        },
        {
            "id": "nandandas",
            "name": "NANDAN DAS",
            "roles": [
                "tenderer"
            ]
        },
        {
            "id": "chiefengineer",
            "name": "Chief Engineer",
            "address": [
                {
                    "streetAddress": "Assam Police Housing Corporation Ltd Rehabari Guwahati 8"
                }
            ],
            "roles": [
                "procuringEntity"
            ]
        }
    ],
    "buyer": [
        {
            "name": "Assam Police Housing Corporation Ltd",
            "id": "assampolicehousingcorporationltd"
        }
    ],
    "tender": [
        {
            "id": "2023_APHC_32285_1",
            "identifiers": [
                {
                    "id": "APHC/CS/17/2023-24_CacharSA",
                    "scheme": "external"
                }
            ],
            "title": "Construction of RCC S 4 L/S qtr 16 unit/bldg - Civil, Sanitary and water supply, Site development etc at Cachar PR. under the scheme for Special Assistance to the States for Capital Investment 23 - 24 on EPC Mode.",
            "description": "Construction of RCC S 4 L/S qtr 16 unit/bldg - Civil, Sanitary and water supply, Site development etc at Cachar PR. under the scheme for Special Assistance to the States for Capital Investment 23 - 24 on EPC Mode.",
            "datePublished": "2023-30-08 14:00",
            "contractType": "Tender",
            "submissionTerms": [
                {
                    "allowPreferentialBidder": "No",
                    "allowMultiCurrencyFee": "No",
                    "allowMultiCurrencyBQQ": "No",
                    "bidValidityPeriod": [
                        {
                            "durationInDays": 180
                        }
                    ]
                }
            ],
            "procuringEntity": [
                {
                    "name": "Chief Engineer",
                    "id": "chiefengineer"
                }
            ],
            "items": [
                {
                    "id": "01",
                    "classification": [
                        {
                            "description": "Civil Works - Building"
                        }
                    ],
                    "additionalClassifications": [
                        {
                            "description": "Work Item Details > Subcategory"
                        }
                    ],
                    "deliveryAddresses": [
                        {
                            "postalCode": "788001.0",
                            "streetAddress": "Cachar Police Reserve in Cachar Dist."
                        }
                    ]
                }
            ],
            "value": [
                {
                    "amount": 70202550.0,
                    "currency": "INR"
                }
            ],
            "procurementMethod": "Open Tender",
            "mainProcurementCategory": "Item Rate",
            "tenderPeriod": [
                {
                    "startDate": "2023-30-08 14:00",
                    "endDate": "2023-09-10 14:00",
                    "durationInDays": 40
                }
            ],
            "contractPeriod": [
                {
                    "durationInDays": 540
                }
            ],
            "communication": [
                {
                    "id": 1,
                    "documentAvailabilityPeriod": [
                        {
                            "startDate": "2023-30-08 14:00",
                            "endDate": "2023-09-10 14:00"
                        }
                    ]
                }
            ],
            "bidOpening": [
                {
                    "date": "2023-10-10 12:30",
                    "address": [
                        {
                            "streetAddress": "Assam Police Housing Corporation Ltd."
                        }
                    ]
                }
            ],
            "participationFees": [
                {
                    "id": "01",
                    "value": [
                        {
                            "amount": 14041.0,
                            "currency": "INR"
                        }
                    ],
                    "description": "Nil"
                }
            ],
            "numberOfTenderers": 9,
            "milestones": [
                {
                    "id": "1",
                    "title": "Published Date",
                    "type": "Pre-procurement milestones",
                    "dueDate": "2023-30-08 14:00"
                },
                {
                    "id": "2",
                    "title": "Document Download / Sale Start Date",
                    "type": "Pre-procurement milestones",
                    "dueDate": "2023-30-08 14:00"
                },
                {
                    "id": "3",
                    "title": "Bid Submission Start Date",
                    "type": "Pre-procurement milestones",
                    "dueDate": "2023-30-08 14:00"
                },
                {
                    "id": "4",
                    "title": "Bid Opening Date",
                    "type": "Pre-procurement milestones",
                    "dueDate": "2023-10-10 12:30"
                },
                {
                    "id": "5",
                    "title": "Document Download / Sale End Date",
                    "type": "Pre-procurement milestones",
                    "dueDate": "2023-09-10 14:00"
                },
                {
                    "id": "6",
                    "title": "Bid Submission End Date",
                    "type": "Pre-procurement milestones",
                    "dueDate": "2023-09-10 14:00"
                },
                {
                    "id": "7",
                    "title": "Financial Bid Opening Date",
                    "type": "Pre-procurement milestones",
                    "dueDate": "2023-11-12 11:30"
                }
            ],
            "fiscalYear": "2023-2024"
        }
    ],
    "bids": [
        {
            "id": 1,
            "details": [
                {
                    "id": "202507.0",
                    "date": "2023-09-10 12:32",
                    "status": "Rejected-Technical",
                    "tenderers": [
                        {
                            "id": "creativeconsultantandbuilders",
                            "name": "CREATIVE CONSULTANT AND BUILDERS"
                        }
                    ]
                },
                {
                    "id": "202400.0",
                    "date": "2023-09-10 12:55",
                    "status": "Rejected-Technical",
                    "tenderers": [
                        {
                            "id": "ganeshdaimary",
                            "name": "Ganesh Daimary"
                        }
                    ]
                },
                {
                    "id": "203159.0",
                    "date": "2023-09-10 11:25",
                    "status": "Rejected-AOC",
                    "tenderers": [
                        {
                            "id": "msmechfabengineeringindustriespvtltd",
                            "name": "M/s Mechfab Engineering Industries Pvt.Ltd"
                        }
                    ]
                },
                {
                    "id": "202427.0",
                    "date": "2023-29-09 12:53",
                    "status": "Not Admitted-Fee/PreQual/Technical",
                    "tenderers": [
                        {
                            "id": "nandandas",
                            "name": "NANDAN DAS"
                        }
                    ]
                },
                {
                    "id": "203124.0",
                    "date": "2023-08-10 18:22",
                    "status": "Accepted-AOC",
                    "tenderers": [
                        {
                            "id": "msashirvadassociates",
                            "name": "M/s. Ashirvad Associates"
                        }
                    ]
                }
            ]
        }
    ],
    "statistics": [
        {
            "id": "1",
            "value": 76165460.0,
            "currency": "INR",
            "measure": "contractValue"
        }
    ],
    "awards": [
        {
            "id": 1,
            "description": "Formal Work Order",
            "value": [
                {
                    "amount": 76165460.0,
                    "currency": "INR"
                }
            ],
            "suppliers": [
                {
                    "id": "msashirvadassociates",
                    "name": "M/s. Ashirvad Associates"
                }
            ],
            "contractPeriod": [
                {
                    "startDate": "2024-13-02",
                    "durationInDays": 540
                }
            ]
        },
        {
            "id": 2,
            "value": [
                {
                    "amount": "76165460",
                    "currency": "INR"
                }
            ]
        }
    ]
}