{
    "ocid": "ocds-f5kvwu-2023_BTC_33621_1",
    "id": "1",
    "date": "2024-11-27",
    "tag": [
        "tender"
    ],
    "initiationType": "tender",
    "parties": [
        {
            "id": "bodolandterritorialcouncilpwd",
            "name": "Bodoland Territorial Council-PWD",
            "roles": [
                "buyer"
            ]
        },
        {
            "id": "lebendranarzary",
            "name": "Lebendra Narzary",
            "roles": [
                "tenderer",
                "supplier"
            ]
        },
        {
            "id": "marjitbasumatary",
            "name": "Marjit Basumatary",
            "roles": [
                "tenderer"
            ]
        },
        {
            "id": "sripadmanandachoudhury",
            "name": "Sri Padmananda Choudhury",
            "address": [
                {
                    "streetAddress": "O/o the Addl. Chief Engineer-cum-Director, PWD, BTC, Kokrajhar."
                }
            ],
            "roles": [
                "procuringEntity"
            ]
        }
    ],
    "buyer": [
        {
            "name": "Bodoland Territorial Council-PWD",
            "id": "bodolandterritorialcouncilpwd"
        }
    ],
    "tender": [
        {
            "id": "2023_BTC_33621_1",
            "identifiers": [
                {
                    "id": "150/PWD/NIT/Goodwill/23-24/03",
                    "scheme": "external"
                }
            ],
            "title": "Construction of Gossaigaon 6th Km to Matiapara No.2 via Pechadabri Road from Ch 0.00 Km to Ch 3.20 Km Length 3.20 KM under CMs Goodwill Project for the year 2023-24 of District- Kokrajhar 28 Gossaigaon LAC. TN_26_11",
            "description": "Construction of Gossaigaon 6th Km to Matiapara No.2 via Pechadabri Road from Ch 0.00 Km to Ch 3.20 Km Length 3.20 KM under CMs Goodwill Project for the year 2023-24 of District- Kokrajhar 28 Gossaigaon LAC. TN_26_11",
            "datePublished": "2023-09-11 10:30",
            "contractType": "Tender",
            "submissionTerms": [
                {
                    "allowPreferentialBidder": "No",
                    "allowMultiCurrencyFee": "No",
                    "allowMultiCurrencyBQQ": "No",
                    "bidValidityPeriod": [
                        {
                            "durationInDays": 180
                        }
                    ]
                }
            ],
            "procuringEntity": [
                {
                    "name": "Sri Padmananda Choudhury",
                    "id": "sripadmanandachoudhury"
                }
            ],
            "items": [
                {
                    "id": "01",
                    "classification": [
                        {
                            "description": "Civil Works \u2013 Roads"
                        }
                    ],
                    "additionalClassifications": [
                        {
                            "description": "Work Item Details > Subcategory"
                        }
                    ],
                    "deliveryAddresses": [
                        {
                            "postalCode": "783370.0",
                            "streetAddress": "Kokrajhar"
                        }
                    ]
                }
            ],
            "value": [
                {
                    "amount": 24852853.0,
                    "currency": "INR"
                }
            ],
            "procurementMethod": "Open Tender",
            "mainProcurementCategory": "Item Rate",
            "tenderPeriod": [
                {
                    "startDate": "2023-09-11 10:30",
                    "endDate": "2023-29-11 14:00",
                    "durationInDays": 20
                }
            ],
            "enquiryPeriod": [
                {
                    "startDate": "2023-09-11 10:30",
                    "endDate": "2023-29-11 14:00",
                    "durationInDays": 20
                }
            ],
            "contractPeriod": [
                {
                    "durationInDays": 365
                }
            ],
            "communication": [
                {
                    "id": 1,
                    "documentAvailabilityPeriod": [
                        {
                            "startDate": "2023-09-11 10:30",
                            "endDate": "2023-29-11 14:00"
                        }
                    ]
                }
            ],
            "bidOpening": [
                {
                    "date": "2023-30-11 12:00",
                    "address": [
                        {
                            "streetAddress": "Kokrajhar"
                        }
                    ]
                }
            ],
            "participationFees": [
                {
                    "id": "01",
                    "value": [
                        {
                            "amount": 5000.0,
                            "currency": "INR"
                        }
                    ],
                    "description": "Nil"
                }
            ],
            "numberOfTenderers": 5,
            "milestones": [
                {
                    "id": "1",
                    "title": "Published Date",
                    "type": "Pre-procurement milestones",
                    "dueDate": "2023-09-11 10:30"
                },
                {
                    "id": "2",
                    "title": "Document Download / Sale Start Date",
                    "type": "Pre-procurement milestones",
                    "dueDate": "2023-09-11 10:30"
                },
                {
                    "id": "3",
                    "title": "Clarification Start Date",
                    "type": "Pre-procurement milestones",
                    "dueDate": "2023-09-11 10:30"
                },
                {
                    "id": "4",
                    "title": "Bid Submission Start Date",
                    "type": "Pre-procurement milestones",
                    "dueDate": "2023-09-11 12:00"
                },
                {
                    "id": "5",
                    "title": "Bid Opening Date",
                    "type": "Pre-procurement milestones",
                    "dueDate": "2023-30-11 12:00"
                },
                {
                    "id": "6",
                    "title": "Document Download / Sale End Date",
                    "type": "Pre-procurement milestones",
                    "dueDate": "2023-29-11 14:00"
                },
                {
                    "id": "7",
                    "title": "Clarification End Date",
                    "type": "Pre-procurement milestones",
                    "dueDate": "2023-29-11 14:00"
                },
                {
                    "id": "8",
                    "title": "Bid Submission End Date",
                    "type": "Pre-procurement milestones",
                    "dueDate": "2023-29-11 14:00"
                },
                {
                    "id": "9",
                    "title": "Financial Bid Opening Date",
                    "type": "Pre-procurement milestones",
                    "dueDate": "2023-22-12 11:00"
                }
            ],
            "fiscalYear": "2023-2024"
        }
    ],
    "bids": [
        {
            "id": 1,
            "details": [
                {
                    "id": "212087.0",
                    "date": "2023-25-11 14:32",
                    "status": "Rejected-AOC",
                    "tenderers": [
                        {
                            "id": "marjitbasumatary",
                            "name": "Marjit Basumatary"
                        }
                    ]
                },
                {
                    "id": "212304.0",
                    "date": "2023-25-11 12:20",
                    "status": "Accepted-AOC",
                    "tenderers": [
                        {
                            "id": "lebendranarzary",
                            "name": "Lebendra Narzary"
                        }
                    ]
                }
            ]
        }
    ],
    "statistics": [
        {
            "id": "1",
            "value": 24851933.0,
            "currency": "INR",
            "measure": "contractValue"
        }
    ],
    "awards": [
        {
            "id": 1,
            "description": "L1",
            "value": [
                {
                    "amount": 24851933.0,
                    "currency": "INR"
                }
            ],
            "suppliers": [
                {
                    "id": "lebendranarzary",
                    "name": "Lebendra Narzary"
                }
            ],
            "contractPeriod": [
                {
                    "startDate": "2024-13-02",
                    "durationInDays": 365
                }
            ]
        },
        {
            "id": 2,
            "value": [
                {
                    "amount": "24851933",
                    "currency": "INR"
                }
            ]
        }
    ]
}