{
    "ocid": "ocds-f5kvwu-2023_AEGEF_34617_1",
    "id": "1",
    "date": "2024-11-27",
    "tag": [
        "tender"
    ],
    "initiationType": "tender",
    "parties": [
        {
            "id": "assamelectricitygridcorporationltdexternallyfundedprojects",
            "name": "Assam Electricity Grid Corporation Ltd. - Externally Funded Projects",
            "roles": [
                "buyer"
            ]
        },
        {
            "id": "brcteskonjv",
            "name": "BRC-TESKON JV",
            "roles": [
                "tenderer"
            ]
        },
        {
            "id": "shyamapowerindialimited",
            "name": "Shyama Power India Limited",
            "roles": [
                "tenderer",
                "supplier"
            ]
        },
        {
            "id": "cgmppnd",
            "name": "CGMPPnD",
            "address": [
                {
                    "streetAddress": "O/OTHE MD AEGCL BIJULEE BHAWAN PALTAN BAZAR GUWAHATI 01"
                }
            ],
            "roles": [
                "procuringEntity"
            ]
        }
    ],
    "buyer": [
        {
            "name": "Assam Electricity Grid Corporation Ltd. - Externally Funded Projects",
            "id": "assamelectricitygridcorporationltdexternallyfundedprojects"
        }
    ],
    "tender": [
        {
            "id": "2023_AEGEF_34617_1",
            "identifiers": [
                {
                    "id": "AEGCL/MD/AIIB/PACKAGE-G(R)",
                    "scheme": "external"
                }
            ],
            "title": "Construction of 400kV GIS at Rangia (Kumarikata) along with the associated Transmission Lines with bay extension",
            "description": "AEGCL/MD/AIIB/PACKAGE-G(R)/2023",
            "datePublished": "2023-12-12 09:00",
            "contractType": "Tender",
            "submissionTerms": [
                {
                    "allowPreferentialBidder": "No",
                    "allowMultiCurrencyFee": "No",
                    "allowMultiCurrencyBQQ": "Yes",
                    "bidValidityPeriod": [
                        {
                            "durationInDays": 180
                        }
                    ]
                }
            ],
            "procuringEntity": [
                {
                    "name": "CGMPPnD",
                    "id": "cgmppnd"
                }
            ],
            "items": [
                {
                    "id": "01",
                    "classification": [
                        {
                            "description": "Power/Energy Projects/Products"
                        }
                    ],
                    "additionalClassifications": [
                        {
                            "description": "Work Item Details > Subcategory"
                        }
                    ],
                    "deliveryAddresses": [
                        {
                            "postalCode": "781367.0",
                            "streetAddress": "TAMULPUR"
                        }
                    ]
                }
            ],
            "procurementMethod": "Open Tender",
            "mainProcurementCategory": "Turn-key",
            "tenderPeriod": [
                {
                    "startDate": "2023-12-12 09:00",
                    "endDate": "2024-16-01 13:00",
                    "durationInDays": 35
                }
            ],
            "enquiryPeriod": [
                {
                    "startDate": "2023-12-12 11:00",
                    "endDate": "2023-20-12 17:00",
                    "durationInDays": 8
                }
            ],
            "contractPeriod": [
                {
                    "durationInDays": 8760
                }
            ],
            "communication": [
                {
                    "id": 1,
                    "documentAvailabilityPeriod": [
                        {
                            "startDate": "2023-12-12 09:00",
                            "endDate": "2024-16-01 13:00"
                        }
                    ]
                }
            ],
            "bidOpening": [
                {
                    "date": "2024-17-01 15:00",
                    "address": [
                        {
                            "streetAddress": "O/O THE MD,AEGCL"
                        }
                    ]
                }
            ],
            "participationFees": [
                {
                    "id": "01",
                    "value": [
                        {
                            "amount": 50000.0,
                            "currency": "INR"
                        }
                    ],
                    "description": "Nil"
                }
            ],
            "numberOfTenderers": 3,
            "milestones": [
                {
                    "id": "1",
                    "title": "Published Date",
                    "type": "Pre-procurement milestones",
                    "dueDate": "2023-12-12 09:00"
                },
                {
                    "id": "2",
                    "title": "Document Download / Sale Start Date",
                    "type": "Pre-procurement milestones",
                    "dueDate": "2023-12-12 09:00"
                },
                {
                    "id": "3",
                    "title": "Clarification Start Date",
                    "type": "Pre-procurement milestones",
                    "dueDate": "2023-12-12 11:00"
                },
                {
                    "id": "4",
                    "title": "Bid Submission Start Date",
                    "type": "Pre-procurement milestones",
                    "dueDate": "2023-27-12 17:00"
                },
                {
                    "id": "5",
                    "title": "Bid Opening Date",
                    "type": "Pre-procurement milestones",
                    "dueDate": "2024-17-01 15:00"
                },
                {
                    "id": "6",
                    "title": "Document Download / Sale End Date",
                    "type": "Pre-procurement milestones",
                    "dueDate": "2024-16-01 13:00"
                },
                {
                    "id": "7",
                    "title": "Clarification End Date",
                    "type": "Pre-procurement milestones",
                    "dueDate": "2023-20-12 17:00"
                },
                {
                    "id": "8",
                    "title": "Bid Submission End Date",
                    "type": "Pre-procurement milestones",
                    "dueDate": "2024-16-01 13:00"
                },
                {
                    "id": "9",
                    "title": "Financial Bid Opening Date",
                    "type": "Pre-procurement milestones",
                    "dueDate": "2024-17-02 12:00"
                }
            ],
            "fiscalYear": "2023-2024"
        }
    ],
    "bids": [
        {
            "id": 1,
            "details": [
                {
                    "id": "220820.0",
                    "date": "2024-16-01 12:45",
                    "status": "Rejected-Technical",
                    "tenderers": [
                        {
                            "id": "brcteskonjv",
                            "name": "BRC-TESKON JV"
                        }
                    ]
                },
                {
                    "id": "219921.0",
                    "date": "2024-16-01 12:02",
                    "status": "Accepted-AOC",
                    "tenderers": [
                        {
                            "id": "shyamapowerindialimited",
                            "name": "Shyama Power India Limited"
                        }
                    ]
                }
            ]
        }
    ],
    "statistics": [
        {
            "id": "1",
            "value": 8456537533.0,
            "currency": "INR",
            "measure": "contractValue"
        }
    ],
    "awards": [
        {
            "id": 1,
            "value": [
                {
                    "amount": 8456537533.0,
                    "currency": "INR"
                }
            ],
            "suppliers": [
                {
                    "id": "shyamapowerindialimited",
                    "name": "Shyama Power India Limited"
                }
            ],
            "contractPeriod": [
                {
                    "startDate": "2024-13-05",
                    "durationInDays": 730
                }
            ]
        },
        {
            "id": 2,
            "value": [
                {
                    "amount": "8456537533",
                    "currency": "INR"
                }
            ]
        }
    ]
}