{
    "ocid": "ocds-f5kvwu-2023_APGCL_31939_1",
    "id": "1",
    "date": "2024-11-27",
    "tag": [
        "tender"
    ],
    "initiationType": "tender",
    "parties": [
        {
            "id": "assampowergenerationcompanylimited",
            "name": "Assam Power Generation Company Limited",
            "roles": [
                "buyer"
            ]
        },
        {
            "id": "kuldeepbora",
            "name": "KULDEEP BORA",
            "roles": [
                "tenderer"
            ]
        },
        {
            "id": "ostslopeprotectionengineeringindiapvtltd",
            "name": "OST SLOPE PROTECTION ENGINEERING INDIA PVT LTD",
            "roles": [
                "tenderer",
                "supplier"
            ]
        },
        {
            "id": "sbsconstructions",
            "name": "SBS CONSTRUCTIONS",
            "roles": [
                "tenderer"
            ]
        },
        {
            "id": "triarrowinfrallp",
            "name": "TRI ARROW INFRA LLP",
            "roles": [
                "tenderer"
            ]
        },
        {
            "id": "cgmhandc",
            "name": "CGM H and C",
            "address": [
                {
                    "streetAddress": "Office of CGM H and C Bijulee Bhawan 3rd floor Guwahati 01"
                }
            ],
            "roles": [
                "procuringEntity"
            ]
        }
    ],
    "buyer": [
        {
            "name": "Assam Power Generation Company Limited",
            "id": "assampowergenerationcompanylimited"
        }
    ],
    "tender": [
        {
            "id": "2023_APGCL_31939_1",
            "identifiers": [
                {
                    "id": "KLHEP DISASTER MANAGEMENT 16 32",
                    "scheme": "external"
                }
            ],
            "title": "Slope protection at left bank KLHEP",
            "description": "Preventive measures for slope protection at left bank above the dam deck of Hatidubi Dam KLHEP",
            "datePublished": "2023-05-08 09:00",
            "contractType": "Tender",
            "submissionTerms": [
                {
                    "allowPreferentialBidder": "No",
                    "allowMultiCurrencyFee": "No",
                    "allowMultiCurrencyBQQ": "No",
                    "bidValidityPeriod": [
                        {
                            "durationInDays": 180
                        }
                    ]
                }
            ],
            "procuringEntity": [
                {
                    "name": "CGM H and C",
                    "id": "cgmhandc"
                }
            ],
            "items": [
                {
                    "id": "01",
                    "classification": [
                        {
                            "description": "Repair and Maintenance Services"
                        }
                    ],
                    "additionalClassifications": [
                        {
                            "description": "Work Item Details > Subcategory"
                        }
                    ],
                    "deliveryAddresses": [
                        {
                            "postalCode": "782450.0",
                            "streetAddress": "Amtereng West Karbi Anglong"
                        }
                    ]
                }
            ],
            "value": [
                {
                    "amount": 13367040.0,
                    "currency": "INR"
                }
            ],
            "procurementMethod": "Open Tender",
            "mainProcurementCategory": "Tender cum Auction",
            "tenderPeriod": [
                {
                    "startDate": "2023-05-08 09:00",
                    "endDate": "2023-31-08 11:00",
                    "durationInDays": 26
                }
            ],
            "contractPeriod": [
                {
                    "durationInDays": 90
                }
            ],
            "communication": [
                {
                    "id": 1,
                    "documentAvailabilityPeriod": [
                        {
                            "startDate": "2023-05-08 09:00",
                            "endDate": "2023-31-08 11:00"
                        }
                    ]
                }
            ],
            "bidOpening": [
                {
                    "date": "2023-31-08 15:00",
                    "address": [
                        {
                            "streetAddress": "3rd floor Bijulee Bhawan"
                        }
                    ]
                }
            ],
            "participationFees": [
                {
                    "id": "01",
                    "value": [
                        {
                            "amount": 2000.0,
                            "currency": "INR"
                        }
                    ],
                    "description": "Nil"
                }
            ],
            "numberOfTenderers": 5,
            "milestones": [
                {
                    "id": "1",
                    "title": "Published Date",
                    "type": "Pre-procurement milestones",
                    "dueDate": "2023-05-08 09:00"
                },
                {
                    "id": "2",
                    "title": "Document Download / Sale Start Date",
                    "type": "Pre-procurement milestones",
                    "dueDate": "2023-05-08 09:00"
                },
                {
                    "id": "3",
                    "title": "Bid Submission Start Date",
                    "type": "Pre-procurement milestones",
                    "dueDate": "2023-05-08 09:00"
                },
                {
                    "id": "4",
                    "title": "Bid Opening Date",
                    "type": "Pre-procurement milestones",
                    "dueDate": "2023-31-08 15:00"
                },
                {
                    "id": "5",
                    "title": "Document Download / Sale End Date",
                    "type": "Pre-procurement milestones",
                    "dueDate": "2023-31-08 11:00"
                },
                {
                    "id": "6",
                    "title": "Bid Submission End Date",
                    "type": "Pre-procurement milestones",
                    "dueDate": "2023-31-08 11:00"
                },
                {
                    "id": "7",
                    "title": "Financial Bid Opening Date",
                    "type": "Pre-procurement milestones",
                    "dueDate": "2023-19-10 12:30"
                }
            ],
            "fiscalYear": "2023-2024"
        }
    ],
    "bids": [
        {
            "id": 1,
            "details": [
                {
                    "id": "197457.0",
                    "date": "2023-30-08 19:17",
                    "status": "Rejected-Technical",
                    "tenderers": [
                        {
                            "id": "kuldeepbora",
                            "name": "KULDEEP BORA"
                        }
                    ]
                },
                {
                    "id": "197473.0",
                    "date": "2023-30-08 21:57",
                    "status": "Rejected-Technical",
                    "tenderers": [
                        {
                            "id": "sbsconstructions",
                            "name": "SBS CONSTRUCTIONS"
                        }
                    ]
                },
                {
                    "id": "197359.0",
                    "date": "2023-30-08 12:05",
                    "status": "Rejected-AOC",
                    "tenderers": [
                        {
                            "id": "triarrowinfrallp",
                            "name": "TRI ARROW INFRA LLP"
                        }
                    ]
                },
                {
                    "id": "196260.0",
                    "date": "2023-30-08 22:24",
                    "status": "Accepted-AOC",
                    "tenderers": [
                        {
                            "id": "ostslopeprotectionengineeringindiapvtltd",
                            "name": "OST SLOPE PROTECTION ENGINEERING INDIA PVT LTD"
                        }
                    ]
                }
            ]
        }
    ],
    "statistics": [
        {
            "id": "1",
            "value": 9295080.0,
            "currency": "INR",
            "measure": "contractValue"
        }
    ],
    "awards": [
        {
            "id": 1,
            "value": [
                {
                    "amount": 9295080.0,
                    "currency": "INR"
                }
            ],
            "suppliers": [
                {
                    "id": "ostslopeprotectionengineeringindiapvtltd",
                    "name": "OST SLOPE PROTECTION ENGINEERING INDIA PVT LTD"
                }
            ],
            "contractPeriod": [
                {
                    "startDate": "2024-06-03",
                    "durationInDays": 90
                }
            ]
        },
        {
            "id": 2,
            "value": [
                {
                    "amount": "9295080",
                    "currency": "INR"
                }
            ]
        }
    ]
}