{
    "ocid": "ocds-f5kvwu-2023_BTC_33631_1",
    "id": "1",
    "date": "2024-11-27",
    "tag": [
        "tender"
    ],
    "initiationType": "tender",
    "parties": [
        {
            "id": "bodolandterritorialcouncilpwd",
            "name": "Bodoland Territorial Council-PWD",
            "roles": [
                "buyer"
            ]
        },
        {
            "id": "didwmboro",
            "name": "DIDWM BORO",
            "roles": [
                "tenderer",
                "supplier"
            ]
        },
        {
            "id": "karanboro",
            "name": "Karan Boro",
            "roles": [
                "tenderer"
            ]
        },
        {
            "id": "pradipnarzary",
            "name": "Pradip Narzary",
            "roles": [
                "tenderer"
            ]
        },
        {
            "id": "theaddlchiefengineercumdirectorpwdbtc",
            "name": "The Addl Chief Engineer cum Director, PWD, BTC",
            "address": [
                {
                    "streetAddress": "O/o The Addl Chief Engineer cum Director, PWD, BTC"
                }
            ],
            "roles": [
                "procuringEntity"
            ]
        }
    ],
    "buyer": [
        {
            "name": "Bodoland Territorial Council-PWD",
            "id": "bodolandterritorialcouncilpwd"
        }
    ],
    "tender": [
        {
            "id": "2023_BTC_33631_1",
            "identifiers": [
                {
                    "id": "ACE-150/PWD/NIT/Goodwill/23-24",
                    "scheme": "external"
                }
            ],
            "title": "Construction of road from Amaniapara Tarunram L.P. School to Dolbari Goibari via Gobradoliyapara Suba, Bangalipara Brahma Mandir From Ch. 0.00 m to Ch. 3500 m under CMs Goodwill Mission Project for the year 2023-24. TN_26_48",
            "description": "Construction of road from Amaniapara Tarunram L.P. School to Dolbari Goibari via Gobradoliyapara Suba, Bangalipara Brahma Mandir From Ch. 0.00 m to Ch. 3500 m under CMs Goodwill Mission Project for the year 2023-24. TN_26_48",
            "datePublished": "2023-08-11 10:00",
            "contractType": "Tender",
            "submissionTerms": [
                {
                    "allowPreferentialBidder": "No",
                    "allowMultiCurrencyFee": "No",
                    "allowMultiCurrencyBQQ": "No",
                    "bidValidityPeriod": [
                        {
                            "durationInDays": 180
                        }
                    ]
                }
            ],
            "procuringEntity": [
                {
                    "name": "The Addl Chief Engineer cum Director, PWD, BTC",
                    "id": "theaddlchiefengineercumdirectorpwdbtc"
                }
            ],
            "items": [
                {
                    "id": "01",
                    "classification": [
                        {
                            "description": "Civil Works \u2013 Roads"
                        }
                    ],
                    "additionalClassifications": [
                        {
                            "description": "Work Item Details > Subcategory"
                        }
                    ],
                    "deliveryAddresses": [
                        {
                            "postalCode": "781327.0",
                            "streetAddress": "Baksa"
                        }
                    ]
                }
            ],
            "value": [
                {
                    "amount": 27041578.0,
                    "currency": "INR"
                }
            ],
            "procurementMethod": "Open Tender",
            "mainProcurementCategory": "Works",
            "tenderPeriod": [
                {
                    "startDate": "2023-08-11 10:00",
                    "endDate": "2023-01-12 13:30",
                    "durationInDays": 23
                }
            ],
            "enquiryPeriod": [
                {
                    "startDate": "2023-08-11 10:00",
                    "endDate": "2023-30-11 12:00",
                    "durationInDays": 22
                }
            ],
            "contractPeriod": [
                {
                    "durationInDays": 365
                }
            ],
            "communication": [
                {
                    "id": 1,
                    "documentAvailabilityPeriod": [
                        {
                            "startDate": "2023-08-11 10:00",
                            "endDate": "2023-01-12 13:30"
                        }
                    ]
                }
            ],
            "bidOpening": [
                {
                    "date": "2023-01-12 14:00",
                    "address": [
                        {
                            "streetAddress": "O/o The Addl Chief Engineer cum Director, PWD, BTC"
                        }
                    ]
                }
            ],
            "participationFees": [
                {
                    "id": "01",
                    "value": [
                        {
                            "amount": 5500.0,
                            "currency": "INR"
                        }
                    ],
                    "description": "Nil"
                }
            ],
            "numberOfTenderers": 5,
            "milestones": [
                {
                    "id": "1",
                    "title": "Published Date",
                    "type": "Pre-procurement milestones",
                    "dueDate": "2023-08-11 10:00"
                },
                {
                    "id": "2",
                    "title": "Document Download / Sale Start Date",
                    "type": "Pre-procurement milestones",
                    "dueDate": "2023-08-11 10:00"
                },
                {
                    "id": "3",
                    "title": "Clarification Start Date",
                    "type": "Pre-procurement milestones",
                    "dueDate": "2023-08-11 10:00"
                },
                {
                    "id": "4",
                    "title": "Bid Submission Start Date",
                    "type": "Pre-procurement milestones",
                    "dueDate": "2023-08-11 10:00"
                },
                {
                    "id": "5",
                    "title": "Bid Opening Date",
                    "type": "Pre-procurement milestones",
                    "dueDate": "2023-01-12 14:00"
                },
                {
                    "id": "6",
                    "title": "Document Download / Sale End Date",
                    "type": "Pre-procurement milestones",
                    "dueDate": "2023-01-12 13:30"
                },
                {
                    "id": "7",
                    "title": "Clarification End Date",
                    "type": "Pre-procurement milestones",
                    "dueDate": "2023-30-11 12:00"
                },
                {
                    "id": "8",
                    "title": "Bid Submission End Date",
                    "type": "Pre-procurement milestones",
                    "dueDate": "2023-01-12 13:30"
                },
                {
                    "id": "9",
                    "title": "Financial Bid Opening Date",
                    "type": "Pre-procurement milestones",
                    "dueDate": "2023-26-12 14:30"
                }
            ],
            "fiscalYear": "2023-2024"
        }
    ],
    "bids": [
        {
            "id": 1,
            "details": [
                {
                    "id": "212063.0",
                    "date": "2023-26-11 23:15",
                    "status": "Rejected-AOC",
                    "tenderers": [
                        {
                            "id": "karanboro",
                            "name": "Karan Boro"
                        }
                    ]
                },
                {
                    "id": "212410.0",
                    "date": "2023-26-11 23:20",
                    "status": "Rejected-Technical",
                    "tenderers": [
                        {
                            "id": "pradipnarzary",
                            "name": "Pradip Narzary"
                        }
                    ]
                },
                {
                    "id": "212072.0",
                    "date": "2023-26-11 22:57",
                    "status": "Accepted-AOC",
                    "tenderers": [
                        {
                            "id": "didwmboro",
                            "name": "DIDWM BORO"
                        }
                    ]
                }
            ]
        }
    ],
    "statistics": [
        {
            "id": "1",
            "value": 27041392.44,
            "currency": "INR",
            "measure": "contractValue"
        }
    ],
    "awards": [
        {
            "id": 1,
            "description": "Work Order",
            "value": [
                {
                    "amount": 27041392.44,
                    "currency": "INR"
                }
            ],
            "suppliers": [
                {
                    "id": "didwmboro",
                    "name": "DIDWM BORO"
                }
            ],
            "contractPeriod": [
                {
                    "startDate": "2024-08-02",
                    "durationInDays": 365
                }
            ]
        },
        {
            "id": 2,
            "value": [
                {
                    "amount": "2704139244",
                    "currency": "INR"
                }
            ]
        }
    ]
}