{
    "ocid": "ocds-f5kvwu-2023_APDCL_32711_1",
    "id": "1",
    "date": "2024-11-27",
    "tag": [
        "tender"
    ],
    "initiationType": "tender",
    "parties": [
        {
            "id": "assampowerdistributioncompanyltd",
            "name": "Assam Power Distribution Company Ltd",
            "roles": [
                "buyer"
            ]
        },
        {
            "id": "msjupitarbhuyan",
            "name": "M/S JUPITAR BHUYAN",
            "roles": [
                "tenderer"
            ]
        },
        {
            "id": "msjyotithakuria",
            "name": "M/s. Jyoti Thakuria",
            "roles": [
                "tenderer",
                "supplier"
            ]
        },
        {
            "id": "cgmdandscar",
            "name": "CGM(DandS),CAR",
            "address": [
                {
                    "streetAddress": "O/o the CGM(D and S),CAR, ,APDCL,Bijulee Bhawan"
                }
            ],
            "roles": [
                "procuringEntity"
            ]
        }
    ],
    "buyer": [
        {
            "name": "Assam Power Distribution Company Ltd",
            "id": "assampowerdistributioncompanyltd"
        }
    ],
    "tender": [
        {
            "id": "2023_APDCL_32711_1",
            "identifiers": [
                {
                    "id": "car/Kanchanjuri tea feeder/T-44/23_24/5",
                    "scheme": "external"
                }
            ],
            "title": "Construction of 11 KV line on covered conductor to separate common areas from tea feeder i.e. Bifurcation of existing 11 KV line and sub-station from 11 KV Kanchanjuri feeder Newly constructed AB Cable line",
            "description": "Construction of 11 KV line on covered conductor to separate common areas from tea feeder i.e. Bifurcation of existing 11 KV line and sub-station from 11 KV Kanchanjuri feeder Newly constructed AB Cable line",
            "datePublished": "2023-30-09 09:00",
            "contractType": "Tender",
            "submissionTerms": [
                {
                    "allowPreferentialBidder": "No",
                    "allowMultiCurrencyFee": "No",
                    "allowMultiCurrencyBQQ": "No",
                    "bidValidityPeriod": [
                        {
                            "durationInDays": 60
                        }
                    ]
                }
            ],
            "procuringEntity": [
                {
                    "name": "CGM(DandS),CAR",
                    "id": "cgmdandscar"
                }
            ],
            "items": [
                {
                    "id": "01",
                    "classification": [
                        {
                            "description": "Electrical Works"
                        }
                    ],
                    "additionalClassifications": [
                        {
                            "description": "Work Item Details > Subcategory"
                        }
                    ],
                    "deliveryAddresses": [
                        {
                            "postalCode": "782001.0",
                            "streetAddress": "Nagaon"
                        }
                    ]
                }
            ],
            "procurementMethod": "Open Tender",
            "mainProcurementCategory": "Turn-key",
            "tenderPeriod": [
                {
                    "startDate": "2023-30-09 09:00",
                    "endDate": "2023-09-10 16:00",
                    "durationInDays": 9
                }
            ],
            "contractPeriod": [
                {
                    "durationInDays": 60
                }
            ],
            "communication": [
                {
                    "id": 1,
                    "documentAvailabilityPeriod": [
                        {
                            "startDate": "2023-30-09 09:00",
                            "endDate": "2023-09-10 16:00"
                        }
                    ]
                }
            ],
            "bidOpening": [
                {
                    "date": "2023-10-10 14:00",
                    "address": [
                        {
                            "streetAddress": "O/o the CGM(D and S),CAR, ,APDCL,Bijulee Bhawan"
                        }
                    ]
                }
            ],
            "participationFees": [
                {
                    "id": "01",
                    "value": [
                        {
                            "amount": 5900.0,
                            "currency": "INR"
                        }
                    ],
                    "description": "Nil"
                }
            ],
            "numberOfTenderers": 3,
            "milestones": [
                {
                    "id": "1",
                    "title": "Published Date",
                    "type": "Pre-procurement milestones",
                    "dueDate": "2023-30-09 09:00"
                },
                {
                    "id": "2",
                    "title": "Document Download / Sale Start Date",
                    "type": "Pre-procurement milestones",
                    "dueDate": "2023-30-09 09:00"
                },
                {
                    "id": "3",
                    "title": "Bid Submission Start Date",
                    "type": "Pre-procurement milestones",
                    "dueDate": "2023-04-10 09:00"
                },
                {
                    "id": "4",
                    "title": "Bid Opening Date",
                    "type": "Pre-procurement milestones",
                    "dueDate": "2023-10-10 14:00"
                },
                {
                    "id": "5",
                    "title": "Document Download / Sale End Date",
                    "type": "Pre-procurement milestones",
                    "dueDate": "2023-09-10 16:00"
                },
                {
                    "id": "6",
                    "title": "Bid Submission End Date",
                    "type": "Pre-procurement milestones",
                    "dueDate": "2023-09-10 16:00"
                },
                {
                    "id": "7",
                    "title": "Financial Bid Opening Date",
                    "type": "Pre-procurement milestones",
                    "dueDate": "2023-02-12 13:00"
                }
            ],
            "fiscalYear": "2023-2024"
        }
    ],
    "bids": [
        {
            "id": 1,
            "details": [
                {
                    "id": "203136.0",
                    "date": "2023-09-10 12:29",
                    "status": "Rejected-AOC",
                    "tenderers": [
                        {
                            "id": "msjupitarbhuyan",
                            "name": "M/S JUPITAR BHUYAN"
                        }
                    ]
                },
                {
                    "id": "203118.0",
                    "date": "2023-09-10 14:49",
                    "status": "Accepted-AOC",
                    "tenderers": [
                        {
                            "id": "msjyotithakuria",
                            "name": "M/s. Jyoti Thakuria"
                        }
                    ]
                }
            ]
        }
    ],
    "statistics": [
        {
            "id": "1",
            "value": 3272631.0,
            "currency": "INR",
            "measure": "contractValue"
        }
    ],
    "awards": [
        {
            "id": 1,
            "value": [
                {
                    "amount": 3272631.0,
                    "currency": "INR"
                }
            ],
            "suppliers": [
                {
                    "id": "msjyotithakuria",
                    "name": "M/s. Jyoti Thakuria"
                }
            ],
            "contractPeriod": [
                {
                    "startDate": "2024-28-06",
                    "durationInDays": 60
                }
            ]
        },
        {
            "id": 2,
            "value": [
                {
                    "amount": "3272631",
                    "currency": "INR"
                }
            ]
        }
    ]
}