{
    "ocid": "ocds-f5kvwu-2023_AHVD_34684_1",
    "id": "1",
    "date": "2024-11-27",
    "tag": [
        "tender"
    ],
    "initiationType": "tender",
    "parties": [
        {
            "id": "animalhusbandryandveterinarydepartment",
            "name": "Animal Husbandry and Veterinary Department",
            "roles": [
                "buyer"
            ]
        },
        {
            "id": "jibangogoi",
            "name": "Jiban Gogoi",
            "roles": [
                "tenderer",
                "supplier"
            ]
        },
        {
            "id": "sriprasantakumardutta",
            "name": "Sri Prasanta Kumar Dutta",
            "roles": [
                "tenderer"
            ]
        },
        {
            "id": "sriuttambaishya",
            "name": "SRI UTTAM BAISHYA",
            "roles": [
                "tenderer"
            ]
        },
        {
            "id": "director",
            "name": "Director",
            "address": [
                {
                    "streetAddress": "Director, AH Vety Department"
                }
            ],
            "roles": [
                "procuringEntity"
            ]
        }
    ],
    "buyer": [
        {
            "name": "Animal Husbandry and Veterinary Department",
            "id": "animalhusbandryandveterinarydepartment"
        }
    ],
    "tender": [
        {
            "id": "2023_AHVD_34684_1",
            "identifiers": [
                {
                    "id": "I/363206/2023",
                    "scheme": "external"
                }
            ],
            "title": "Installation of DTW with 5 HP Submersible motor pump set and Distribution of Pipe line at IFM Rani in Kamrup District under SOPD ODS Scheme",
            "description": "Installation of DTW with 5 HP Submersible motor pump set and Distribution of Pipe line at IFM Rani in Kamrup District under SOPD ODS Scheme",
            "datePublished": "2023-13-12 17:00",
            "contractType": "Tender",
            "submissionTerms": [
                {
                    "allowPreferentialBidder": "No",
                    "allowMultiCurrencyFee": "No",
                    "allowMultiCurrencyBQQ": "No",
                    "bidValidityPeriod": [
                        {
                            "durationInDays": 180
                        }
                    ]
                }
            ],
            "procuringEntity": [
                {
                    "name": "Director",
                    "id": "director"
                }
            ],
            "items": [
                {
                    "id": "01",
                    "classification": [
                        {
                            "description": "Civil Works"
                        }
                    ],
                    "additionalClassifications": [
                        {
                            "description": "Work Item Details > Subcategory"
                        }
                    ],
                    "deliveryAddresses": [
                        {
                            "postalCode": "781129.0",
                            "streetAddress": "Rani Kamrup"
                        }
                    ]
                }
            ],
            "value": [
                {
                    "amount": 2282700.0,
                    "currency": "INR"
                }
            ],
            "procurementMethod": "Open Tender",
            "mainProcurementCategory": "Works",
            "tenderPeriod": [
                {
                    "startDate": "2023-13-12 17:00",
                    "endDate": "2024-03-01 14:00",
                    "durationInDays": 20
                }
            ],
            "contractPeriod": [
                {
                    "durationInDays": 20
                }
            ],
            "communication": [
                {
                    "id": 1,
                    "documentAvailabilityPeriod": [
                        {
                            "startDate": "2023-13-12 17:00",
                            "endDate": "2024-03-01 14:00"
                        }
                    ]
                }
            ],
            "bidOpening": [
                {
                    "date": "2024-03-01 16:00",
                    "address": [
                        {
                            "streetAddress": "A H Vety Department Assam Chenikuthi Guwahati 3"
                        }
                    ]
                }
            ],
            "participationFees": [
                {
                    "id": "01",
                    "value": [
                        {
                            "amount": 500.0,
                            "currency": "INR"
                        }
                    ],
                    "description": "Nil"
                }
            ],
            "numberOfTenderers": 6,
            "milestones": [
                {
                    "id": "1",
                    "title": "Published Date",
                    "type": "Pre-procurement milestones",
                    "dueDate": "2023-13-12 17:00"
                },
                {
                    "id": "2",
                    "title": "Document Download / Sale Start Date",
                    "type": "Pre-procurement milestones",
                    "dueDate": "2023-13-12 17:00"
                },
                {
                    "id": "3",
                    "title": "Bid Submission Start Date",
                    "type": "Pre-procurement milestones",
                    "dueDate": "2023-16-12 14:00"
                },
                {
                    "id": "4",
                    "title": "Bid Opening Date",
                    "type": "Pre-procurement milestones",
                    "dueDate": "2024-03-01 16:00"
                },
                {
                    "id": "5",
                    "title": "Document Download / Sale End Date",
                    "type": "Pre-procurement milestones",
                    "dueDate": "2024-03-01 14:00"
                },
                {
                    "id": "6",
                    "title": "Bid Submission End Date",
                    "type": "Pre-procurement milestones",
                    "dueDate": "2024-03-01 14:00"
                },
                {
                    "id": "7",
                    "title": "Financial Bid Opening Date",
                    "type": "Pre-procurement milestones",
                    "dueDate": "2024-06-01 18:00"
                }
            ],
            "fiscalYear": "2023-2024"
        }
    ],
    "bids": [
        {
            "id": 1,
            "details": [
                {
                    "id": "218504.0",
                    "date": "2024-02-01 19:03",
                    "status": "Rejected-Finance",
                    "tenderers": [
                        {
                            "id": "sriprasantakumardutta",
                            "name": "Sri Prasanta Kumar Dutta"
                        }
                    ]
                },
                {
                    "id": "218311.0",
                    "date": "2023-31-12 23:26",
                    "status": "Rejected-Finance",
                    "tenderers": [
                        {
                            "id": "sriuttambaishya",
                            "name": "SRI UTTAM BAISHYA"
                        }
                    ]
                },
                {
                    "id": "218310.0",
                    "date": "2023-31-12 23:28",
                    "status": "Accepted-AOC",
                    "tenderers": [
                        {
                            "id": "jibangogoi",
                            "name": "Jiban Gogoi"
                        }
                    ]
                }
            ]
        }
    ],
    "statistics": [
        {
            "id": "1",
            "value": 2282699.94,
            "currency": "INR",
            "measure": "contractValue"
        }
    ],
    "awards": [
        {
            "id": 1,
            "value": [
                {
                    "amount": 2282699.94,
                    "currency": "INR"
                }
            ],
            "suppliers": [
                {
                    "id": "jibangogoi",
                    "name": "Jiban Gogoi"
                }
            ],
            "contractPeriod": [
                {
                    "startDate": "2024-25-01",
                    "durationInDays": 20
                }
            ]
        },
        {
            "id": 2,
            "value": [
                {
                    "amount": "228269994",
                    "currency": "INR"
                }
            ]
        }
    ]
}