{
    "ocid": "ocds-f5kvwu-2023_BoTC_32857_1",
    "id": "1",
    "date": "2024-11-27",
    "tag": [
        "tender"
    ],
    "initiationType": "tender",
    "parties": [
        {
            "id": "bodolandterritorialcouncil",
            "name": "Bodoland Territorial Council",
            "roles": [
                "buyer"
            ]
        },
        {
            "id": "msatdenterprise",
            "name": "M/s ATD Enterprise",
            "roles": [
                "tenderer"
            ]
        },
        {
            "id": "msjjenterprise",
            "name": "M/s J.J Enterprise",
            "roles": [
                "tenderer"
            ]
        },
        {
            "id": "msmmenterprise",
            "name": "M/S M.M. ENTERPRISE",
            "roles": [
                "tenderer",
                "supplier"
            ]
        },
        {
            "id": "directorofhealthservices",
            "name": "Director of Health Services",
            "address": [
                {
                    "streetAddress": "Director of Health Services, Kokrajhar"
                }
            ],
            "roles": [
                "procuringEntity"
            ]
        }
    ],
    "buyer": [
        {
            "name": "Bodoland Territorial Council",
            "id": "bodolandterritorialcouncil"
        }
    ],
    "tender": [
        {
            "id": "2023_BoTC_32857_1",
            "identifiers": [
                {
                    "id": "DHS/BTC/E-TENDER/2023-24/5",
                    "scheme": "external"
                }
            ],
            "title": "DHS/BTC/E-TENDER/2023-24/5",
            "description": "Procurement of Hospital Disposables, Linens and other related materials for consumption in different health institutions in BTR for financial year 2023-24",
            "datePublished": "2023-09-10 10:00",
            "contractType": "Tender",
            "submissionTerms": [
                {
                    "allowPreferentialBidder": "No",
                    "allowMultiCurrencyFee": "No",
                    "allowMultiCurrencyBQQ": "No",
                    "bidValidityPeriod": [
                        {
                            "durationInDays": 90
                        }
                    ]
                }
            ],
            "procuringEntity": [
                {
                    "name": "Director of Health Services",
                    "id": "directorofhealthservices"
                }
            ],
            "items": [
                {
                    "id": "01",
                    "classification": [
                        {
                            "description": "Medical Equipments/Waste"
                        }
                    ],
                    "additionalClassifications": [
                        {
                            "description": "Work Item Details > Subcategory"
                        }
                    ],
                    "deliveryAddresses": [
                        {
                            "postalCode": "783370.0",
                            "streetAddress": "Kokrajhar"
                        }
                    ]
                }
            ],
            "value": [
                {
                    "amount": 49314290.0,
                    "currency": "INR"
                }
            ],
            "procurementMethod": "Open Tender",
            "mainProcurementCategory": "Supply",
            "tenderPeriod": [
                {
                    "startDate": "2023-09-10 10:00",
                    "endDate": "2023-31-10 14:00",
                    "durationInDays": 22
                }
            ],
            "enquiryPeriod": [
                {
                    "startDate": "2023-09-10 10:00",
                    "endDate": "2023-13-10 16:00",
                    "durationInDays": 4
                }
            ],
            "contractPeriod": [
                {
                    "durationInDays": 90
                }
            ],
            "communication": [
                {
                    "id": 1,
                    "documentAvailabilityPeriod": [
                        {
                            "startDate": "2023-09-10 10:00",
                            "endDate": "2023-31-10 14:00"
                        }
                    ]
                }
            ],
            "bidOpening": [
                {
                    "date": "2023-31-10 16:00",
                    "address": [
                        {
                            "streetAddress": "Office of the TIA, Kokrajhar"
                        }
                    ]
                }
            ],
            "participationFees": [
                {
                    "id": "01",
                    "value": [
                        {
                            "amount": 9700.0,
                            "currency": "INR"
                        }
                    ],
                    "description": "Nil"
                }
            ],
            "numberOfTenderers": 4,
            "milestones": [
                {
                    "id": "1",
                    "title": "Published Date",
                    "type": "Pre-procurement milestones",
                    "dueDate": "2023-09-10 10:00"
                },
                {
                    "id": "2",
                    "title": "Document Download / Sale Start Date",
                    "type": "Pre-procurement milestones",
                    "dueDate": "2023-09-10 10:00"
                },
                {
                    "id": "3",
                    "title": "Clarification Start Date",
                    "type": "Pre-procurement milestones",
                    "dueDate": "2023-09-10 10:00"
                },
                {
                    "id": "4",
                    "title": "Bid Submission Start Date",
                    "type": "Pre-procurement milestones",
                    "dueDate": "2023-16-10 10:00"
                },
                {
                    "id": "5",
                    "title": "Bid Opening Date",
                    "type": "Pre-procurement milestones",
                    "dueDate": "2023-31-10 16:00"
                },
                {
                    "id": "6",
                    "title": "Document Download / Sale End Date",
                    "type": "Pre-procurement milestones",
                    "dueDate": "2023-31-10 14:00"
                },
                {
                    "id": "7",
                    "title": "Clarification End Date",
                    "type": "Pre-procurement milestones",
                    "dueDate": "2023-13-10 16:00"
                },
                {
                    "id": "8",
                    "title": "Bid Submission End Date",
                    "type": "Pre-procurement milestones",
                    "dueDate": "2023-31-10 14:00"
                },
                {
                    "id": "9",
                    "title": "Financial Bid Opening Date",
                    "type": "Pre-procurement milestones",
                    "dueDate": "2023-01-12 10:00"
                }
            ],
            "fiscalYear": "2023-2024"
        }
    ],
    "bids": [
        {
            "id": 1,
            "details": [
                {
                    "id": "207319.0",
                    "date": "2023-29-10 18:56",
                    "status": "Rejected-Finance",
                    "tenderers": [
                        {
                            "id": "msatdenterprise",
                            "name": "M/s ATD Enterprise"
                        }
                    ]
                },
                {
                    "id": "207346.0",
                    "date": "2023-29-10 19:13",
                    "status": "Rejected-Finance",
                    "tenderers": [
                        {
                            "id": "msjjenterprise",
                            "name": "M/s J.J Enterprise"
                        }
                    ]
                },
                {
                    "id": "207317.0",
                    "date": "2023-29-10 18:42",
                    "status": "Accepted-AOC",
                    "tenderers": [
                        {
                            "id": "msmmenterprise",
                            "name": "M/S M.M. ENTERPRISE"
                        }
                    ]
                }
            ]
        }
    ],
    "statistics": [
        {
            "id": "1",
            "value": 49312850.0,
            "currency": "INR",
            "measure": "contractValue"
        }
    ],
    "awards": [
        {
            "id": 1,
            "value": [
                {
                    "amount": 49312850.0,
                    "currency": "INR"
                }
            ],
            "suppliers": [
                {
                    "id": "msmmenterprise",
                    "name": "M/S M.M. ENTERPRISE"
                }
            ],
            "contractPeriod": [
                {
                    "startDate": "2023-26-12",
                    "durationInDays": 90
                }
            ]
        },
        {
            "id": 2,
            "value": [
                {
                    "amount": "49312850",
                    "currency": "INR"
                }
            ]
        }
    ]
}