{
    "ocid": "ocds-f5kvwu-2023_AAU_34038_1",
    "id": "1",
    "date": "2024-11-27",
    "tag": [
        "tender"
    ],
    "initiationType": "tender",
    "parties": [
        {
            "id": "assamagriculturaluniversity",
            "name": "Assam Agricultural University",
            "roles": [
                "buyer"
            ]
        },
        {
            "id": "dhrubajyotideka",
            "name": "Dhrubajyoti Deka",
            "roles": [
                "tenderer",
                "supplier"
            ]
        },
        {
            "id": "msclarionprojects",
            "name": "MS Clarion Projects",
            "roles": [
                "tenderer"
            ]
        },
        {
            "id": "sarojinirealconpvtltd",
            "name": "SAROJINI REAL CON PVT LTD",
            "roles": [
                "tenderer"
            ]
        },
        {
            "id": "directorofphysicalplantaaukhanapara",
            "name": "DIRECTOR OF PHYSICAL PLANT,AAU,KHANAPARA",
            "address": [
                {
                    "streetAddress": "DIRECTOR OF PHYSICAL PLANT,AAU,KHANAPARA"
                }
            ],
            "roles": [
                "procuringEntity"
            ]
        }
    ],
    "buyer": [
        {
            "name": "Assam Agricultural University",
            "id": "assamagriculturaluniversity"
        }
    ],
    "tender": [
        {
            "id": "2023_AAU_34038_1",
            "identifiers": [
                {
                    "id": "AAU/DPK/2023-24/4549 DTD.14.11.2023",
                    "scheme": "external"
                }
            ],
            "title": "VERTICAL EXTENSION OF EEI BUILDING FOR DIRECTORATE OF OPEN DISTANCE LEARNING AT CVSc.,AAU,KHANAPARA 3RD FLOOR",
            "description": "VERTICAL EXTENSION OF EEI BUILDING FOR DIRECTORATE OF OPEN DISTANCE LEARNING AT CVSc.,AAU,KHANAPARA 3RD FLOOR",
            "datePublished": "2023-18-11 13:30",
            "contractType": "Tender",
            "submissionTerms": [
                {
                    "allowPreferentialBidder": "No",
                    "allowMultiCurrencyFee": "No",
                    "allowMultiCurrencyBQQ": "No",
                    "bidValidityPeriod": [
                        {
                            "durationInDays": 180
                        }
                    ]
                }
            ],
            "procuringEntity": [
                {
                    "name": "DIRECTOR OF PHYSICAL PLANT,AAU,KHANAPARA",
                    "id": "directorofphysicalplantaaukhanapara"
                }
            ],
            "items": [
                {
                    "id": "01",
                    "classification": [
                        {
                            "description": "Civil Works"
                        }
                    ],
                    "additionalClassifications": [
                        {
                            "description": "Work Item Details > Subcategory"
                        }
                    ],
                    "deliveryAddresses": [
                        {
                            "postalCode": "781022.0",
                            "streetAddress": "EXTENSION EDUCATION INSTITUTE,CVSC.,AAU,KHANAPARA"
                        }
                    ]
                }
            ],
            "value": [
                {
                    "amount": 14854984.0,
                    "currency": "INR"
                }
            ],
            "procurementMethod": "Open Tender",
            "mainProcurementCategory": "Percentage",
            "tenderPeriod": [
                {
                    "startDate": "2023-18-11 13:30",
                    "endDate": "2023-08-12 14:00",
                    "durationInDays": 20
                }
            ],
            "enquiryPeriod": [
                {
                    "startDate": "2023-18-11 13:30",
                    "endDate": "2023-01-12 10:30",
                    "durationInDays": 12
                }
            ],
            "contractPeriod": [
                {
                    "durationInDays": 365
                }
            ],
            "communication": [
                {
                    "id": 1,
                    "documentAvailabilityPeriod": [
                        {
                            "startDate": "2023-18-11 13:30",
                            "endDate": "2023-08-12 14:00"
                        }
                    ]
                }
            ],
            "bidOpening": [
                {
                    "date": "2023-08-12 16:00",
                    "address": [
                        {
                            "streetAddress": "DIRECTORETE OF PHYSICAL PLANT,AAU,KHANAPARA"
                        }
                    ]
                }
            ],
            "participationFees": [
                {
                    "id": "01",
                    "value": [
                        {
                            "amount": 3000.0,
                            "currency": "INR"
                        }
                    ],
                    "description": "Nil"
                }
            ],
            "numberOfTenderers": 6,
            "milestones": [
                {
                    "id": "1",
                    "title": "Published Date",
                    "type": "Pre-procurement milestones",
                    "dueDate": "2023-18-11 13:30"
                },
                {
                    "id": "2",
                    "title": "Document Download / Sale Start Date",
                    "type": "Pre-procurement milestones",
                    "dueDate": "2023-18-11 13:30"
                },
                {
                    "id": "3",
                    "title": "Clarification Start Date",
                    "type": "Pre-procurement milestones",
                    "dueDate": "2023-18-11 13:30"
                },
                {
                    "id": "4",
                    "title": "Bid Submission Start Date",
                    "type": "Pre-procurement milestones",
                    "dueDate": "2023-18-11 13:30"
                },
                {
                    "id": "5",
                    "title": "Bid Opening Date",
                    "type": "Pre-procurement milestones",
                    "dueDate": "2023-08-12 16:00"
                },
                {
                    "id": "6",
                    "title": "Document Download / Sale End Date",
                    "type": "Pre-procurement milestones",
                    "dueDate": "2023-08-12 14:00"
                },
                {
                    "id": "7",
                    "title": "Clarification End Date",
                    "type": "Pre-procurement milestones",
                    "dueDate": "2023-01-12 10:30"
                },
                {
                    "id": "8",
                    "title": "Bid Submission End Date",
                    "type": "Pre-procurement milestones",
                    "dueDate": "2023-08-12 14:00"
                },
                {
                    "id": "9",
                    "title": "Financial Bid Opening Date",
                    "type": "Pre-procurement milestones",
                    "dueDate": "2024-08-01 11:00"
                }
            ],
            "fiscalYear": "2023-2024"
        }
    ],
    "bids": [
        {
            "id": 1,
            "details": [
                {
                    "id": "214507.0",
                    "date": "2023-08-12 13:54",
                    "status": "Rejected-Finance",
                    "tenderers": [
                        {
                            "id": "msclarionprojects",
                            "name": "MS Clarion Projects"
                        }
                    ]
                },
                {
                    "id": "214478.0",
                    "date": "2023-08-12 12:20",
                    "status": "Rejected-Finance",
                    "tenderers": [
                        {
                            "id": "sarojinirealconpvtltd",
                            "name": "SAROJINI REAL CON PVT LTD"
                        }
                    ]
                },
                {
                    "id": "214444.0",
                    "date": "2023-07-12 12:00",
                    "status": "Accepted-AOC",
                    "tenderers": [
                        {
                            "id": "dhrubajyotideka",
                            "name": "Dhrubajyoti Deka"
                        }
                    ]
                }
            ]
        }
    ],
    "statistics": [
        {
            "id": "1",
            "value": 11512612.6,
            "currency": "INR",
            "measure": "contractValue"
        }
    ],
    "awards": [
        {
            "id": 1,
            "value": [
                {
                    "amount": 11512612.6,
                    "currency": "INR"
                }
            ],
            "suppliers": [
                {
                    "id": "dhrubajyotideka",
                    "name": "Dhrubajyoti Deka"
                }
            ],
            "contractPeriod": [
                {
                    "startDate": "2024-21-02",
                    "durationInDays": 365
                }
            ]
        },
        {
            "id": 2,
            "value": [
                {
                    "amount": "115126126",
                    "currency": "INR"
                }
            ]
        }
    ]
}