{
    "ocid": "ocds-f5kvwu-2023_BoTC_34111_1",
    "id": "1",
    "date": "2024-11-27",
    "tag": [
        "tender"
    ],
    "initiationType": "tender",
    "parties": [
        {
            "id": "bodolandterritorialcouncil",
            "name": "Bodoland Territorial Council",
            "roles": [
                "buyer"
            ]
        },
        {
            "id": "nibolnarzary",
            "name": "NIBOL NARZARY",
            "roles": [
                "tenderer",
                "supplier"
            ]
        },
        {
            "id": "premjitboro",
            "name": "PREMJIT BORO",
            "roles": [
                "tenderer"
            ]
        },
        {
            "id": "srigilardbasumatary",
            "name": "Sri Gilard Basumatary",
            "roles": [
                "tenderer"
            ]
        },
        {
            "id": "dfokachugaondivisiongossaigaon",
            "name": "DFO, Kachugaon Division, Gossaigaon",
            "address": [
                {
                    "streetAddress": "O/o the DFO, Kachugaon Division, Gossaigaon"
                }
            ],
            "roles": [
                "procuringEntity"
            ]
        }
    ],
    "buyer": [
        {
            "name": "Bodoland Territorial Council",
            "id": "bodolandterritorialcouncil"
        }
    ],
    "tender": [
        {
            "id": "2023_BoTC_34111_1",
            "identifiers": [
                {
                    "id": "BTC/Forest/Kachugaon-01/2023",
                    "scheme": "external"
                }
            ],
            "title": "Creation of 1.5 Ha Nursery as per latest norms for 1.5 Ha Nursery at under State CHAMPA Scheme at Raimona",
            "description": "Creation of 1.5 Ha Nursery as per latest norms for 1.5 Ha Nursery at under State CHAMPA Scheme at Raimona F.V under Western Range of Kachugaon Division, Gossaigaon for the financial year 2023-24",
            "datePublished": "2023-21-11 16:00",
            "contractType": "Tender",
            "submissionTerms": [
                {
                    "allowPreferentialBidder": "No",
                    "allowMultiCurrencyFee": "No",
                    "allowMultiCurrencyBQQ": "No",
                    "bidValidityPeriod": [
                        {
                            "durationInDays": 180
                        }
                    ]
                }
            ],
            "procuringEntity": [
                {
                    "name": "DFO, Kachugaon Division, Gossaigaon",
                    "id": "dfokachugaondivisiongossaigaon"
                }
            ],
            "items": [
                {
                    "id": "01",
                    "classification": [
                        {
                            "description": "Agricultural or Forestry"
                        }
                    ],
                    "additionalClassifications": [
                        {
                            "description": "Work Item Details > Subcategory"
                        }
                    ],
                    "deliveryAddresses": [
                        {
                            "postalCode": "783350.0",
                            "streetAddress": "Raimona"
                        }
                    ]
                }
            ],
            "value": [
                {
                    "amount": 4231720.0,
                    "currency": "INR"
                }
            ],
            "procurementMethod": "Open Tender",
            "mainProcurementCategory": "Works",
            "tenderPeriod": [
                {
                    "startDate": "2023-21-11 16:00",
                    "endDate": "2023-11-12 15:00",
                    "durationInDays": 19
                }
            ],
            "enquiryPeriod": [
                {
                    "startDate": "2023-21-11 16:00",
                    "endDate": "2023-11-12 15:00",
                    "durationInDays": 19
                }
            ],
            "contractPeriod": [
                {
                    "durationInDays": 180
                }
            ],
            "communication": [
                {
                    "id": 1,
                    "documentAvailabilityPeriod": [
                        {
                            "startDate": "2023-21-11 16:00",
                            "endDate": "2023-11-12 15:00"
                        }
                    ]
                }
            ],
            "bidOpening": [
                {
                    "date": "2023-11-12 15:30",
                    "address": [
                        {
                            "streetAddress": "O/o the DFO, Kachugaon Division, Gossaigaon"
                        }
                    ]
                }
            ],
            "participationFees": [
                {
                    "id": "01",
                    "value": [
                        {
                            "amount": 1000.0,
                            "currency": "INR"
                        }
                    ],
                    "description": "Nil"
                }
            ],
            "numberOfTenderers": 4,
            "milestones": [
                {
                    "id": "1",
                    "title": "Published Date",
                    "type": "Pre-procurement milestones",
                    "dueDate": "2023-21-11 16:00"
                },
                {
                    "id": "2",
                    "title": "Document Download / Sale Start Date",
                    "type": "Pre-procurement milestones",
                    "dueDate": "2023-21-11 16:00"
                },
                {
                    "id": "3",
                    "title": "Clarification Start Date",
                    "type": "Pre-procurement milestones",
                    "dueDate": "2023-21-11 16:00"
                },
                {
                    "id": "4",
                    "title": "Bid Submission Start Date",
                    "type": "Pre-procurement milestones",
                    "dueDate": "2023-21-11 16:00"
                },
                {
                    "id": "5",
                    "title": "Bid Opening Date",
                    "type": "Pre-procurement milestones",
                    "dueDate": "2023-11-12 15:30"
                },
                {
                    "id": "6",
                    "title": "Document Download / Sale End Date",
                    "type": "Pre-procurement milestones",
                    "dueDate": "2023-11-12 15:00"
                },
                {
                    "id": "7",
                    "title": "Clarification End Date",
                    "type": "Pre-procurement milestones",
                    "dueDate": "2023-11-12 15:00"
                },
                {
                    "id": "8",
                    "title": "Bid Submission End Date",
                    "type": "Pre-procurement milestones",
                    "dueDate": "2023-11-12 15:00"
                },
                {
                    "id": "9",
                    "title": "Financial Bid Opening Date",
                    "type": "Pre-procurement milestones",
                    "dueDate": "2023-18-12 12:35"
                }
            ],
            "fiscalYear": "2023-2024"
        }
    ],
    "bids": [
        {
            "id": 1,
            "details": [
                {
                    "id": "214682.0",
                    "date": "2023-10-12 18:06",
                    "status": "Rejected-Technical",
                    "tenderers": [
                        {
                            "id": "premjitboro",
                            "name": "PREMJIT BORO"
                        }
                    ]
                },
                {
                    "id": "214680.0",
                    "date": "2023-10-12 17:51",
                    "status": "Rejected-Finance",
                    "tenderers": [
                        {
                            "id": "srigilardbasumatary",
                            "name": "Sri Gilard Basumatary"
                        }
                    ]
                },
                {
                    "id": "214684.0",
                    "date": "2023-10-12 18:51",
                    "status": "Accepted-AOC",
                    "tenderers": [
                        {
                            "id": "nibolnarzary",
                            "name": "NIBOL NARZARY"
                        }
                    ]
                }
            ]
        }
    ],
    "statistics": [
        {
            "id": "1",
            "value": 4230780.0,
            "currency": "INR",
            "measure": "contractValue"
        }
    ],
    "awards": [
        {
            "id": 1,
            "description": "L1 Bidder",
            "value": [
                {
                    "amount": 4230780.0,
                    "currency": "INR"
                }
            ],
            "suppliers": [
                {
                    "id": "nibolnarzary",
                    "name": "NIBOL NARZARY"
                }
            ],
            "contractPeriod": [
                {
                    "startDate": "2024-10-02",
                    "durationInDays": 180
                }
            ]
        },
        {
            "id": 2,
            "value": [
                {
                    "amount": "4230780",
                    "currency": "INR"
                }
            ]
        }
    ]
}