{
    "ocid": "ocds-f5kvwu-2023_BoTC_29482_1",
    "id": "1",
    "date": "2024-11-27",
    "tag": [
        "tender"
    ],
    "initiationType": "tender",
    "parties": [
        {
            "id": "bodolandterritorialcouncil",
            "name": "Bodoland Territorial Council",
            "roles": [
                "buyer"
            ]
        },
        {
            "id": "missmayabatibrahma",
            "name": "MISS MAYABATI BRAHMA",
            "roles": [
                "tenderer"
            ]
        },
        {
            "id": "sribishnudevuzir",
            "name": "SRI BISHNU DEV UZIR",
            "roles": [
                "tenderer"
            ]
        },
        {
            "id": "srideepankardaimary",
            "name": "SRI DEEPANKAR DAIMARY",
            "roles": [
                "tenderer",
                "supplier"
            ]
        },
        {
            "id": "blockdevelopmentofficergoreswar",
            "name": "BLOCK DEVELOPMENT OFFICER, GORESWAR",
            "address": [
                {
                    "streetAddress": "Block Development Officer, Goreswar Development Block, Dist - Baksa, BTC, Assam"
                }
            ],
            "roles": [
                "procuringEntity"
            ]
        }
    ],
    "buyer": [
        {
            "name": "Bodoland Territorial Council",
            "id": "bodolandterritorialcouncil"
        }
    ],
    "tender": [
        {
            "id": "2023_BoTC_29482_1",
            "identifiers": [
                {
                    "id": "GDB/SOPD/WPT and BC/51/2019-20/2127_1",
                    "scheme": "external"
                }
            ],
            "title": "Construction of Tamulpur Primary Bodo Sahitya Sabha Office (RCC Gr. Floor only) at Barengaon Tamulpur Development Block, Goreswar, Tamulpur.",
            "description": "Erosion protection of Matonga river at Barangabari village under Tamulpur Development Block, Tamulpur.",
            "datePublished": "2023-22-02 10:00",
            "contractType": "Tender",
            "submissionTerms": [
                {
                    "allowPreferentialBidder": "No",
                    "allowMultiCurrencyFee": "No",
                    "allowMultiCurrencyBQQ": "No",
                    "bidValidityPeriod": [
                        {
                            "durationInDays": 180
                        }
                    ]
                }
            ],
            "procuringEntity": [
                {
                    "name": "BLOCK DEVELOPMENT OFFICER, GORESWAR",
                    "id": "blockdevelopmentofficergoreswar"
                }
            ],
            "items": [
                {
                    "id": "01",
                    "classification": [
                        {
                            "description": "Civil Works"
                        }
                    ],
                    "additionalClassifications": [
                        {
                            "description": "Work Item Details > Subcategory"
                        }
                    ],
                    "deliveryAddresses": [
                        {
                            "postalCode": "781366.0",
                            "streetAddress": "Barangabari village under Tamulpur Development"
                        }
                    ]
                }
            ],
            "value": [
                {
                    "amount": 4116000.0,
                    "currency": "INR"
                }
            ],
            "procurementMethod": "Open Tender",
            "mainProcurementCategory": "Works",
            "tenderPeriod": [
                {
                    "startDate": "2023-22-02 10:00",
                    "endDate": "2023-06-03 14:00",
                    "durationInDays": 12
                }
            ],
            "enquiryPeriod": [
                {
                    "startDate": "2023-22-02 10:30",
                    "endDate": "2023-28-02 14:00",
                    "durationInDays": 6
                }
            ],
            "contractPeriod": [
                {
                    "durationInDays": 180
                }
            ],
            "communication": [
                {
                    "id": 1,
                    "documentAvailabilityPeriod": [
                        {
                            "startDate": "2023-22-02 10:30",
                            "endDate": "2023-06-03 14:00"
                        }
                    ]
                }
            ],
            "bidOpening": [
                {
                    "date": "2023-06-03 15:00",
                    "address": [
                        {
                            "streetAddress": "OFFICE OF THE BLOCK DEVELOPMENT OFFICER, GORESWAR"
                        }
                    ]
                }
            ],
            "participationFees": [
                {
                    "id": "01",
                    "value": [
                        {
                            "amount": 825.0,
                            "currency": "INR"
                        }
                    ],
                    "description": "Nil"
                }
            ],
            "numberOfTenderers": 6,
            "milestones": [
                {
                    "id": "1",
                    "title": "Published Date",
                    "type": "Pre-procurement milestones",
                    "dueDate": "2023-22-02 10:00"
                },
                {
                    "id": "2",
                    "title": "Document Download / Sale Start Date",
                    "type": "Pre-procurement milestones",
                    "dueDate": "2023-22-02 10:30"
                },
                {
                    "id": "3",
                    "title": "Clarification Start Date",
                    "type": "Pre-procurement milestones",
                    "dueDate": "2023-22-02 10:30"
                },
                {
                    "id": "4",
                    "title": "Bid Submission Start Date",
                    "type": "Pre-procurement milestones",
                    "dueDate": "2023-22-02 10:30"
                },
                {
                    "id": "5",
                    "title": "Bid Opening Date",
                    "type": "Pre-procurement milestones",
                    "dueDate": "2023-06-03 15:00"
                },
                {
                    "id": "6",
                    "title": "Document Download / Sale End Date",
                    "type": "Pre-procurement milestones",
                    "dueDate": "2023-06-03 14:00"
                },
                {
                    "id": "7",
                    "title": "Clarification End Date",
                    "type": "Pre-procurement milestones",
                    "dueDate": "2023-28-02 14:00"
                },
                {
                    "id": "8",
                    "title": "Bid Submission End Date",
                    "type": "Pre-procurement milestones",
                    "dueDate": "2023-06-03 14:00"
                },
                {
                    "id": "9",
                    "title": "Financial Bid Opening Date",
                    "type": "Pre-procurement milestones",
                    "dueDate": "2023-15-03 11:00"
                }
            ],
            "fiscalYear": "2022-2023"
        }
    ],
    "bids": [
        {
            "id": 1,
            "details": [
                {
                    "id": "179089.0",
                    "date": "2023-06-03 13:08",
                    "status": "Rejected-Finance",
                    "tenderers": [
                        {
                            "id": "missmayabatibrahma",
                            "name": "MISS MAYABATI BRAHMA"
                        }
                    ]
                },
                {
                    "id": "179094.0",
                    "date": "2023-06-03 13:50",
                    "status": "Rejected-Technical",
                    "tenderers": [
                        {
                            "id": "sribishnudevuzir",
                            "name": "SRI BISHNU DEV UZIR"
                        }
                    ]
                },
                {
                    "id": "179085.0",
                    "date": "2023-06-03 10:52",
                    "status": "Accepted-AOC",
                    "tenderers": [
                        {
                            "id": "srideepankardaimary",
                            "name": "SRI DEEPANKAR DAIMARY"
                        }
                    ]
                }
            ]
        }
    ],
    "statistics": [
        {
            "id": "1",
            "value": 4116000.0,
            "currency": "INR",
            "measure": "contractValue"
        }
    ],
    "awards": [
        {
            "id": 1,
            "description": "Work Order",
            "value": [
                {
                    "amount": 4116000.0,
                    "currency": "INR"
                }
            ],
            "suppliers": [
                {
                    "id": "srideepankardaimary",
                    "name": "SRI DEEPANKAR DAIMARY"
                }
            ],
            "contractPeriod": [
                {
                    "startDate": "2023-17-03",
                    "durationInDays": 180
                }
            ]
        },
        {
            "id": 2,
            "value": [
                {
                    "amount": "4116000",
                    "currency": "INR"
                }
            ]
        }
    ]
}