{
    "ocid": "ocds-f5kvwu-2023_AEGEF_30581_1",
    "id": "1",
    "date": "2024-11-27",
    "tag": [
        "tender"
    ],
    "initiationType": "tender",
    "parties": [
        {
            "id": "assamelectricitygridcorporationltdexternallyfundedprojects",
            "name": "Assam Electricity Grid Corporation Ltd. - Externally Funded Projects",
            "roles": [
                "buyer"
            ]
        },
        {
            "id": "hightechecogreencontractorsllp",
            "name": "HIGH-TECH ECOGREEN CONTRACTORS LLP",
            "roles": [
                "tenderer",
                "supplier"
            ]
        },
        {
            "id": "mdmuslimuddinahmed",
            "name": "MD.MUSLIMUDDIN AHMED",
            "roles": [
                "tenderer"
            ]
        },
        {
            "id": "mpagarwalapvtltd",
            "name": "MP AGARWALA PVT.LTD",
            "roles": [
                "tenderer"
            ]
        },
        {
            "id": "mssagargohain",
            "name": "M/s sagar gohain",
            "roles": [
                "tenderer"
            ]
        },
        {
            "id": "mszedengineers",
            "name": "MS ZED ENGINEERS",
            "roles": [
                "tenderer"
            ]
        },
        {
            "id": "tarachandsarawgi",
            "name": "TARA CHAND SARAWGI",
            "roles": [
                "tenderer"
            ]
        },
        {
            "id": "tribeniconstructionslimited",
            "name": "Tribeni Constructions Limited",
            "roles": [
                "tenderer"
            ]
        },
        {
            "id": "cgmppandd",
            "name": "CGM,PPandD",
            "address": [
                {
                    "streetAddress": "AEGCL, Bijulee Bhawan, Paltan Bazar,Guwahati"
                }
            ],
            "roles": [
                "procuringEntity"
            ]
        }
    ],
    "buyer": [
        {
            "name": "Assam Electricity Grid Corporation Ltd. - Externally Funded Projects",
            "id": "assamelectricitygridcorporationltdexternallyfundedprojects"
        }
    ],
    "tender": [
        {
            "id": "2023_AEGEF_30581_1",
            "identifiers": [
                {
                    "id": "AIIB/PACKAGE-H1/2023/02-H1",
                    "scheme": "external"
                }
            ],
            "title": "Construction of Approach Road for 400/220/132Kv Substation at Sonapur including construction of CD works, RCC drain cum FP, RCC toe wall etc (Pkg-H1)",
            "description": "Construction of Approach Road for 400/220/132Kv Substation at Sonapur including construction of CD works, RCC drain cum FP, RCC toe wall etc (Pkg-H1)",
            "datePublished": "2023-25-04 09:00",
            "contractType": "Tender",
            "submissionTerms": [
                {
                    "allowPreferentialBidder": "No",
                    "allowMultiCurrencyFee": "No",
                    "allowMultiCurrencyBQQ": "No",
                    "bidValidityPeriod": [
                        {
                            "durationInDays": 180
                        }
                    ]
                }
            ],
            "procuringEntity": [
                {
                    "name": "CGM,PPandD",
                    "id": "cgmppandd"
                }
            ],
            "items": [
                {
                    "id": "01",
                    "classification": [
                        {
                            "description": "Civil Works \u2013 Roads"
                        }
                    ],
                    "additionalClassifications": [
                        {
                            "description": "Work Item Details > Subcategory"
                        }
                    ],
                    "deliveryAddresses": [
                        {
                            "postalCode": "782401.0",
                            "streetAddress": "Chamtapathar Sonapur"
                        }
                    ]
                }
            ],
            "value": [
                {
                    "amount": 159082243.0,
                    "currency": "INR"
                }
            ],
            "procurementMethod": "Open Tender",
            "mainProcurementCategory": "Works",
            "tenderPeriod": [
                {
                    "startDate": "2023-25-04 09:00",
                    "endDate": "2023-30-05 13:00",
                    "durationInDays": 35
                }
            ],
            "enquiryPeriod": [
                {
                    "startDate": "2023-26-04 09:00",
                    "endDate": "2023-03-05 17:00",
                    "durationInDays": 7
                }
            ],
            "contractPeriod": [
                {
                    "durationInDays": 365
                }
            ],
            "communication": [
                {
                    "id": 1,
                    "documentAvailabilityPeriod": [
                        {
                            "startDate": "2023-25-04 09:00",
                            "endDate": "2023-30-05 13:00"
                        }
                    ]
                }
            ],
            "bidOpening": [
                {
                    "date": "2023-31-05 15:00",
                    "address": [
                        {
                            "streetAddress": "Same as above"
                        }
                    ]
                }
            ],
            "participationFees": [
                {
                    "id": "01",
                    "value": [
                        {
                            "amount": 50000.0,
                            "currency": "INR"
                        }
                    ],
                    "description": "Nil"
                }
            ],
            "numberOfTenderers": 8,
            "milestones": [
                {
                    "id": "1",
                    "title": "Published Date",
                    "type": "Pre-procurement milestones",
                    "dueDate": "2023-25-04 09:00"
                },
                {
                    "id": "2",
                    "title": "Document Download / Sale Start Date",
                    "type": "Pre-procurement milestones",
                    "dueDate": "2023-25-04 09:00"
                },
                {
                    "id": "3",
                    "title": "Clarification Start Date",
                    "type": "Pre-procurement milestones",
                    "dueDate": "2023-26-04 09:00"
                },
                {
                    "id": "4",
                    "title": "Bid Submission Start Date",
                    "type": "Pre-procurement milestones",
                    "dueDate": "2023-09-05 17:00"
                },
                {
                    "id": "5",
                    "title": "Bid Opening Date",
                    "type": "Pre-procurement milestones",
                    "dueDate": "2023-31-05 15:00"
                },
                {
                    "id": "6",
                    "title": "Document Download / Sale End Date",
                    "type": "Pre-procurement milestones",
                    "dueDate": "2023-30-05 13:00"
                },
                {
                    "id": "7",
                    "title": "Clarification End Date",
                    "type": "Pre-procurement milestones",
                    "dueDate": "2023-03-05 17:00"
                },
                {
                    "id": "8",
                    "title": "Bid Submission End Date",
                    "type": "Pre-procurement milestones",
                    "dueDate": "2023-30-05 13:00"
                },
                {
                    "id": "9",
                    "title": "Financial Bid Opening Date",
                    "type": "Pre-procurement milestones",
                    "dueDate": "2023-11-09 14:00"
                }
            ],
            "fiscalYear": "2022-2023"
        }
    ],
    "bids": [
        {
            "id": 1,
            "details": [
                {
                    "id": "186568.0",
                    "date": "2023-30-05 11:45",
                    "status": "Rejected-Technical",
                    "tenderers": [
                        {
                            "id": "mdmuslimuddinahmed",
                            "name": "MD.MUSLIMUDDIN AHMED"
                        }
                    ]
                },
                {
                    "id": "186762.0",
                    "date": "2023-30-05 12:40",
                    "status": "Rejected-Technical",
                    "tenderers": [
                        {
                            "id": "mpagarwalapvtltd",
                            "name": "MP AGARWALA PVT.LTD"
                        }
                    ]
                },
                {
                    "id": "186572.0",
                    "date": "2023-28-05 18:32",
                    "status": "Rejected-Technical",
                    "tenderers": [
                        {
                            "id": "mssagargohain",
                            "name": "M/s sagar gohain"
                        }
                    ]
                },
                {
                    "id": "186694.0",
                    "date": "2023-30-05 12:03",
                    "status": "Rejected-Technical",
                    "tenderers": [
                        {
                            "id": "mszedengineers",
                            "name": "MS ZED ENGINEERS"
                        }
                    ]
                },
                {
                    "id": "186778.0",
                    "date": "2023-30-05 12:11",
                    "status": "Rejected-Finance",
                    "tenderers": [
                        {
                            "id": "tarachandsarawgi",
                            "name": "TARA CHAND SARAWGI"
                        }
                    ]
                },
                {
                    "id": "186729.0",
                    "date": "2023-29-05 21:02",
                    "status": "Rejected-Technical",
                    "tenderers": [
                        {
                            "id": "tribeniconstructionslimited",
                            "name": "Tribeni Constructions Limited"
                        }
                    ]
                },
                {
                    "id": "186726.0",
                    "date": "2023-30-05 12:05",
                    "status": "Accepted-AOC",
                    "tenderers": [
                        {
                            "id": "hightechecogreencontractorsllp",
                            "name": "HIGH-TECH ECOGREEN CONTRACTORS LLP"
                        }
                    ]
                }
            ]
        }
    ],
    "statistics": [
        {
            "id": "1",
            "value": 165237048.0,
            "currency": "INR",
            "measure": "contractValue"
        }
    ],
    "awards": [
        {
            "id": 1,
            "value": [
                {
                    "amount": 165237048.0,
                    "currency": "INR"
                }
            ],
            "suppliers": [
                {
                    "id": "hightechecogreencontractorsllp",
                    "name": "HIGH-TECH ECOGREEN CONTRACTORS LLP"
                }
            ],
            "contractPeriod": [
                {
                    "startDate": "2024-04-01",
                    "durationInDays": 365
                }
            ]
        },
        {
            "id": 2,
            "value": [
                {
                    "amount": "165237048",
                    "currency": "INR"
                }
            ]
        }
    ]
}