{
    "ocid": "ocds-f5kvwu-2023_AEGCL_32849_1",
    "id": "1",
    "date": "2024-11-27",
    "tag": [
        "tender"
    ],
    "initiationType": "tender",
    "parties": [
        {
            "id": "assamelectricitygridcorporationltd",
            "name": "Assam Electricity Grid Corporation Ltd",
            "roles": [
                "buyer"
            ]
        },
        {
            "id": "hitechdesignengineeringncostruction",
            "name": "HI TECH DESIGN ENGINEERING N COSTRUCTION",
            "roles": [
                "tenderer"
            ]
        },
        {
            "id": "narcconsultingenggplussprivatelimited",
            "name": "N Arc Consulting Enggpluss Private Limited",
            "roles": [
                "tenderer",
                "supplier"
            ]
        },
        {
            "id": "pkduttaandco",
            "name": "P.K.DUTTA AND CO.",
            "roles": [
                "tenderer"
            ]
        },
        {
            "id": "cgmppnd",
            "name": "CGM PPnD",
            "address": [
                {
                    "streetAddress": "CGM PPnD, Oo MD, AEGCL, First Floor, Bijulee Bhawan, Guwahati"
                }
            ],
            "roles": [
                "procuringEntity"
            ]
        }
    ],
    "buyer": [
        {
            "name": "Assam Electricity Grid Corporation Ltd",
            "id": "assamelectricitygridcorporationltd"
        }
    ],
    "tender": [
        {
            "id": "2023_AEGCL_32849_1",
            "identifiers": [
                {
                    "id": "AEGCL/MD/Tech-1028/MMS/MPRS",
                    "scheme": "external"
                }
            ],
            "title": "Preparation of Master Plan and Route Survey for Construction of 1 no 132 kV Grid Substation at Missamari along with the associated transmission lines under AEGCL",
            "description": "Preparation of Master Plan and Route Survey for Construction of 1 no 132 kV Grid Substation at Missamari along with the associated transmission lines under AEGCL",
            "datePublished": "2023-09-10 12:00",
            "contractType": "Tender",
            "submissionTerms": [
                {
                    "allowPreferentialBidder": "No",
                    "allowMultiCurrencyFee": "No",
                    "allowMultiCurrencyBQQ": "No",
                    "bidValidityPeriod": [
                        {
                            "durationInDays": 180
                        }
                    ]
                }
            ],
            "procuringEntity": [
                {
                    "name": "CGM PPnD",
                    "id": "cgmppnd"
                }
            ],
            "items": [
                {
                    "id": "01",
                    "classification": [
                        {
                            "description": "Electrical Works"
                        }
                    ],
                    "additionalClassifications": [
                        {
                            "description": "Work Item Details > Subcategory"
                        }
                    ],
                    "deliveryAddresses": [
                        {
                            "postalCode": "784506.0",
                            "streetAddress": "Missamari"
                        }
                    ]
                }
            ],
            "procurementMethod": "Open Tender",
            "mainProcurementCategory": "Works",
            "tenderPeriod": [
                {
                    "startDate": "2023-09-10 12:00",
                    "endDate": "2023-30-10 12:00",
                    "durationInDays": 21
                }
            ],
            "contractPeriod": [
                {
                    "durationInDays": 90
                }
            ],
            "communication": [
                {
                    "id": 1,
                    "documentAvailabilityPeriod": [
                        {
                            "startDate": "2023-09-10 12:00",
                            "endDate": "2023-30-10 12:00"
                        }
                    ]
                }
            ],
            "bidOpening": [
                {
                    "date": "2023-01-11 15:00",
                    "address": [
                        {
                            "streetAddress": "Guwahati"
                        }
                    ]
                }
            ],
            "participationFees": [
                {
                    "id": "01",
                    "value": [
                        {
                            "amount": 1000.0,
                            "currency": "INR"
                        }
                    ],
                    "description": "Nil"
                }
            ],
            "numberOfTenderers": 5,
            "milestones": [
                {
                    "id": "1",
                    "title": "Published Date",
                    "type": "Pre-procurement milestones",
                    "dueDate": "2023-09-10 12:00"
                },
                {
                    "id": "2",
                    "title": "Document Download / Sale Start Date",
                    "type": "Pre-procurement milestones",
                    "dueDate": "2023-09-10 12:00"
                },
                {
                    "id": "3",
                    "title": "Bid Submission Start Date",
                    "type": "Pre-procurement milestones",
                    "dueDate": "2023-09-10 12:00"
                },
                {
                    "id": "4",
                    "title": "Bid Opening Date",
                    "type": "Pre-procurement milestones",
                    "dueDate": "2023-01-11 15:00"
                },
                {
                    "id": "5",
                    "title": "Document Download / Sale End Date",
                    "type": "Pre-procurement milestones",
                    "dueDate": "2023-30-10 12:00"
                },
                {
                    "id": "6",
                    "title": "Bid Submission End Date",
                    "type": "Pre-procurement milestones",
                    "dueDate": "2023-30-10 12:00"
                },
                {
                    "id": "7",
                    "title": "Financial Bid Opening Date",
                    "type": "Pre-procurement milestones",
                    "dueDate": "2024-24-01 12:00"
                }
            ],
            "fiscalYear": "2023-2024"
        }
    ],
    "bids": [
        {
            "id": 1,
            "details": [
                {
                    "id": "207438.0",
                    "date": "2023-30-10 11:26",
                    "status": "Rejected-AOC",
                    "tenderers": [
                        {
                            "id": "hitechdesignengineeringncostruction",
                            "name": "HI TECH DESIGN ENGINEERING N COSTRUCTION"
                        }
                    ]
                },
                {
                    "id": "206553.0",
                    "date": "2023-27-10 14:37",
                    "status": "Rejected-AOC",
                    "tenderers": [
                        {
                            "id": "pkduttaandco",
                            "name": "P.K.DUTTA AND CO."
                        }
                    ]
                },
                {
                    "id": "205066.0",
                    "date": "2023-30-10 11:29",
                    "status": "Accepted-AOC",
                    "tenderers": [
                        {
                            "id": "narcconsultingenggplussprivatelimited",
                            "name": "N Arc Consulting Enggpluss Private Limited"
                        }
                    ]
                }
            ]
        }
    ],
    "statistics": [
        {
            "id": "1",
            "value": 901497.0,
            "currency": "INR",
            "measure": "contractValue"
        }
    ],
    "awards": [
        {
            "id": 1,
            "value": [
                {
                    "amount": 901497.0,
                    "currency": "INR"
                }
            ],
            "suppliers": [
                {
                    "id": "narcconsultingenggplussprivatelimited",
                    "name": "N Arc Consulting Enggpluss Private Limited"
                }
            ],
            "contractPeriod": [
                {
                    "startDate": "2024-16-03",
                    "durationInDays": 90
                }
            ]
        },
        {
            "id": 2,
            "value": [
                {
                    "amount": "901497",
                    "currency": "INR"
                }
            ]
        }
    ]
}