{
    "ocid": "ocds-f5kvwu-2023_BTC_33703_1",
    "id": "1",
    "date": "2024-11-27",
    "tag": [
        "tender"
    ],
    "initiationType": "tender",
    "parties": [
        {
            "id": "bodolandterritorialcouncilpwd",
            "name": "Bodoland Territorial Council-PWD",
            "roles": [
                "buyer"
            ]
        },
        {
            "id": "nelsonbasumatary",
            "name": "NELSON BASUMATARY",
            "roles": [
                "tenderer"
            ]
        },
        {
            "id": "sribhabeshsaharia",
            "name": "Sri Bhabesh Saharia",
            "roles": [
                "tenderer",
                "supplier"
            ]
        },
        {
            "id": "sriminonmochahari",
            "name": "Sri Minon Mochahari",
            "roles": [
                "tenderer"
            ]
        },
        {
            "id": "theaddlchiefengineercumdirectorpwdbtc",
            "name": "The Addl. Chief Engineer cum Director, PWD BTC",
            "address": [
                {
                    "streetAddress": "O/o the Addl. Chief Engineer cum Director, PWD BTC, Kokrajhar"
                }
            ],
            "roles": [
                "procuringEntity"
            ]
        }
    ],
    "buyer": [
        {
            "name": "Bodoland Territorial Council-PWD",
            "id": "bodolandterritorialcouncilpwd"
        }
    ],
    "tender": [
        {
            "id": "2023_BTC_33703_1",
            "identifiers": [
                {
                    "id": "150/PWD/NIT/Goodwill/23-24/5",
                    "scheme": "external"
                }
            ],
            "title": "Construction of R.C.C. Bridge No. 1/1 on Duwamakha Tamulbari Road under CMs Goodwill Mission Project for the year 2023-24 of District Udalguri (38. Bhairabkunda (ST). (TN_26_141)",
            "description": "Construction of R.C.C. Bridge No. 1/1 on Duwamakha Tamulbari Road under CMs Goodwill Mission Project for the year 2023-24 of District Udalguri (38. Bhairabkunda (ST).",
            "datePublished": "2023-08-11 17:00",
            "contractType": "Tender",
            "submissionTerms": [
                {
                    "allowPreferentialBidder": "No",
                    "allowMultiCurrencyFee": "No",
                    "allowMultiCurrencyBQQ": "No",
                    "bidValidityPeriod": [
                        {
                            "durationInDays": 180
                        }
                    ]
                }
            ],
            "procuringEntity": [
                {
                    "name": "The Addl. Chief Engineer cum Director, PWD BTC",
                    "id": "theaddlchiefengineercumdirectorpwdbtc"
                }
            ],
            "items": [
                {
                    "id": "01",
                    "classification": [
                        {
                            "description": "Civil Works"
                        }
                    ],
                    "additionalClassifications": [
                        {
                            "description": "Work Item Details > Subcategory"
                        }
                    ],
                    "deliveryAddresses": [
                        {
                            "postalCode": "784509.0",
                            "streetAddress": "Udalguri"
                        }
                    ]
                }
            ],
            "value": [
                {
                    "amount": 31035592.0,
                    "currency": "INR"
                }
            ],
            "procurementMethod": "Open Tender",
            "mainProcurementCategory": "Works",
            "tenderPeriod": [
                {
                    "startDate": "2023-08-11 17:00",
                    "endDate": "2023-28-11 14:00",
                    "durationInDays": 19
                }
            ],
            "enquiryPeriod": [
                {
                    "startDate": "2023-08-11 17:00",
                    "endDate": "2023-28-11 12:00",
                    "durationInDays": 19
                }
            ],
            "contractPeriod": [
                {
                    "durationInDays": 730
                }
            ],
            "communication": [
                {
                    "id": 1,
                    "documentAvailabilityPeriod": [
                        {
                            "startDate": "2023-08-11 17:00",
                            "endDate": "2023-28-11 14:00"
                        }
                    ]
                }
            ],
            "bidOpening": [
                {
                    "date": "2023-29-11 12:00",
                    "address": [
                        {
                            "streetAddress": "O/o the Addl. Chief Engineer cum Director, PWD BTC"
                        }
                    ]
                }
            ],
            "participationFees": [
                {
                    "id": "01",
                    "value": [
                        {
                            "amount": 6200.0,
                            "currency": "INR"
                        }
                    ],
                    "description": "Nil"
                }
            ],
            "numberOfTenderers": 5,
            "milestones": [
                {
                    "id": "1",
                    "title": "Published Date",
                    "type": "Pre-procurement milestones",
                    "dueDate": "2023-08-11 17:00"
                },
                {
                    "id": "2",
                    "title": "Document Download / Sale Start Date",
                    "type": "Pre-procurement milestones",
                    "dueDate": "2023-08-11 17:00"
                },
                {
                    "id": "3",
                    "title": "Clarification Start Date",
                    "type": "Pre-procurement milestones",
                    "dueDate": "2023-08-11 17:00"
                },
                {
                    "id": "4",
                    "title": "Bid Submission Start Date",
                    "type": "Pre-procurement milestones",
                    "dueDate": "2023-08-11 17:00"
                },
                {
                    "id": "5",
                    "title": "Bid Opening Date",
                    "type": "Pre-procurement milestones",
                    "dueDate": "2023-29-11 12:00"
                },
                {
                    "id": "6",
                    "title": "Document Download / Sale End Date",
                    "type": "Pre-procurement milestones",
                    "dueDate": "2023-28-11 14:00"
                },
                {
                    "id": "7",
                    "title": "Clarification End Date",
                    "type": "Pre-procurement milestones",
                    "dueDate": "2023-28-11 12:00"
                },
                {
                    "id": "8",
                    "title": "Bid Submission End Date",
                    "type": "Pre-procurement milestones",
                    "dueDate": "2023-28-11 14:00"
                },
                {
                    "id": "9",
                    "title": "Financial Bid Opening Date",
                    "type": "Pre-procurement milestones",
                    "dueDate": "2023-21-12 17:50"
                }
            ],
            "fiscalYear": "2023-2024"
        }
    ],
    "bids": [
        {
            "id": 1,
            "details": [
                {
                    "id": "212001.0",
                    "date": "2023-25-11 11:45",
                    "status": "Rejected-AOC",
                    "tenderers": [
                        {
                            "id": "nelsonbasumatary",
                            "name": "NELSON BASUMATARY"
                        }
                    ]
                },
                {
                    "id": "211989.0",
                    "date": "2023-24-11 21:37",
                    "status": "Rejected-AOC",
                    "tenderers": [
                        {
                            "id": "sriminonmochahari",
                            "name": "Sri Minon Mochahari"
                        }
                    ]
                },
                {
                    "id": "211915.0",
                    "date": "2023-26-11 14:40",
                    "status": "Accepted-AOC",
                    "tenderers": [
                        {
                            "id": "sribhabeshsaharia",
                            "name": "Sri Bhabesh Saharia"
                        }
                    ]
                }
            ]
        }
    ],
    "statistics": [
        {
            "id": "1",
            "value": 31003585.0,
            "currency": "INR",
            "measure": "contractValue"
        }
    ],
    "awards": [
        {
            "id": 1,
            "description": "Work Order",
            "value": [
                {
                    "amount": 31003585.0,
                    "currency": "INR"
                }
            ],
            "suppliers": [
                {
                    "id": "sribhabeshsaharia",
                    "name": "Sri Bhabesh Saharia"
                }
            ],
            "contractPeriod": [
                {
                    "startDate": "2024-14-03",
                    "durationInDays": 730
                }
            ]
        },
        {
            "id": 2,
            "value": [
                {
                    "amount": "31003585",
                    "currency": "INR"
                }
            ]
        }
    ]
}