{
    "ocid": "ocds-f5kvwu-2023_BTC_33164_1",
    "id": "1",
    "date": "2024-11-27",
    "tag": [
        "tender"
    ],
    "initiationType": "tender",
    "parties": [
        {
            "id": "bodolandterritorialcouncilpwd",
            "name": "Bodoland Territorial Council-PWD",
            "roles": [
                "buyer"
            ]
        },
        {
            "id": "anupamghosh",
            "name": "ANUPAM GHOSH",
            "roles": [
                "tenderer",
                "supplier"
            ]
        },
        {
            "id": "msmaasarodaenterprise",
            "name": "M/S MAA SARODA ENTERPRISE",
            "roles": [
                "tenderer"
            ]
        },
        {
            "id": "msmmenterprise",
            "name": "M/S M.M. ENTERPRISE",
            "roles": [
                "tenderer"
            ]
        },
        {
            "id": "theaddlchiefengineercumdirectorpwdbtc",
            "name": "The Addl. Chief Engineer cum Director, PWD, BTC",
            "address": [
                {
                    "streetAddress": "O/o the Addl. Chief Engineer cum Director, PWD BTC, Kokrajhar."
                }
            ],
            "roles": [
                "procuringEntity"
            ]
        }
    ],
    "buyer": [
        {
            "name": "Bodoland Territorial Council-PWD",
            "id": "bodolandterritorialcouncilpwd"
        }
    ],
    "tender": [
        {
            "id": "2023_BTC_33164_1",
            "identifiers": [
                {
                    "id": "ACE-27/KOJ/NIT/Pt-II/23-24/35",
                    "scheme": "external"
                }
            ],
            "title": "Repairing and Renovation of main building (old SD) and Site Development of Gossainichina State Dispensary at Gossainichina under Kokrajhar District",
            "description": "Repairing and Renovation of main building (old SD) and Site Development of Gossainichina State Dispensary at Gossainichina under Kokrajhar District",
            "datePublished": "2023-19-10 10:30",
            "contractType": "Tender",
            "submissionTerms": [
                {
                    "allowPreferentialBidder": "No",
                    "allowMultiCurrencyFee": "No",
                    "allowMultiCurrencyBQQ": "No",
                    "bidValidityPeriod": [
                        {
                            "durationInDays": 180
                        }
                    ]
                }
            ],
            "procuringEntity": [
                {
                    "name": "The Addl. Chief Engineer cum Director, PWD, BTC",
                    "id": "theaddlchiefengineercumdirectorpwdbtc"
                }
            ],
            "items": [
                {
                    "id": "01",
                    "classification": [
                        {
                            "description": "Civil Works"
                        }
                    ],
                    "additionalClassifications": [
                        {
                            "description": "Work Item Details > Subcategory"
                        }
                    ],
                    "deliveryAddresses": [
                        {
                            "postalCode": "783370.0",
                            "streetAddress": "Kokrajhar"
                        }
                    ]
                }
            ],
            "value": [
                {
                    "amount": 2375123.0,
                    "currency": "INR"
                }
            ],
            "procurementMethod": "Open Tender",
            "mainProcurementCategory": "Works",
            "tenderPeriod": [
                {
                    "startDate": "2023-19-10 10:30",
                    "endDate": "2023-09-11 14:00",
                    "durationInDays": 21
                }
            ],
            "enquiryPeriod": [
                {
                    "startDate": "2023-19-10 10:30",
                    "endDate": "2023-09-11 13:00",
                    "durationInDays": 21
                }
            ],
            "contractPeriod": [
                {
                    "durationInDays": 180
                }
            ],
            "communication": [
                {
                    "id": 1,
                    "documentAvailabilityPeriod": [
                        {
                            "startDate": "2023-19-10 10:30",
                            "endDate": "2023-09-11 14:00"
                        }
                    ]
                }
            ],
            "bidOpening": [
                {
                    "date": "2023-10-11 14:00",
                    "address": [
                        {
                            "streetAddress": "O/o the Addl. Chief Engineer cum Director, PWD BTC"
                        }
                    ]
                }
            ],
            "participationFees": [
                {
                    "id": "01",
                    "value": [
                        {
                            "amount": 1000.0,
                            "currency": "INR"
                        }
                    ],
                    "description": "Nil"
                }
            ],
            "numberOfTenderers": 5,
            "milestones": [
                {
                    "id": "1",
                    "title": "Published Date",
                    "type": "Pre-procurement milestones",
                    "dueDate": "2023-19-10 10:30"
                },
                {
                    "id": "2",
                    "title": "Document Download / Sale Start Date",
                    "type": "Pre-procurement milestones",
                    "dueDate": "2023-19-10 10:30"
                },
                {
                    "id": "3",
                    "title": "Clarification Start Date",
                    "type": "Pre-procurement milestones",
                    "dueDate": "2023-19-10 10:30"
                },
                {
                    "id": "4",
                    "title": "Bid Submission Start Date",
                    "type": "Pre-procurement milestones",
                    "dueDate": "2023-19-10 10:30"
                },
                {
                    "id": "5",
                    "title": "Bid Opening Date",
                    "type": "Pre-procurement milestones",
                    "dueDate": "2023-10-11 14:00"
                },
                {
                    "id": "6",
                    "title": "Document Download / Sale End Date",
                    "type": "Pre-procurement milestones",
                    "dueDate": "2023-09-11 14:00"
                },
                {
                    "id": "7",
                    "title": "Clarification End Date",
                    "type": "Pre-procurement milestones",
                    "dueDate": "2023-09-11 13:00"
                },
                {
                    "id": "8",
                    "title": "Bid Submission End Date",
                    "type": "Pre-procurement milestones",
                    "dueDate": "2023-09-11 14:00"
                },
                {
                    "id": "9",
                    "title": "Financial Bid Opening Date",
                    "type": "Pre-procurement milestones",
                    "dueDate": "2023-23-11 11:00"
                }
            ],
            "fiscalYear": "2023-2024"
        }
    ],
    "bids": [
        {
            "id": 1,
            "details": [
                {
                    "id": "209587.0",
                    "date": "2023-09-11 09:33",
                    "status": "Rejected-AOC",
                    "tenderers": [
                        {
                            "id": "msmaasarodaenterprise",
                            "name": "M/S MAA SARODA ENTERPRISE"
                        }
                    ]
                },
                {
                    "id": "209584.0",
                    "date": "2023-09-11 10:09",
                    "status": "Rejected-Technical",
                    "tenderers": [
                        {
                            "id": "msmmenterprise",
                            "name": "M/S M.M. ENTERPRISE"
                        }
                    ]
                },
                {
                    "id": "209602.0",
                    "date": "2023-09-11 09:18",
                    "status": "Accepted-AOC",
                    "tenderers": [
                        {
                            "id": "anupamghosh",
                            "name": "ANUPAM GHOSH"
                        }
                    ]
                }
            ]
        }
    ],
    "statistics": [
        {
            "id": "1",
            "value": 2372864.85,
            "currency": "INR",
            "measure": "contractValue"
        }
    ],
    "awards": [
        {
            "id": 1,
            "description": "L1",
            "value": [
                {
                    "amount": 2372864.85,
                    "currency": "INR"
                }
            ],
            "suppliers": [
                {
                    "id": "anupamghosh",
                    "name": "ANUPAM GHOSH"
                }
            ],
            "contractPeriod": [
                {
                    "startDate": "2024-15-02",
                    "durationInDays": 180
                }
            ]
        },
        {
            "id": 2,
            "value": [
                {
                    "amount": "237286485",
                    "currency": "INR"
                }
            ]
        }
    ]
}