{
    "ocid": "ocds-f5kvwu-2023_AEGCL_33598_1",
    "id": "1",
    "date": "2024-11-27",
    "tag": [
        "tender"
    ],
    "initiationType": "tender",
    "parties": [
        {
            "id": "assamelectricitygridcorporationltd",
            "name": "Assam Electricity Grid Corporation Ltd",
            "roles": [
                "buyer"
            ]
        },
        {
            "id": "bharatsancharnigamlimited",
            "name": "Bharat Sanchar Nigam Limited",
            "roles": [
                "tenderer"
            ]
        },
        {
            "id": "bhartiairtelltd",
            "name": "Bharti Airtel Ltd",
            "roles": [
                "tenderer"
            ]
        },
        {
            "id": "sifytechnologiesltd",
            "name": "Sify Technologies Ltd",
            "roles": [
                "tenderer",
                "supplier"
            ]
        },
        {
            "id": "cgmppnd",
            "name": "CGM PP n D",
            "address": [
                {
                    "streetAddress": "MD AEGCL bijulee bhawan"
                }
            ],
            "roles": [
                "procuringEntity"
            ]
        }
    ],
    "buyer": [
        {
            "name": "Assam Electricity Grid Corporation Ltd",
            "id": "assamelectricitygridcorporationltd"
        }
    ],
    "tender": [
        {
            "id": "2023_AEGCL_33598_1",
            "identifiers": [
                {
                    "id": "AEGCL/MD/IT/ILL/2023/12",
                    "scheme": "external"
                }
            ],
            "title": "Supply, Installation and Commissioning of 1 1 dedicated 300MBps lease line internet connectivity with SLA agreement at Corporate Office of Assam Electricity Grid Corporation Limited, 1st Floor, Bijulee Bhawan, Paltan Bazar, Guwahati 01",
            "description": "Supply, Installation and Commissioning of 1 1 dedicated 300MBps lease line internet connectivity with SLA agreement at Corporate Office of Assam Electricity Grid Corporation Limited, 1st Floor, Bijulee Bhawan, Paltan Bazar, Guwahati 01",
            "datePublished": "2023-08-11 11:00",
            "contractType": "Tender",
            "submissionTerms": [
                {
                    "allowPreferentialBidder": "No",
                    "allowMultiCurrencyFee": "No",
                    "allowMultiCurrencyBQQ": "No",
                    "bidValidityPeriod": [
                        {
                            "durationInDays": 180
                        }
                    ]
                }
            ],
            "procuringEntity": [
                {
                    "name": "CGM PP n D",
                    "id": "cgmppnd"
                }
            ],
            "items": [
                {
                    "id": "01",
                    "classification": [
                        {
                            "description": "Information Technology"
                        }
                    ],
                    "additionalClassifications": [
                        {
                            "description": "Work Item Details > Subcategory"
                        }
                    ],
                    "deliveryAddresses": [
                        {
                            "postalCode": "781001.0",
                            "streetAddress": "Guwahati"
                        }
                    ]
                }
            ],
            "procurementMethod": "Open Tender",
            "mainProcurementCategory": "Works",
            "tenderPeriod": [
                {
                    "startDate": "2023-08-11 11:00",
                    "endDate": "2023-28-11 16:00",
                    "durationInDays": 20
                }
            ],
            "enquiryPeriod": [
                {
                    "startDate": "2023-08-11 11:00",
                    "endDate": "2023-15-11 17:00",
                    "durationInDays": 7
                }
            ],
            "contractPeriod": [
                {
                    "durationInDays": 60
                }
            ],
            "communication": [
                {
                    "id": 1,
                    "documentAvailabilityPeriod": [
                        {
                            "startDate": "2023-08-11 11:00",
                            "endDate": "2023-28-11 16:00"
                        }
                    ]
                }
            ],
            "bidOpening": [
                {
                    "date": "2023-29-11 15:00",
                    "address": [
                        {
                            "streetAddress": "guwahati"
                        }
                    ]
                }
            ],
            "participationFees": [
                {
                    "id": "01",
                    "value": [
                        {
                            "amount": 1000.0,
                            "currency": "INR"
                        }
                    ],
                    "description": "Nil"
                }
            ],
            "numberOfTenderers": 4,
            "milestones": [
                {
                    "id": "1",
                    "title": "Published Date",
                    "type": "Pre-procurement milestones",
                    "dueDate": "2023-08-11 11:00"
                },
                {
                    "id": "2",
                    "title": "Document Download / Sale Start Date",
                    "type": "Pre-procurement milestones",
                    "dueDate": "2023-08-11 11:00"
                },
                {
                    "id": "3",
                    "title": "Clarification Start Date",
                    "type": "Pre-procurement milestones",
                    "dueDate": "2023-08-11 11:00"
                },
                {
                    "id": "4",
                    "title": "Bid Submission Start Date",
                    "type": "Pre-procurement milestones",
                    "dueDate": "2023-08-11 11:00"
                },
                {
                    "id": "5",
                    "title": "Bid Opening Date",
                    "type": "Pre-procurement milestones",
                    "dueDate": "2023-29-11 15:00"
                },
                {
                    "id": "6",
                    "title": "Document Download / Sale End Date",
                    "type": "Pre-procurement milestones",
                    "dueDate": "2023-28-11 16:00"
                },
                {
                    "id": "7",
                    "title": "Clarification End Date",
                    "type": "Pre-procurement milestones",
                    "dueDate": "2023-15-11 17:00"
                },
                {
                    "id": "8",
                    "title": "Bid Submission End Date",
                    "type": "Pre-procurement milestones",
                    "dueDate": "2023-28-11 16:00"
                },
                {
                    "id": "9",
                    "title": "Financial Bid Opening Date",
                    "type": "Pre-procurement milestones",
                    "dueDate": "2023-16-12 15:30"
                }
            ],
            "fiscalYear": "2023-2024"
        }
    ],
    "bids": [
        {
            "id": 1,
            "details": [
                {
                    "id": "212920.0",
                    "date": "2023-28-11 13:39",
                    "status": "Rejected-Finance",
                    "tenderers": [
                        {
                            "id": "bharatsancharnigamlimited",
                            "name": "Bharat Sanchar Nigam Limited"
                        }
                    ]
                },
                {
                    "id": "212036.0",
                    "date": "2023-28-11 14:39",
                    "status": "Rejected-Finance",
                    "tenderers": [
                        {
                            "id": "bhartiairtelltd",
                            "name": "Bharti Airtel Ltd"
                        }
                    ]
                },
                {
                    "id": "212592.0",
                    "date": "2023-28-11 07:27",
                    "status": "Accepted-AOC",
                    "tenderers": [
                        {
                            "id": "sifytechnologiesltd",
                            "name": "Sify Technologies Ltd"
                        }
                    ]
                }
            ]
        }
    ],
    "statistics": [
        {
            "id": "1",
            "value": 595900.0,
            "currency": "INR",
            "measure": "contractValue"
        }
    ],
    "awards": [
        {
            "id": 1,
            "value": [
                {
                    "amount": 595900.0,
                    "currency": "INR"
                }
            ],
            "suppliers": [
                {
                    "id": "sifytechnologiesltd",
                    "name": "Sify Technologies Ltd"
                }
            ],
            "contractPeriod": [
                {
                    "startDate": "2024-06-06",
                    "durationInDays": 30
                }
            ]
        },
        {
            "id": 2,
            "value": [
                {
                    "amount": "595900",
                    "currency": "INR"
                }
            ]
        }
    ]
}