{
    "ocid": "ocds-f5kvwu-2023_AHVD_34567_1",
    "id": "1",
    "date": "2024-11-27",
    "tag": [
        "tender"
    ],
    "initiationType": "tender",
    "parties": [
        {
            "id": "animalhusbandryandveterinarydepartment",
            "name": "Animal Husbandry and Veterinary Department",
            "roles": [
                "buyer"
            ]
        },
        {
            "id": "gopalchandrabora",
            "name": "GOPAL CHANDRA BORA",
            "roles": [
                "tenderer"
            ]
        },
        {
            "id": "jayantakhaund",
            "name": "Jayanta Khaund",
            "roles": [
                "tenderer"
            ]
        },
        {
            "id": "msdsenterprise",
            "name": "M/S D. S. ENTERPRISE",
            "roles": [
                "tenderer"
            ]
        },
        {
            "id": "sriprasantakumardutta",
            "name": "Sri Prasanta Kumar Dutta",
            "roles": [
                "tenderer"
            ]
        },
        {
            "id": "utpalkumardas",
            "name": "UTPAL KUMAR DAS",
            "roles": [
                "tenderer",
                "supplier"
            ]
        },
        {
            "id": "director",
            "name": "Director",
            "address": [
                {
                    "streetAddress": "Directorate of Dairy Development Department, Assam, Khanapara, Guwahati-22"
                }
            ],
            "roles": [
                "procuringEntity"
            ]
        }
    ],
    "buyer": [
        {
            "name": "Animal Husbandry and Veterinary Department",
            "id": "animalhusbandryandveterinarydepartment"
        }
    ],
    "tender": [
        {
            "id": "2023_AHVD_34567_1",
            "identifiers": [
                {
                    "id": "DD/NEC/1/2022-23/1569-72",
                    "scheme": "external"
                }
            ],
            "title": "Establishment of 10000 LPD (expandable) upto 20000 LPD) Capacity Milk Processing Plant at Patacharkuchi, Bajali under NEC",
            "description": "Establishment of 10000 LPD (expandable upto 20000 LPD) Capacity Milk Processing Plant at Patacharkuchi, Bajali under NEC",
            "datePublished": "2023-08-12 17:30",
            "contractType": "Tender",
            "submissionTerms": [
                {
                    "allowPreferentialBidder": "No",
                    "allowMultiCurrencyFee": "No",
                    "allowMultiCurrencyBQQ": "No",
                    "bidValidityPeriod": [
                        {
                            "durationInDays": 180
                        }
                    ]
                }
            ],
            "procuringEntity": [
                {
                    "name": "Director",
                    "id": "director"
                }
            ],
            "items": [
                {
                    "id": "01",
                    "classification": [
                        {
                            "description": "Miscellaneous Works"
                        }
                    ],
                    "additionalClassifications": [
                        {
                            "description": "Work Item Details > Subcategory"
                        }
                    ],
                    "deliveryAddresses": [
                        {
                            "postalCode": "781022.0",
                            "streetAddress": "Guwahati"
                        }
                    ]
                }
            ],
            "value": [
                {
                    "amount": 30919314.0,
                    "currency": "INR"
                }
            ],
            "procurementMethod": "Open Tender",
            "mainProcurementCategory": "Item Rate",
            "tenderPeriod": [
                {
                    "startDate": "2023-08-12 17:30",
                    "endDate": "2024-04-01 12:00",
                    "durationInDays": 26
                }
            ],
            "contractPeriod": [
                {
                    "durationInDays": 365
                }
            ],
            "communication": [
                {
                    "id": 1,
                    "documentAvailabilityPeriod": [
                        {
                            "startDate": "2023-09-12 12:00",
                            "endDate": "2024-04-01 12:00"
                        }
                    ]
                }
            ],
            "bidOpening": [
                {
                    "date": "2024-04-01 15:00",
                    "address": [
                        {
                            "streetAddress": "O/o THE DAIRY DEVELOPMENT DEPARTMENT, ASSAM"
                        }
                    ]
                }
            ],
            "participationFees": [
                {
                    "id": "01",
                    "value": [
                        {
                            "amount": 6200.0,
                            "currency": "INR"
                        }
                    ],
                    "description": "Nil"
                }
            ],
            "numberOfTenderers": 6,
            "milestones": [
                {
                    "id": "1",
                    "title": "Published Date",
                    "type": "Pre-procurement milestones",
                    "dueDate": "2023-08-12 17:30"
                },
                {
                    "id": "2",
                    "title": "Document Download / Sale Start Date",
                    "type": "Pre-procurement milestones",
                    "dueDate": "2023-09-12 12:00"
                },
                {
                    "id": "3",
                    "title": "Bid Submission Start Date",
                    "type": "Pre-procurement milestones",
                    "dueDate": "2023-21-12 12:00"
                },
                {
                    "id": "4",
                    "title": "Bid Opening Date",
                    "type": "Pre-procurement milestones",
                    "dueDate": "2024-04-01 15:00"
                },
                {
                    "id": "5",
                    "title": "Document Download / Sale End Date",
                    "type": "Pre-procurement milestones",
                    "dueDate": "2024-04-01 12:00"
                },
                {
                    "id": "6",
                    "title": "Bid Submission End Date",
                    "type": "Pre-procurement milestones",
                    "dueDate": "2024-04-01 12:00"
                },
                {
                    "id": "7",
                    "title": "Financial Bid Opening Date",
                    "type": "Pre-procurement milestones",
                    "dueDate": "2024-10-01 14:25"
                }
            ],
            "fiscalYear": "2023-2024"
        }
    ],
    "bids": [
        {
            "id": 1,
            "details": [
                {
                    "id": "218645.0",
                    "date": "2024-04-01 11:59",
                    "status": "Rejected-Finance",
                    "tenderers": [
                        {
                            "id": "gopalchandrabora",
                            "name": "GOPAL CHANDRA BORA"
                        }
                    ]
                },
                {
                    "id": "218684.0",
                    "date": "2024-04-01 11:21",
                    "status": "Rejected-Finance",
                    "tenderers": [
                        {
                            "id": "jayantakhaund",
                            "name": "Jayanta Khaund"
                        }
                    ]
                },
                {
                    "id": "218593.0",
                    "date": "2024-04-01 11:30",
                    "status": "Rejected-Finance",
                    "tenderers": [
                        {
                            "id": "msdsenterprise",
                            "name": "M/S D. S. ENTERPRISE"
                        }
                    ]
                },
                {
                    "id": "218573.0",
                    "date": "2024-03-01 21:30",
                    "status": "Rejected-Finance",
                    "tenderers": [
                        {
                            "id": "sriprasantakumardutta",
                            "name": "Sri Prasanta Kumar Dutta"
                        }
                    ]
                },
                {
                    "id": "218428.0",
                    "date": "2024-04-01 11:13",
                    "status": "Accepted-AOC",
                    "tenderers": [
                        {
                            "id": "utpalkumardas",
                            "name": "UTPAL KUMAR DAS"
                        }
                    ]
                }
            ]
        }
    ],
    "statistics": [
        {
            "id": "1",
            "value": 22832390.99,
            "currency": "INR",
            "measure": "contractValue"
        }
    ],
    "awards": [
        {
            "id": 1,
            "value": [
                {
                    "amount": 22832390.99,
                    "currency": "INR"
                }
            ],
            "suppliers": [
                {
                    "id": "utpalkumardas",
                    "name": "UTPAL KUMAR DAS"
                }
            ],
            "contractPeriod": [
                {
                    "startDate": "2024-10-06",
                    "durationInDays": 365
                }
            ]
        },
        {
            "id": 2,
            "value": [
                {
                    "amount": "2283239099",
                    "currency": "INR"
                }
            ]
        }
    ]
}