{
    "ocid": "ocds-f5kvwu-2018_WPTBC_6509_1",
    "id": 1,
    "date": "2024-11-28",
    "fiscalYear": "2017-2018",
    "mainProcurementCategory": "Works",
    "bidOpeningDate": "31-Mar-2018 03:00 PM",
    "tenderValueAmount": "41,46,000",
    "tender": [
        {
            "id": "2018_WPTBC_6509_1",
            "title": "Construction of Assam Type Godown building of TKAC at Dhali",
            "description": "Construction of Assam Type Godown building of TKAC at Dhali",
            "datePublished": "26-Mar-2018 09:00 AM",
            "contractType": "Percentage",
            "procurementMethod": "Open Tender",
            "mainProcuremenCategory": "Works",
            "value": [
                {
                    "amount": "41,46,000",
                    "currency": "INR"
                }
            ],
            "bidOpeing": [
                {
                    "date": "31-Mar-2018 03:00 PM"
                }
            ]
        }
    ]
}