{
    "ocid": "ocds-f5kvwu-2020_ASPIR_19634_1",
    "id": 1,
    "date": "2024-11-28",
    "fiscalYear": "2020-2021",
    "mainProcurementCategory": "Goods",
    "bidOpeningDate": "20-Feb-2021 02:30 PM",
    "tenderValueAmount": NaN,
    "tender": [
        {
            "id": "2020_ASPIR_19634_1",
            "title": "Supply of Server, Storage, Switches, and related services",
            "description": "Supply of Server, Storage, Switches, and related services",
            "datePublished": "11-Dec-2020 06:55 PM",
            "contractType": "Supply",
            "procurementMethod": "Open Tender",
            "mainProcuremenCategory": "Goods",
            "value": [
                {
                    "amount": NaN,
                    "currency": "INR"
                }
            ],
            "bidOpeing": [
                {
                    "date": "20-Feb-2021 02:30 PM"
                }
            ]
        }
    ]
}