{
    "ocid": "ocds-f5kvwu-2020_TDA_19795_1",
    "id": 1,
    "date": "2024-11-28",
    "fiscalYear": "2020-2021",
    "mainProcurementCategory": "Services",
    "bidOpeningDate": "20-Jan-2021 04:00 PM",
    "tenderValueAmount": NaN,
    "tender": [
        {
            "id": "2020_TDA_19795_1",
            "title": "Engagement of Agency for Supply, Customization, Implementation and Maintenance of Application Software for Road Accident Data Management System in the state of Assam",
            "description": "Engagement of Agency for Supply, Customization, Implementation and Maintenance of Application Software for Road Accident Data Management System in the state of Assam",
            "datePublished": "29-Dec-2020 03:00 PM",
            "contractType": "Item Rate",
            "procurementMethod": "Open Tender",
            "mainProcuremenCategory": "Services",
            "value": [
                {
                    "amount": NaN,
                    "currency": "INR"
                }
            ],
            "bidOpeing": [
                {
                    "date": "20-Jan-2021 04:00 PM"
                }
            ]
        }
    ]
}