{
    "ocid": "ocds-f5kvwu-2021_TDEP_22972_1",
    "id": 1,
    "date": "2024-11-28",
    "fiscalYear": "2021-2022",
    "mainProcurementCategory": "Goods",
    "bidOpeningDate": "25-Oct-2021 04:00 PM",
    "tenderValueAmount": "9,47,600",
    "tender": [
        {
            "id": "2021_TDEP_22972_1",
            "title": "Supply of AIS 140 GPS devices includes GPS device cost, installation cost, 3 years warranty with software license fees per user per year and SIM card with 4G data package for IWT ferry vessels",
            "description": "Supply of AIS 140 GPS devices includes GPS device cost, installation cost, 3 years warranty with software license fees per user per year and SIM card with 4G data package for IWT ferry vessels",
            "datePublished": "18-Sep-2021 11:30 AM",
            "contractType": "Supply",
            "procurementMethod": "Open Tender",
            "mainProcuremenCategory": "Goods",
            "value": [
                {
                    "amount": "9,47,600",
                    "currency": "INR"
                }
            ],
            "bidOpeing": [
                {
                    "date": "25-Oct-2021 04:00 PM"
                }
            ]
        }
    ]
}