{
    "ocid": "ocds-f5kvwu-2021_FD_23230_1",
    "id": 1,
    "date": "2024-11-28",
    "fiscalYear": "2021-2022",
    "mainProcurementCategory": "Goods",
    "bidOpeningDate": "01-Dec-2021 02:30 PM",
    "tenderValueAmount": "61,01,400",
    "tender": [
        {
            "id": "2021_FD_23230_1",
            "title": "Supply and installation of Medium Fish Feed Mill Machineries",
            "description": "Supply and installation of Medium Fish Feed Mill Machineries",
            "datePublished": "26-Oct-2021 04:00 PM",
            "contractType": "Supply",
            "procurementMethod": "Open Tender",
            "mainProcuremenCategory": "Goods",
            "value": [
                {
                    "amount": "61,01,400",
                    "currency": "INR"
                }
            ],
            "bidOpeing": [
                {
                    "date": "01-Dec-2021 02:30 PM"
                }
            ]
        }
    ]
}