{
    "ocid": "ocds-f5kvwu-2021_HFWD_23534_1",
    "id": 1,
    "date": "2024-11-28",
    "fiscalYear": "2021-2022",
    "mainProcurementCategory": "Goods",
    "bidOpeningDate": "10-Jan-2022 05:00 PM",
    "tenderValueAmount": NaN,
    "tender": [
        {
            "id": "2021_HFWD_23534_1",
            "title": "Supply and Installation of equipment related to Neurosurgery Department",
            "description": "Supply and Installation of equipment related to Neurosurgery Department",
            "datePublished": "01-Dec-2021 04:00 PM",
            "contractType": "Item Rate",
            "procurementMethod": "Open Tender",
            "mainProcuremenCategory": "Goods",
            "value": [
                {
                    "amount": NaN,
                    "currency": "INR"
                }
            ],
            "bidOpeing": [
                {
                    "date": "10-Jan-2022 05:00 PM"
                }
            ]
        }
    ]
}