{
    "ocid": "ocds-f5kvwu-2021_TDEP_22221_1",
    "id": 1,
    "date": "2024-11-28",
    "fiscalYear": "2021-2022",
    "mainProcurementCategory": "Services",
    "bidOpeningDate": "26-Aug-2021 04:00 PM",
    "tenderValueAmount": "5,46,08,040",
    "tender": [
        {
            "id": "2021_TDEP_22221_1",
            "title": "Selection of Consultancy Firm for Appointment of Technical Services and Supervision Consultant firm for providing consulting services for Construction of terminal and riverine infrastructure at Guwahati Gateway Ghat Assam",
            "description": "Selection of Consultancy Firm for Appointment of Technical Services and Supervision Consultant firm for providing consulting services for Construction of terminal and riverine infrastructure at Guwahati Gateway Ghat Assam",
            "datePublished": "22-Jul-2021 05:00 PM",
            "contractType": "Lump-sum",
            "procurementMethod": "Open Tender",
            "mainProcuremenCategory": "Services",
            "value": [
                {
                    "amount": "5,46,08,040",
                    "currency": "INR"
                }
            ],
            "bidOpeing": [
                {
                    "date": "26-Aug-2021 04:00 PM"
                }
            ]
        }
    ]
}