{
    "ocid": "ocds-f5kvwu-2021_PWD_21671_1",
    "id": 1,
    "date": "2024-11-28",
    "fiscalYear": "2021-2022",
    "mainProcurementCategory": "Works",
    "bidOpeningDate": "23-Jun-2021 10:00 AM",
    "tenderValueAmount": "2,22,95,500",
    "tender": [
        {
            "id": "2021_PWD_21671_1",
            "title": "Construction of walking zone at Barpatra Ali from Gitarthi point to Malow Ali providing shaded tiles and railing at Jorhat under CIDF",
            "description": "Construction of walking zone at Barpatra Ali from Gitarthi point to Malow Ali providing shaded tiles and railing at Jorhat under CIDF",
            "datePublished": "13-May-2021 10:00 AM",
            "contractType": "Works",
            "procurementMethod": "Open Tender",
            "mainProcuremenCategory": "Works",
            "value": [
                {
                    "amount": "2,22,95,500",
                    "currency": "INR"
                }
            ],
            "bidOpeing": [
                {
                    "date": "23-Jun-2021 10:00 AM"
                }
            ]
        }
    ]
}