{
    "ocid": "ocds-f5kvwu-2021_TDEP_22279_1",
    "id": 1,
    "date": "2024-11-28",
    "fiscalYear": "2021-2022",
    "mainProcurementCategory": "Services",
    "bidOpeningDate": "02-Sep-2021 04:00 PM",
    "tenderValueAmount": NaN,
    "tender": [
        {
            "id": "2021_TDEP_22279_1",
            "title": "Hiring of Safeguards Consultant for Environmental and Social Assessment Studies for Assam Inland Water Transport Project Phase II",
            "description": "Hiring of Safeguards Consultant for Environmental and Social Assessment Studies for Assam Inland Water Transport Project Phase II",
            "datePublished": "27-Jul-2021 06:40 PM",
            "contractType": "Lump-sum",
            "procurementMethod": "Open Tender",
            "mainProcuremenCategory": "Services",
            "value": [
                {
                    "amount": NaN,
                    "currency": "INR"
                }
            ],
            "bidOpeing": [
                {
                    "date": "02-Sep-2021 04:00 PM"
                }
            ]
        }
    ]
}