{
    "ocid": "ocds-f5kvwu-2022_NHM_28018_80",
    "id": 1,
    "date": "2024-11-28",
    "fiscalYear": "2022-2023",
    "mainProcurementCategory": "Works",
    "bidOpeningDate": "30-Dec-2022 03:30 PM",
    "tenderValueAmount": "46,39,828",
    "tender": [
        {
            "id": "2022_NHM_28018_80",
            "title": "Establishment of Proposed 6 bedded ward at various SHCs n PHCs of Assam under ECRP II NHM Assam Group 80 4 nos scheme in Dibrugarh district",
            "description": "Establishment of Proposed 6 bedded ward at various SHCs n PHCs of Assam under ECRP II NHM Assam Group 80 4 nos scheme in Dibrugarh district",
            "datePublished": "07-Dec-2022 09:00 AM",
            "contractType": "Turn-key",
            "procurementMethod": "Open Tender",
            "mainProcuremenCategory": "Works",
            "value": [
                {
                    "amount": "46,39,828",
                    "currency": "INR"
                }
            ],
            "bidOpeing": [
                {
                    "date": "30-Dec-2022 03:30 PM"
                }
            ]
        }
    ]
}