{
    "ocid": "ocds-f5kvwu-2022_WPTBC_26271_1",
    "id": 1,
    "date": "2024-11-28",
    "fiscalYear": "2022-2023",
    "mainProcurementCategory": "Goods",
    "bidOpeningDate": "22-Jul-2022 03:00 PM",
    "tenderValueAmount": NaN,
    "tender": [
        {
            "id": "2022_WPTBC_26271_1",
            "title": "Supply of Items For the Year 2022-23",
            "description": "Supply of Items For the Year 2022-23",
            "datePublished": "08-Jul-2022 05:00 PM",
            "contractType": "Item Rate",
            "procurementMethod": "Open Tender",
            "mainProcuremenCategory": "Goods",
            "value": [
                {
                    "amount": NaN,
                    "currency": "INR"
                }
            ],
            "bidOpeing": [
                {
                    "date": "22-Jul-2022 03:00 PM"
                }
            ]
        }
    ]
}