{
    "ocid": "ocds-f5kvwu-2022_PWBNH_27716_1",
    "id": 1,
    "date": "2024-11-28",
    "fiscalYear": "2022-2023",
    "mainProcurementCategory": "Works",
    "bidOpeningDate": "17-Nov-2022 03:00 PM",
    "tenderValueAmount": "38,28,400",
    "tender": [
        {
            "id": "2022_PWBNH_27716_1",
            "title": "Development of Astabhuj Prakalpa Phase II under One Time Special Grant for Development of Moran Community for the year 2021-22 Gr No 24",
            "description": "Development of Astabhuj Prakalpa Phase II under One Time Special Grant for Development of Moran Community for the year 2021-22 Gr No 24",
            "datePublished": "11-Nov-2022 09:00 AM",
            "contractType": "Item Rate",
            "procurementMethod": "Open Tender",
            "mainProcuremenCategory": "Works",
            "value": [
                {
                    "amount": "38,28,400",
                    "currency": "INR"
                }
            ],
            "bidOpeing": [
                {
                    "date": "17-Nov-2022 03:00 PM"
                }
            ]
        }
    ]
}