{
    "ocid": "ocds-f5kvwu-2022_PWBNH_27964_1",
    "id": 1,
    "date": "2024-11-28",
    "fiscalYear": "2022-2023",
    "mainProcurementCategory": "Works",
    "bidOpeningDate": "06-Dec-2022 03:00 PM",
    "tenderValueAmount": "2,53,44,703",
    "tender": [
        {
            "id": "2022_PWBNH_27964_1",
            "title": "Construction of RCC Retaining wall brick boundary wall in the periphery of the Cancer Hospital Campus at AMCH, Dibrugarh, Group No 1",
            "description": "Construction of RCC Retaining wall brick boundary wall in the periphery of the Cancer Hospital Campus at AMCH, Dibrugarh, Group No 1",
            "datePublished": "30-Nov-2022 09:00 AM",
            "contractType": "Item Rate",
            "procurementMethod": "Open Tender",
            "mainProcuremenCategory": "Works",
            "value": [
                {
                    "amount": "2,53,44,703",
                    "currency": "INR"
                }
            ],
            "bidOpeing": [
                {
                    "date": "06-Dec-2022 03:00 PM"
                }
            ]
        }
    ]
}