{
    "ocid": "ocds-f5kvwu-2022_GMDA_27108_1",
    "id": 1,
    "date": "2024-11-28",
    "fiscalYear": "2022-2023",
    "mainProcurementCategory": "Services",
    "bidOpeningDate": "19-Oct-2022 03:00 PM",
    "tenderValueAmount": "0.0",
    "tender": [
        {
            "id": "2022_GMDA_27108_1",
            "title": "Consultancy Services For Feasibility Study, Master Plan, Development Plan of Integrated Satellite Township in the periphery of Guwahati Metropolitan Area in Assam, India",
            "description": "Consultancy Services For Feasibility Study, Master Plan, Development Plan of Integrated Satellite Township in the periphery of Guwahati Metropolitan Area in Assam, India",
            "datePublished": "22-Sep-2022 10:45 AM",
            "contractType": "Item Rate",
            "procurementMethod": "Open Tender",
            "mainProcuremenCategory": "Services",
            "value": [
                {
                    "amount": "0.0",
                    "currency": "INR"
                }
            ],
            "bidOpeing": [
                {
                    "date": "19-Oct-2022 03:00 PM"
                }
            ]
        }
    ]
}