{
    "ocid": "ocds-f5kvwu-2022_CD_25879_1",
    "id": 1,
    "date": "2024-11-28",
    "fiscalYear": "2022-2023",
    "mainProcurementCategory": "Services",
    "bidOpeningDate": "13-Jun-2022 04:00 PM",
    "tenderValueAmount": NaN,
    "tender": [
        {
            "id": "2022_CD_25879_1",
            "title": "Expression of Interest for Consultancy service",
            "description": "Expression of Interest for Consultancy service",
            "datePublished": "08-Jun-2022 11:30 AM",
            "contractType": "EOI",
            "procurementMethod": "Open Tender",
            "mainProcuremenCategory": "Services",
            "value": [
                {
                    "amount": NaN,
                    "currency": "INR"
                }
            ],
            "bidOpeing": [
                {
                    "date": "13-Jun-2022 04:00 PM"
                }
            ]
        }
    ]
}