{
    "ocid": "ocds-f5kvwu-2022_NHM_28534_25",
    "id": 1,
    "date": "2024-11-28",
    "fiscalYear": "2022-2023",
    "mainProcurementCategory": "Works",
    "bidOpeningDate": "08-Feb-2023 03:30 PM",
    "tenderValueAmount": "52,03,000",
    "tender": [
        {
            "id": "2022_NHM_28534_25",
            "title": "Construction of Buildingless Sub Health Centre at DOIGRUNG SC in Golaghat District for FY 2021 22 under PM ABHIM on Turnkey basis",
            "description": "Construction of Buildingless Sub Health Centre at DOIGRUNG SC in Golaghat District for FY 2021 22 under PM ABHIM on Turnkey basis",
            "datePublished": "29-Dec-2022 06:55 PM",
            "contractType": "Turn-key",
            "procurementMethod": "Open Tender",
            "mainProcuremenCategory": "Works",
            "value": [
                {
                    "amount": "52,03,000",
                    "currency": "INR"
                }
            ],
            "bidOpeing": [
                {
                    "date": "08-Feb-2023 03:30 PM"
                }
            ]
        }
    ]
}