{
    "ocid": "ocds-f5kvwu-2022_AEGCL_28337_1",
    "id": 1,
    "date": "2024-11-28",
    "fiscalYear": "2022-2023",
    "mainProcurementCategory": "Goods",
    "bidOpeningDate": "31-Jan-2023 12:00 PM",
    "tenderValueAmount": "18,62,323",
    "tender": [
        {
            "id": "2022_AEGCL_28337_1",
            "title": "Supply and delivery of 132kV and 33kV Lightning Arresters for GSS under Bongaigaon TT Circle AEGCL",
            "description": "Supply and delivery of 132kV and 33kV Lightning Arresters for GSS under Bongaigaon TT Circle AEGCL",
            "datePublished": "21-Dec-2022 12:00 PM",
            "contractType": "Supply",
            "procurementMethod": "Open Tender",
            "mainProcuremenCategory": "Goods",
            "value": [
                {
                    "amount": "18,62,323",
                    "currency": "INR"
                }
            ],
            "bidOpeing": [
                {
                    "date": "31-Jan-2023 12:00 PM"
                }
            ]
        }
    ]
}