{
    "ocid": "ocds-f5kvwu-2022_PWBNH_26179_1",
    "id": 1,
    "date": "2024-11-28",
    "fiscalYear": "2022-2023",
    "mainProcurementCategory": "Works",
    "bidOpeningDate": "21-Jul-2022 02:30 PM",
    "tenderValueAmount": "78,09,54,988",
    "tender": [
        {
            "id": "2022_PWBNH_26179_1",
            "title": "Construction of Old Age Home and Child Care Institutions at Bamunigaon (Camp) Boko, Dist. Kamrup, Assam under NIDA Engineering, Procurement and Construction (EPC) Mode-1 basis",
            "description": "Construction of Old Age Home and Child Care Institutions at Bamunigaon (Camp) Boko, Dist. Kamrup, Assam under NIDA Engineering, Procurement and Construction (EPC) Mode-1 basis",
            "datePublished": "01-Jul-2022 06:00 PM",
            "contractType": "Item Rate",
            "procurementMethod": "Open Tender",
            "mainProcuremenCategory": "Works",
            "value": [
                {
                    "amount": "78,09,54,988",
                    "currency": "INR"
                }
            ],
            "bidOpeing": [
                {
                    "date": "21-Jul-2022 02:30 PM"
                }
            ]
        }
    ]
}