{
    "ocid": "ocds-f5kvwu-2022_ICD_26199_1",
    "id": 1,
    "date": "2024-11-28",
    "fiscalYear": "2022-2023",
    "mainProcurementCategory": "Works",
    "bidOpeningDate": "20-Aug-2022 03:00 PM",
    "tenderValueAmount": NaN,
    "tender": [
        {
            "id": "2022_ICD_26199_1",
            "title": "Request for Proposal for Lease of Tea Gardens of ATCL",
            "description": "Request for Proposal for Lease of Tea Gardens of ATCL",
            "datePublished": "02-Jul-2022 06:30 PM",
            "contractType": "Item Wise",
            "procurementMethod": "Open Tender",
            "mainProcuremenCategory": "Works",
            "value": [
                {
                    "amount": NaN,
                    "currency": "INR"
                }
            ],
            "bidOpeing": [
                {
                    "date": "20-Aug-2022 03:00 PM"
                }
            ]
        }
    ]
}