{
    "ocid": "ocds-f5kvwu-2022_PWD_25392_3",
    "id": 1,
    "date": "2024-11-28",
    "fiscalYear": "2022-2023",
    "mainProcurementCategory": "Works",
    "bidOpeningDate": "25-May-2022 02:00 PM",
    "tenderValueAmount": "23,42,68,184",
    "tender": [
        {
            "id": "2022_PWD_25392_3",
            "title": "Sonitpur_NESIDS_2021-22_01",
            "description": "Sonitpur_NESIDS_2021-22_01",
            "datePublished": "04-May-2022 04:00 PM",
            "contractType": "Turn-key",
            "procurementMethod": "Open Tender",
            "mainProcuremenCategory": "Works",
            "value": [
                {
                    "amount": "23,42,68,184",
                    "currency": "INR"
                }
            ],
            "bidOpeing": [
                {
                    "date": "25-May-2022 02:00 PM"
                }
            ]
        }
    ]
}