{
    "ocid": "ocds-f5kvwu-2022_HFWD_27697_1",
    "id": 1,
    "date": "2024-11-28",
    "fiscalYear": "2022-2023",
    "mainProcurementCategory": "Goods",
    "bidOpeningDate": "23-Nov-2022 01:00 PM",
    "tenderValueAmount": NaN,
    "tender": [
        {
            "id": "2022_HFWD_27697_1",
            "title": "Supply of Chemical items required for various Laboratories under, HMS, GMCH, Guwahati.",
            "description": "Supply of Chemical items required for various Laboratories under, HMS, GMCH, Guwahati.",
            "datePublished": "10-Nov-2022 04:30 PM",
            "contractType": "Item Wise",
            "procurementMethod": "Open Tender",
            "mainProcuremenCategory": "Goods",
            "value": [
                {
                    "amount": NaN,
                    "currency": "INR"
                }
            ],
            "bidOpeing": [
                {
                    "date": "23-Nov-2022 01:00 PM"
                }
            ]
        }
    ]
}