{
    "ocid": "ocds-f5kvwu-2022_AEGCL_24732_1",
    "id": 1,
    "date": "2024-11-28",
    "fiscalYear": "2021-2022",
    "mainProcurementCategory": "Works",
    "bidOpeningDate": "13-Apr-2022 02:30 PM",
    "tenderValueAmount": "42,47,192",
    "tender": [
        {
            "id": "2022_AEGCL_24732_1",
            "title": "Augmentation of 33kV Bus-III at Nazira GSS",
            "description": "Augmentation of 33kV Bus-III at Nazira GSS",
            "datePublished": "15-Mar-2022 04:00 PM",
            "contractType": "Works",
            "procurementMethod": "Open Tender",
            "mainProcuremenCategory": "Works",
            "value": [
                {
                    "amount": "42,47,192",
                    "currency": "INR"
                }
            ],
            "bidOpeing": [
                {
                    "date": "13-Apr-2022 02:30 PM"
                }
            ]
        }
    ]
}