{
    "ocid": "ocds-f5kvwu-2022_GMC_28546_105",
    "id": 1,
    "date": "2024-11-28",
    "fiscalYear": "2023-2024",
    "mainProcurementCategory": "Works",
    "bidOpeningDate": "30-Nov-2023 02:00 PM",
    "tenderValueAmount": "80,00,000",
    "tender": [
        {
            "id": "2022_GMC_28546_105",
            "title": "Construction of road with sub drain 6 no ferry ghat to Nepali Patti",
            "description": "Construction of road with sub drain 6 no ferry ghat to Nepali Patti",
            "datePublished": "09-Nov-2023 01:00 PM",
            "contractType": "Lump-sum",
            "procurementMethod": "Open Tender",
            "mainProcuremenCategory": "Works",
            "value": [
                {
                    "amount": "80,00,000",
                    "currency": "INR"
                }
            ],
            "bidOpeing": [
                {
                    "date": "30-Nov-2023 02:00 PM"
                }
            ]
        }
    ]
}