{
    "ocid": "ocds-f5kvwu-2022_NHM_27407_1",
    "id": 1,
    "date": "2024-11-28",
    "fiscalYear": "2022-2023",
    "mainProcurementCategory": "Services",
    "bidOpeningDate": "09-Dec-2022 11:00 AM",
    "tenderValueAmount": "25,00,00,000",
    "tender": [
        {
            "id": "2022_NHM_27407_1",
            "title": "BEMMP in PH to PHC",
            "description": "BEMMP in PH to PHC",
            "datePublished": "18-Oct-2022 02:15 PM",
            "contractType": "Buy",
            "procurementMethod": "Open Tender",
            "mainProcuremenCategory": "Services",
            "value": [
                {
                    "amount": "25,00,00,000",
                    "currency": "INR"
                }
            ],
            "bidOpeing": [
                {
                    "date": "09-Dec-2022 11:00 AM"
                }
            ]
        }
    ]
}