{
    "ocid": "ocds-f5kvwu-2022_DEE_28097_1",
    "id": 1,
    "date": "2024-11-28",
    "fiscalYear": "2022-2023",
    "mainProcurementCategory": "Goods",
    "bidOpeningDate": "09-Jan-2023 02:00 PM",
    "tenderValueAmount": NaN,
    "tender": [
        {
            "id": "2022_DEE_28097_1",
            "title": "Supply of Desktop, Laptop, Multi Function Printer and Line Interactive UPS",
            "description": "Supply of Desktop, Laptop, Multi Function Printer and Line Interactive UPS",
            "datePublished": "08-Dec-2022 02:00 PM",
            "contractType": "Item Wise",
            "procurementMethod": "Open Tender",
            "mainProcuremenCategory": "Goods",
            "value": [
                {
                    "amount": NaN,
                    "currency": "INR"
                }
            ],
            "bidOpeing": [
                {
                    "date": "09-Jan-2023 02:00 PM"
                }
            ]
        }
    ]
}