{
    "ocid": "ocds-f5kvwu-2022_NHM_28056_40",
    "id": 1,
    "date": "2024-11-28",
    "fiscalYear": "2022-2023",
    "mainProcurementCategory": "Works",
    "bidOpeningDate": "28-Dec-2022 03:30 PM",
    "tenderValueAmount": "52,03,000",
    "tender": [
        {
            "id": "2022_NHM_28056_40",
            "title": "Construction of Buildingless Sub Health Centre in Kutayoni SC in Nagaon District under PM ABHIM for the FY 2021 22 under NHM on Turnkey Basis",
            "description": "Construction of Buildingless Sub Health Centre in Kutayoni SC in Nagaon District under PM ABHIM for the FY 2021 22 under NHM on Turnkey Basis",
            "datePublished": "07-Dec-2022 02:00 PM",
            "contractType": "Turn-key",
            "procurementMethod": "Open Tender",
            "mainProcuremenCategory": "Works",
            "value": [
                {
                    "amount": "52,03,000",
                    "currency": "INR"
                }
            ],
            "bidOpeing": [
                {
                    "date": "28-Dec-2022 03:30 PM"
                }
            ]
        }
    ]
}