{
    "ocid": "ocds-f5kvwu-2022_NHM_27361_1",
    "id": 1,
    "date": "2024-11-28",
    "fiscalYear": "2022-2023",
    "mainProcurementCategory": "Services",
    "bidOpeningDate": "09-Dec-2022 05:00 PM",
    "tenderValueAmount": "30,00,00,000",
    "tender": [
        {
            "id": "2022_NHM_27361_1",
            "title": "BEMMP for Medical Colleges of Assam",
            "description": "BEMMP for Medical Colleges of Assam",
            "datePublished": "14-Oct-2022 06:45 PM",
            "contractType": "Buy",
            "procurementMethod": "Open Tender",
            "mainProcuremenCategory": "Services",
            "value": [
                {
                    "amount": "30,00,00,000",
                    "currency": "INR"
                }
            ],
            "bidOpeing": [
                {
                    "date": "09-Dec-2022 05:00 PM"
                }
            ]
        }
    ]
}