{
    "ocid": "ocds-f5kvwu-2023_APGCL_31171_1",
    "id": 1,
    "date": "2024-11-28",
    "fiscalYear": "2023-2024",
    "mainProcurementCategory": "Services",
    "bidOpeningDate": "12-Jul-2023 03:00 PM",
    "tenderValueAmount": "94,05,190",
    "tender": [
        {
            "id": "2023_APGCL_31171_1",
            "title": "Instrumentation of Dam Gallery",
            "description": "Instrumentation of Dam Gallery",
            "datePublished": "13-Jun-2023 09:00 AM",
            "contractType": "Tender cum Auction",
            "procurementMethod": "Open Tender",
            "mainProcuremenCategory": "Services",
            "value": [
                {
                    "amount": "94,05,190",
                    "currency": "INR"
                }
            ],
            "bidOpeing": [
                {
                    "date": "12-Jul-2023 03:00 PM"
                }
            ]
        }
    ]
}