{
    "ocid": "ocds-f5kvwu-2023_BoTC_34919_1",
    "id": 1,
    "date": "2024-11-28",
    "fiscalYear": "2023-2024",
    "mainProcurementCategory": "Works",
    "bidOpeningDate": "11-Jan-2024 03:00 PM",
    "tenderValueAmount": "53,09,910",
    "tender": [
        {
            "id": "2023_BoTC_34919_1",
            "title": "Construction of 4 Nos of ACR at Runikata High School Education Department at Chirang, BTR.",
            "description": "Construction of 4 Nos of ACR at Runikata High School Education Department at Chirang, BTR.",
            "datePublished": "22-Dec-2023 10:00 AM",
            "contractType": "Works",
            "procurementMethod": "Open Tender",
            "mainProcuremenCategory": "Works",
            "value": [
                {
                    "amount": "53,09,910",
                    "currency": "INR"
                }
            ],
            "bidOpeing": [
                {
                    "date": "11-Jan-2024 03:00 PM"
                }
            ]
        }
    ]
}