{
    "ocid": "ocds-f5kvwu-2023_BTC_33165_1",
    "id": 1,
    "date": "2024-11-28",
    "fiscalYear": "2023-2024",
    "mainProcurementCategory": "Works",
    "bidOpeningDate": "10-Nov-2023 02:00 PM",
    "tenderValueAmount": "23,73,673",
    "tender": [
        {
            "id": "2023_BTC_33165_1",
            "title": "Repairing and Renovation of Staff Quarter (Gr. III Twin Quarter and Doctor Quarter) and painting of Boundary Wall of Gossainichina State Dispensary at Gossainichina under Kokrajhar District",
            "description": "Repairing and Renovation of Staff Quarter (Gr. III Twin Quarter and Doctor Quarter) and painting of Boundary Wall of Gossainichina State Dispensary at Gossainichina under Kokrajhar District",
            "datePublished": "19-Oct-2023 10:30 AM",
            "contractType": "Works",
            "procurementMethod": "Open Tender",
            "mainProcuremenCategory": "Works",
            "value": [
                {
                    "amount": "23,73,673",
                    "currency": "INR"
                }
            ],
            "bidOpeing": [
                {
                    "date": "10-Nov-2023 02:00 PM"
                }
            ]
        }
    ]
}