{
    "ocid": "ocds-f5kvwu-2023_BoTC_34705_1",
    "id": 1,
    "date": "2024-11-28",
    "fiscalYear": "2023-2024",
    "mainProcurementCategory": "Works",
    "bidOpeningDate": "08-Jan-2024 01:30 PM",
    "tenderValueAmount": "23,79,803",
    "tender": [
        {
            "id": "2023_BoTC_34705_1",
            "title": "Renovation of Boundary wall with Iron Gate and Renovation of Doctor Qtr. No.3 along with Sanitary at Dotma 30 bedded Hospital.529-4",
            "description": "Renovation of Boundary wall with Iron Gate and Renovation of Doctor Qtr. No.3 along with Sanitary at Dotma 30 bedded Hospital.529-4",
            "datePublished": "15-Dec-2023 10:00 AM",
            "contractType": "Item Rate",
            "procurementMethod": "Open Tender",
            "mainProcuremenCategory": "Works",
            "value": [
                {
                    "amount": "23,79,803",
                    "currency": "INR"
                }
            ],
            "bidOpeing": [
                {
                    "date": "08-Jan-2024 01:30 PM"
                }
            ]
        }
    ]
}