{
    "ocid": "ocds-f5kvwu-2023_BTC_33715_1",
    "id": 1,
    "date": "2024-11-28",
    "fiscalYear": "2023-2024",
    "mainProcurementCategory": "Works",
    "bidOpeningDate": "01-Dec-2023 02:00 PM",
    "tenderValueAmount": "2,32,08,935",
    "tender": [
        {
            "id": "2023_BTC_33715_1",
            "title": "Construction of ICBP road from Doomni link road near Rajani Kalitis house to Mushalpur Jalah link road under CMs Goodwill Mission Project for the year 2023-24. L_ 3000.00M TN_26_58",
            "description": "Construction of ICBP road from Doomni link road near Rajani Kalitis house to Mushalpur Jalah link road under CMs Goodwill Mission Project for the year 2023-24. L_ 3000.00M TN_26_58",
            "datePublished": "08-Nov-2023 06:00 PM",
            "contractType": "Works",
            "procurementMethod": "Open Tender",
            "mainProcuremenCategory": "Works",
            "value": [
                {
                    "amount": "2,32,08,935",
                    "currency": "INR"
                }
            ],
            "bidOpeing": [
                {
                    "date": "01-Dec-2023 02:00 PM"
                }
            ]
        }
    ]
}