{
    "ocid": "ocds-f5kvwu-2023_BoTC_30795_1",
    "id": 1,
    "date": "2024-11-28",
    "fiscalYear": "2023-2024",
    "mainProcurementCategory": "Works",
    "bidOpeningDate": "03-Jun-2023 02:30 PM",
    "tenderValueAmount": "39,60,784",
    "tender": [
        {
            "id": "2023_BoTC_30795_1",
            "title": "Const of CC Block road at Belachuburi village from District Library to Laxman Chouhan house under Addl SOPD for the year 2022-23.",
            "description": "Const of CC Block road at Belachuburi village from District Library to Laxman Chouhan house under Addl SOPD for the year 2022-23.",
            "datePublished": "12-May-2023 10:30 AM",
            "contractType": "Item Rate",
            "procurementMethod": "Open Tender",
            "mainProcuremenCategory": "Works",
            "value": [
                {
                    "amount": "39,60,784",
                    "currency": "INR"
                }
            ],
            "bidOpeing": [
                {
                    "date": "03-Jun-2023 02:30 PM"
                }
            ]
        }
    ]
}