{
    "ocid": "ocds-f5kvwu-2023_BoTC_33928_1",
    "id": 1,
    "date": "2024-11-28",
    "fiscalYear": "2023-2024",
    "mainProcurementCategory": "Works",
    "bidOpeningDate": "06-Dec-2023 02:30 PM",
    "tenderValueAmount": "41,88,529",
    "tender": [
        {
            "id": "2023_BoTC_33928_1",
            "title": "Const of road with CC Block from Angrajuli Church culvert to Mwisw house under SOPD Fund for the year 2023-24",
            "description": "Const of road with CC Block from Angrajuli Church culvert to Mwisw house under SOPD Fund for the year 2023-24",
            "datePublished": "14-Nov-2023 10:30 AM",
            "contractType": "Item Rate",
            "procurementMethod": "Open Tender",
            "mainProcuremenCategory": "Works",
            "value": [
                {
                    "amount": "41,88,529",
                    "currency": "INR"
                }
            ],
            "bidOpeing": [
                {
                    "date": "06-Dec-2023 02:30 PM"
                }
            ]
        }
    ]
}