{
    "ocid": "ocds-f5kvwu-2023_BTC_33124_1",
    "id": 1,
    "date": "2024-11-28",
    "fiscalYear": "2023-2024",
    "mainProcurementCategory": "Works",
    "bidOpeningDate": "07-Nov-2023 02:00 PM",
    "tenderValueAmount": "40,72,387",
    "tender": [
        {
            "id": "2023_BTC_33124_1",
            "title": "Construction of ICBP road from HB road to Irrigation Canal at Barfulchaki village (Thangabari) under G.A.D. SOPD fund for the year 2022-23. TN_29_4",
            "description": "Construction of ICBP road from HB road to Irrigation Canal at Barfulchaki village (Thangabari) under G.A.D. SOPD fund for the year 2022-23. TN_29_4",
            "datePublished": "17-Oct-2023 02:00 PM",
            "contractType": "Item Rate",
            "procurementMethod": "Open Tender",
            "mainProcuremenCategory": "Works",
            "value": [
                {
                    "amount": "40,72,387",
                    "currency": "INR"
                }
            ],
            "bidOpeing": [
                {
                    "date": "07-Nov-2023 02:00 PM"
                }
            ]
        }
    ]
}