{
    "ocid": "ocds-f5kvwu-2023_AAU_32592_1",
    "id": 1,
    "date": "2024-11-28",
    "fiscalYear": "2023-2024",
    "mainProcurementCategory": "Works",
    "bidOpeningDate": "09-Oct-2023 05:00 PM",
    "tenderValueAmount": "22,70,000",
    "tender": [
        {
            "id": "2023_AAU_32592_1",
            "title": "REPAIR AND RENOVATION OF GIRLS HOSTEL NO.1 AT College of Veterinary Science ,Assam Agricultural University ,KHANAPARA(RETROFITTING ,ROOF LEAKAGE PREVENTION WORKS",
            "description": "REPAIR AND RENOVATION OF GIRLS HOSTEL NO.1 AT College of Veterinary Science ,Assam Agricultural University ,KHANAPARA(RETROFITTING ,ROOF LEAKAGE PREVENTION WORKS",
            "datePublished": "19-Sep-2023 06:30 PM",
            "contractType": "Item Rate",
            "procurementMethod": "Open Tender",
            "mainProcuremenCategory": "Works",
            "value": [
                {
                    "amount": "22,70,000",
                    "currency": "INR"
                }
            ],
            "bidOpeing": [
                {
                    "date": "09-Oct-2023 05:00 PM"
                }
            ]
        }
    ]
}