{
    "ocid": "ocds-f5kvwu-2023_APDCL_32598_1",
    "id": 1,
    "date": "2024-11-28",
    "fiscalYear": "2023-2024",
    "mainProcurementCategory": "Works",
    "bidOpeningDate": "30-Oct-2023 02:00 PM",
    "tenderValueAmount": "25,70,81,695",
    "tender": [
        {
            "id": "2023_APDCL_32598_1",
            "title": "2x10 MVA sub station 33kV line and UG crossing",
            "description": "2x10 MVA sub station 33kV line and UG crossing",
            "datePublished": "20-Sep-2023 06:00 PM",
            "contractType": "Turn-key",
            "procurementMethod": "Open Tender",
            "mainProcuremenCategory": "Works",
            "value": [
                {
                    "amount": "25,70,81,695",
                    "currency": "INR"
                }
            ],
            "bidOpeing": [
                {
                    "date": "30-Oct-2023 02:00 PM"
                }
            ]
        }
    ]
}