{
    "ocid": "ocds-f5kvwu-2023_BTC_33643_1",
    "id": 1,
    "date": "2024-11-28",
    "fiscalYear": "2023-2024",
    "mainProcurementCategory": "Works",
    "bidOpeningDate": "01-Dec-2023 02:00 PM",
    "tenderValueAmount": "2,32,08,975",
    "tender": [
        {
            "id": "2023_BTC_33643_1",
            "title": "Construction of ICBP road from Bhalukamari Jalah link road to Saderi Chariali under CMs Goodwill Mission Project for the year 2023-24 L_3000.00 M TN_26_54",
            "description": "Construction of ICBP road from Bhalukamari Jalah link road to Saderi Chariali under CMs Goodwill Mission Project for the year 2023-24 L_3000.00 M TN_26_54",
            "datePublished": "08-Nov-2023 10:00 AM",
            "contractType": "Works",
            "procurementMethod": "Open Tender",
            "mainProcuremenCategory": "Works",
            "value": [
                {
                    "amount": "2,32,08,975",
                    "currency": "INR"
                }
            ],
            "bidOpeing": [
                {
                    "date": "01-Dec-2023 02:00 PM"
                }
            ]
        }
    ]
}