{
    "ocid": "ocds-f5kvwu-2023_AEGCL_30708_1",
    "id": 1,
    "date": "2024-11-28",
    "fiscalYear": "2023-2024",
    "mainProcurementCategory": "Works",
    "bidOpeningDate": "01-Jul-2023 03:00 PM",
    "tenderValueAmount": "10,56,879",
    "tender": [
        {
            "id": "2023_AEGCL_30708_1",
            "title": "Supply of spares for Transformer Bay equipments for 132/33 kV, 50 MVA Transformer at 132/33 kV Grid Substation, Sipajhar, AEGCL",
            "description": "Supply of spares for Transformer Bay equipments for 132/33 kV, 50 MVA Transformer at 132/33 kV Grid Substation, Sipajhar, AEGCL",
            "datePublished": "08-May-2023 02:00 PM",
            "contractType": "Supply",
            "procurementMethod": "Open Tender",
            "mainProcuremenCategory": "Works",
            "value": [
                {
                    "amount": "10,56,879",
                    "currency": "INR"
                }
            ],
            "bidOpeing": [
                {
                    "date": "01-Jul-2023 03:00 PM"
                }
            ]
        }
    ]
}