{
    "ocid": "ocds-f5kvwu-2023_BTC_33669_1",
    "id": 1,
    "date": "2024-11-28",
    "fiscalYear": "2023-2024",
    "mainProcurementCategory": "Works",
    "bidOpeningDate": "29-Nov-2023 12:00 PM",
    "tenderValueAmount": "2,67,99,999",
    "tender": [
        {
            "id": "2023_BTC_33669_1",
            "title": "Construction of CC block road from Badlapara Bawra Chowk to Badlapara L.P school near Nalapara river under CMs Goodwill Mission Project for the financial year 2023- 24 of District Udalguri. (33. Nonwi Serfang (Non ST). (TN_26_129)",
            "description": "Construction of CC block road from Badlapara Bawra Chowk to Badlapara L.P school near Nalapara river under CMs Goodwill Mission Project for the financial year 2023- 24 of District Udalguri. (33. Nonwi Serfang (Non ST). (TN_26_129)",
            "datePublished": "08-Nov-2023 10:30 AM",
            "contractType": "Works",
            "procurementMethod": "Open Tender",
            "mainProcuremenCategory": "Works",
            "value": [
                {
                    "amount": "2,67,99,999",
                    "currency": "INR"
                }
            ],
            "bidOpeing": [
                {
                    "date": "29-Nov-2023 12:00 PM"
                }
            ]
        }
    ]
}