{
    "ocid": "ocds-f5kvwu-2023_BTC_33729_1",
    "id": 1,
    "date": "2024-11-28",
    "fiscalYear": "2023-2024",
    "mainProcurementCategory": "Works",
    "bidOpeningDate": "01-Dec-2023 02:00 PM",
    "tenderValueAmount": "2,32,08,890",
    "tender": [
        {
            "id": "2023_BTC_33729_1",
            "title": "Construction of road from Kumbhijhar Mandal Soren house to No.2 Bagarikhuti Rashkhola road under CMs Goodwill Mission Project for the Year 2023-24. TN_26_66",
            "description": "Construction of road from Kumbhijhar Mandal Soren house to No.2 Bagarikhuti Rashkhola road under CMs Goodwill Mission Project for the Year 2023-24. TN_26_66",
            "datePublished": "09-Nov-2023 10:00 AM",
            "contractType": "Works",
            "procurementMethod": "Open Tender",
            "mainProcuremenCategory": "Works",
            "value": [
                {
                    "amount": "2,32,08,890",
                    "currency": "INR"
                }
            ],
            "bidOpeing": [
                {
                    "date": "01-Dec-2023 02:00 PM"
                }
            ]
        }
    ]
}