{
    "ocid": "ocds-f5kvwu-2023_AEGCL_34902_1",
    "id": 1,
    "date": "2024-11-28",
    "fiscalYear": "2023-2024",
    "mainProcurementCategory": "Works",
    "bidOpeningDate": "24-Jan-2024 02:00 PM",
    "tenderValueAmount": NaN,
    "tender": [
        {
            "id": "2023_AEGCL_34902_1",
            "title": "Turnkey Construction of one no. of 33kV feeder bay along with associated works at 132kV Sishugram GSS, AEGCL",
            "description": "Turnkey Construction of one no. of 33kV feeder bay along with associated works at 132kV Sishugram GSS, AEGCL",
            "datePublished": "22-Dec-2023 09:00 AM",
            "contractType": "Turn-key",
            "procurementMethod": "Open Tender",
            "mainProcuremenCategory": "Works",
            "value": [
                {
                    "amount": NaN,
                    "currency": "INR"
                }
            ],
            "bidOpeing": [
                {
                    "date": "24-Jan-2024 02:00 PM"
                }
            ]
        }
    ]
}