{
    "ocid": "ocds-f5kvwu-2023_BTC_33630_1",
    "id": 1,
    "date": "2024-11-28",
    "fiscalYear": "2023-2024",
    "mainProcurementCategory": "Works",
    "bidOpeningDate": "30-Nov-2023 12:00 PM",
    "tenderValueAmount": "2,33,47,740",
    "tender": [
        {
            "id": "2023_BTC_33630_1",
            "title": "Construction of road from Brojokhal to Sankarpara road Part 1 and Part 2 by providing SDBC under CMs Goodwill Mission Project for the year 2023-24. TN_26_18",
            "description": "Construction of road from Brojokhal to Sankarpara road Part 1 and Part 2 by providing SDBC under CMs Goodwill Mission Project for the year 2023-24. TN_26_18",
            "datePublished": "09-Nov-2023 10:30 AM",
            "contractType": "Item Rate",
            "procurementMethod": "Open Tender",
            "mainProcuremenCategory": "Works",
            "value": [
                {
                    "amount": "2,33,47,740",
                    "currency": "INR"
                }
            ],
            "bidOpeing": [
                {
                    "date": "30-Nov-2023 12:00 PM"
                }
            ]
        }
    ]
}