{
    "ocid": "ocds-f5kvwu-2023_BoTC_33083_1",
    "id": 1,
    "date": "2024-11-28",
    "fiscalYear": "2023-2024",
    "mainProcurementCategory": "Works",
    "bidOpeningDate": "08-Nov-2023 02:30 PM",
    "tenderValueAmount": "89,11,762",
    "tender": [
        {
            "id": "2023_BoTC_33083_1",
            "title": "Const of road with CC Block at Naodrabil Village under 6th ASFC for the year 2020-21 during 2023-24.",
            "description": "Const of road with CC Block at Naodrabil Village under 6th ASFC for the year 2020-21 during 2023-24.",
            "datePublished": "16-Oct-2023 10:30 AM",
            "contractType": "Item Rate",
            "procurementMethod": "Open Tender",
            "mainProcuremenCategory": "Works",
            "value": [
                {
                    "amount": "89,11,762",
                    "currency": "INR"
                }
            ],
            "bidOpeing": [
                {
                    "date": "08-Nov-2023 02:30 PM"
                }
            ]
        }
    ]
}