{
    "ocid": "ocds-f5kvwu-2023_BTC_33734_1",
    "id": 1,
    "date": "2024-11-28",
    "fiscalYear": "2023-2024",
    "mainProcurementCategory": "Works",
    "bidOpeningDate": "01-Dec-2023 02:00 PM",
    "tenderValueAmount": "2,44,47,991",
    "tender": [
        {
            "id": "2023_BTC_33734_1",
            "title": "Construction of ICBP road from Natunsripur Karkabari Sujit Narzary connecting road via Bathoupuri Christan Supa to Natunsripur Balihajari Playground under CMs Goodwill Mission Project for the year 2023-24. L_2890.00 M TN_26_71",
            "description": "Construction of ICBP road from Natunsripur Karkabari Sujit Narzary connecting road via Bathoupuri Christan Supa to Natunsripur Balihajari Playground under CMs Goodwill Mission Project for the year 2023-24. L_2890.00 M TN_26_71",
            "datePublished": "09-Nov-2023 10:00 AM",
            "contractType": "Works",
            "procurementMethod": "Open Tender",
            "mainProcuremenCategory": "Works",
            "value": [
                {
                    "amount": "2,44,47,991",
                    "currency": "INR"
                }
            ],
            "bidOpeing": [
                {
                    "date": "01-Dec-2023 02:00 PM"
                }
            ]
        }
    ]
}