{
    "ocid": "ocds-f5kvwu-2023_BoTC_34683_1",
    "id": 1,
    "date": "2024-11-28",
    "fiscalYear": "2023-2024",
    "mainProcurementCategory": "Works",
    "bidOpeningDate": "03-Jan-2024 03:00 PM",
    "tenderValueAmount": "24,95,764",
    "tender": [
        {
            "id": "2023_BoTC_34683_1",
            "title": "Construction of Approach road of Hospital along with Drainage system of Rowmari PHC atRowmari in Chirang District. TN_609_2",
            "description": "Construction of Approach road of Hospital along with Drainage system of Rowmari PHC atRowmari in Chirang District. TN_609_2",
            "datePublished": "13-Dec-2023 05:00 PM",
            "contractType": "Works",
            "procurementMethod": "Open Tender",
            "mainProcuremenCategory": "Works",
            "value": [
                {
                    "amount": "24,95,764",
                    "currency": "INR"
                }
            ],
            "bidOpeing": [
                {
                    "date": "03-Jan-2024 03:00 PM"
                }
            ]
        }
    ]
}