{
    "ocid": "ocds-f5kvwu-2023_BoTC_32735_1",
    "id": 1,
    "date": "2024-11-28",
    "fiscalYear": "2023-2024",
    "mainProcurementCategory": "Works",
    "bidOpeningDate": "26-Oct-2023 02:30 PM",
    "tenderValueAmount": "24,78,112",
    "tender": [
        {
            "id": "2023_BoTC_32735_1",
            "title": "Const of Road with CC Block from Simlaguri Guagacha PWD road to S Saha house at village at Jakhlirpar Approx 320 mtrs. under 15th FC Fund for the financial year 2022-23.",
            "description": "Const of Road with CC Block from Simlaguri Guagacha PWD road to S Saha house at village at Jakhlirpar Approx 320 mtrs. under 15th FC Fund for the financial year 2022-23.",
            "datePublished": "03-Oct-2023 10:30 AM",
            "contractType": "Item Rate",
            "procurementMethod": "Open Tender",
            "mainProcuremenCategory": "Works",
            "value": [
                {
                    "amount": "24,78,112",
                    "currency": "INR"
                }
            ],
            "bidOpeing": [
                {
                    "date": "26-Oct-2023 02:30 PM"
                }
            ]
        }
    ]
}