{
    "ocid": "ocds-f5kvwu-2023_BoTC_30529_12",
    "id": 1,
    "date": "2024-11-28",
    "fiscalYear": "2023-2024",
    "mainProcurementCategory": "Works",
    "bidOpeningDate": "11-May-2023 03:00 PM",
    "tenderValueAmount": "1,13,27,958",
    "tender": [
        {
            "id": "2023_BoTC_30529_12",
            "title": "Samuapara Hudukanda FIS at Honglabasti under PMKSY-HKKP for the year 2021-2022 (Canal 0-500m)",
            "description": "Samuapara Hudukanda FIS at Honglabasti under PMKSY-HKKP for the year 2021-2022 (Canal 0-500m)",
            "datePublished": "18-Apr-2023 12:00 PM",
            "contractType": "Works",
            "procurementMethod": "Open Tender",
            "mainProcuremenCategory": "Works",
            "value": [
                {
                    "amount": "1,13,27,958",
                    "currency": "INR"
                }
            ],
            "bidOpeing": [
                {
                    "date": "11-May-2023 03:00 PM"
                }
            ]
        }
    ]
}