{
    "ocid": "ocds-f5kvwu-2023_BTC_33661_1",
    "id": 1,
    "date": "2024-11-28",
    "fiscalYear": "2023-2024",
    "mainProcurementCategory": "Works",
    "bidOpeningDate": "30-Nov-2023 12:00 PM",
    "tenderValueAmount": "1,95,85,644",
    "tender": [
        {
            "id": "2023_BTC_33661_1",
            "title": "Construction of road from Nayakgaon to Anjulipara by providing SDBC including C.D. Works and protection works of RCC Bridge No. 2by1 under SOPD CMs Goodwill Project for the year 2023-24. TN_26_32",
            "description": "Construction of road from Nayakgaon to Anjulipara by providing SDBC including C.D. Works and protection works of RCC Bridge No. 2by1 under SOPD CMs Goodwill Project for the year 2023-24. TN_26_32",
            "datePublished": "09-Nov-2023 10:30 AM",
            "contractType": "Item Rate",
            "procurementMethod": "Open Tender",
            "mainProcuremenCategory": "Works",
            "value": [
                {
                    "amount": "1,95,85,644",
                    "currency": "INR"
                }
            ],
            "bidOpeing": [
                {
                    "date": "30-Nov-2023 12:00 PM"
                }
            ]
        }
    ]
}