{
    "ocid": "ocds-f5kvwu-2023_BoTC_34765_1",
    "id": 1,
    "date": "2024-11-28",
    "fiscalYear": "2023-2024",
    "mainProcurementCategory": "Works",
    "bidOpeningDate": "27-Dec-2023 03:00 PM",
    "tenderValueAmount": "31,00,000",
    "tender": [
        {
            "id": "2023_BoTC_34765_1",
            "title": "Construction of road at Tamulpur MB under SOPD",
            "description": "Construction of road at Tamulpur MB under SOPD",
            "datePublished": "16-Dec-2023 05:00 PM",
            "contractType": "Works",
            "procurementMethod": "Open Tender",
            "mainProcuremenCategory": "Works",
            "value": [
                {
                    "amount": "31,00,000",
                    "currency": "INR"
                }
            ],
            "bidOpeing": [
                {
                    "date": "27-Dec-2023 03:00 PM"
                }
            ]
        }
    ]
}