{
    "ocid": "ocds-f5kvwu-2023_BTC_33122_1",
    "id": 1,
    "date": "2024-11-28",
    "fiscalYear": "2023-2024",
    "mainProcurementCategory": "Works",
    "bidOpeningDate": "07-Nov-2023 02:00 PM",
    "tenderValueAmount": "51,85,993",
    "tender": [
        {
            "id": "2023_BTC_33122_1",
            "title": "Construction of ICBP road from Bathou Thansali to Romen Boros house at Thangabari village under GAD SOPD fund for the year 2022-23.TN_29_3",
            "description": "Construction of ICBP road from Bathou Thansali to Romen Boros house at Thangabari village under GAD SOPD fund for the year 2022-23.TN_29_3",
            "datePublished": "17-Oct-2023 02:00 PM",
            "contractType": "Item Rate",
            "procurementMethod": "Open Tender",
            "mainProcuremenCategory": "Works",
            "value": [
                {
                    "amount": "51,85,993",
                    "currency": "INR"
                }
            ],
            "bidOpeing": [
                {
                    "date": "07-Nov-2023 02:00 PM"
                }
            ]
        }
    ]
}