{
    "ocid": "ocds-f5kvwu-2023_AEGCL_35086_1",
    "id": 1,
    "date": "2024-11-28",
    "fiscalYear": "2023-2024",
    "mainProcurementCategory": "Works",
    "bidOpeningDate": "22-Jan-2024 04:00 PM",
    "tenderValueAmount": "68,80,353",
    "tender": [
        {
            "id": "2023_AEGCL_35086_1",
            "title": "Construction of First Floor of Existing Transit Camp Building at 132/33 KV GSS, AIIMS,",
            "description": "Construction of First Floor of Existing Transit Camp Building at 132/33 KV GSS, AIIMS,",
            "datePublished": "30-Dec-2023 12:00 PM",
            "contractType": "Works",
            "procurementMethod": "Open Tender",
            "mainProcuremenCategory": "Works",
            "value": [
                {
                    "amount": "68,80,353",
                    "currency": "INR"
                }
            ],
            "bidOpeing": [
                {
                    "date": "22-Jan-2024 04:00 PM"
                }
            ]
        }
    ]
}