{
    "ocid": "ocds-f5kvwu-2023_BoTC_34682_1",
    "id": 1,
    "date": "2024-11-28",
    "fiscalYear": "2023-2024",
    "mainProcurementCategory": "Works",
    "bidOpeningDate": "03-Jan-2024 03:00 PM",
    "tenderValueAmount": "24,96,091",
    "tender": [
        {
            "id": "2023_BoTC_34682_1",
            "title": "Repairing and Renovation of 3 Nos. Staff Quarter of Bhetagaon CHC at Bhetagaon Bijni in Chirang District.TN_609_1",
            "description": "Repairing and Renovation of 3 Nos. Staff Quarter of Bhetagaon CHC at Bhetagaon Bijni in Chirang District.TN_609_1",
            "datePublished": "13-Dec-2023 04:30 PM",
            "contractType": "Works",
            "procurementMethod": "Open Tender",
            "mainProcuremenCategory": "Works",
            "value": [
                {
                    "amount": "24,96,091",
                    "currency": "INR"
                }
            ],
            "bidOpeing": [
                {
                    "date": "03-Jan-2024 03:00 PM"
                }
            ]
        }
    ]
}