{
    "ocid": "ocds-f5kvwu-2023_BTC_33652_1",
    "id": 1,
    "date": "2024-11-28",
    "fiscalYear": "2023-2024",
    "mainProcurementCategory": "Works",
    "bidOpeningDate": "30-Nov-2023 12:00 PM",
    "tenderValueAmount": "2,08,94,962",
    "tender": [
        {
            "id": "2023_BTC_33652_1",
            "title": "Construction of road from NH-31C to Sijuguri via Chinamari by providing SDBC including 5 five nos. of RCC Box Culvert from Ch. 0.00 Km to 3.10 Km Length 3.10 Km of District Kokrajhar, Assam under CMs Goodwill Project for the year 2023-24. TN_26_25",
            "description": "Construction of road from NH-31C to Sijuguri via Chinamari by providing SDBC including 5 five nos. of RCC Box Culvert from Ch. 0.00 Km to 3.10 Km Length 3.10 Km of District Kokrajhar, Assam under CMs Goodwill Project for the year 2023-24. TN_26_25",
            "datePublished": "09-Nov-2023 10:30 AM",
            "contractType": "Item Rate",
            "procurementMethod": "Open Tender",
            "mainProcuremenCategory": "Works",
            "value": [
                {
                    "amount": "2,08,94,962",
                    "currency": "INR"
                }
            ],
            "bidOpeing": [
                {
                    "date": "30-Nov-2023 12:00 PM"
                }
            ]
        }
    ]
}