{
    "ocid": "ocds-f5kvwu-2023_BoTC_34306_1",
    "id": 1,
    "date": "2024-11-28",
    "fiscalYear": "2023-2024",
    "mainProcurementCategory": "Works",
    "bidOpeningDate": "03-Jan-2024 10:20 AM",
    "tenderValueAmount": "40,00,000",
    "tender": [
        {
            "id": "2023_BoTC_34306_1",
            "title": "Construction of Fish market shed at Barimukh Daily Bazar",
            "description": "Construction of Fish market shed at Barimukh Daily Bazar",
            "datePublished": "30-Nov-2023 05:10 PM",
            "contractType": "Works",
            "procurementMethod": "Open Tender",
            "mainProcuremenCategory": "Works",
            "value": [
                {
                    "amount": "40,00,000",
                    "currency": "INR"
                }
            ],
            "bidOpeing": [
                {
                    "date": "03-Jan-2024 10:20 AM"
                }
            ]
        }
    ]
}