{
    "ocid": "ocds-f5kvwu-2023_AEGEF_34617_1",
    "id": 1,
    "date": "2024-11-28",
    "fiscalYear": "2023-2024",
    "mainProcurementCategory": "Works",
    "bidOpeningDate": "17-Jan-2024 03:00 PM",
    "tenderValueAmount": NaN,
    "tender": [
        {
            "id": "2023_AEGEF_34617_1",
            "title": "Construction of 400kV GIS at Rangia (Kumarikata) along with the associated Transmission Lines with bay extension",
            "description": "Construction of 400kV GIS at Rangia (Kumarikata) along with the associated Transmission Lines with bay extension",
            "datePublished": "12-Dec-2023 09:00 AM",
            "contractType": "Turn-key",
            "procurementMethod": "Open Tender",
            "mainProcuremenCategory": "Works",
            "value": [
                {
                    "amount": NaN,
                    "currency": "INR"
                }
            ],
            "bidOpeing": [
                {
                    "date": "17-Jan-2024 03:00 PM"
                }
            ]
        }
    ]
}