{
    "ocid": "ocds-f5kvwu-2023_AEGCL_32859_1",
    "id": 1,
    "date": "2024-11-28",
    "fiscalYear": "2023-2024",
    "mainProcurementCategory": "Works",
    "bidOpeningDate": "04-Dec-2023 04:00 PM",
    "tenderValueAmount": NaN,
    "tender": [
        {
            "id": "2023_AEGCL_32859_1",
            "title": "Geotechnical Investigation for construction of 1 nos. of 132 kV Grid Substation at Missamari under AEGCL",
            "description": "Geotechnical Investigation for construction of 1 nos. of 132 kV Grid Substation at Missamari under AEGCL",
            "datePublished": "09-Oct-2023 12:00 PM",
            "contractType": "Works",
            "procurementMethod": "Open Tender",
            "mainProcuremenCategory": "Works",
            "value": [
                {
                    "amount": NaN,
                    "currency": "INR"
                }
            ],
            "bidOpeing": [
                {
                    "date": "04-Dec-2023 04:00 PM"
                }
            ]
        }
    ]
}