{
    "ocid": "ocds-f5kvwu-2023_BTC_33665_1",
    "id": 1,
    "date": "2024-11-28",
    "fiscalYear": "2023-2024",
    "mainProcurementCategory": "Works",
    "bidOpeningDate": "29-Nov-2023 12:00 PM",
    "tenderValueAmount": "2,83,37,000",
    "tender": [
        {
            "id": "2023_BTC_33665_1",
            "title": "Construction of CC block from Panishali Chowk to Rangjali Gathwn via No.-2 Khagrabari Road under CMs Goodwill Mission Project for the financial year 2023-24 of District Udalguri (32. Bhergaon (ST). (TN_26_127)",
            "description": "Construction of CC block from Panishali Chowk to Rangjali Gathwn via No.-2 Khagrabari Road under CMs Goodwill Mission Project for the financial year 2023-24 of District Udalguri (32. Bhergaon (ST). (TN_26_127)",
            "datePublished": "08-Nov-2023 10:30 AM",
            "contractType": "Works",
            "procurementMethod": "Open Tender",
            "mainProcuremenCategory": "Works",
            "value": [
                {
                    "amount": "2,83,37,000",
                    "currency": "INR"
                }
            ],
            "bidOpeing": [
                {
                    "date": "29-Nov-2023 12:00 PM"
                }
            ]
        }
    ]
}