{
    "ocid": "ocds-f5kvwu-2023_BTC_32921_1",
    "id": 1,
    "date": "2024-11-28",
    "fiscalYear": "2023-2024",
    "mainProcurementCategory": "Works",
    "bidOpeningDate": "02-Nov-2023 11:00 AM",
    "tenderValueAmount": "20,94,212",
    "tender": [
        {
            "id": "2023_BTC_32921_1",
            "title": "Const. of Nath Yogi Gurakhya Bhawan at Gendrabil, Kokrajhar. TN No.28_03",
            "description": "Const. of Nath Yogi Gurakhya Bhawan at Gendrabil, Kokrajhar. TN No.28_03",
            "datePublished": "11-Oct-2023 10:30 AM",
            "contractType": "Item Rate",
            "procurementMethod": "Open Tender",
            "mainProcuremenCategory": "Works",
            "value": [
                {
                    "amount": "20,94,212",
                    "currency": "INR"
                }
            ],
            "bidOpeing": [
                {
                    "date": "02-Nov-2023 11:00 AM"
                }
            ]
        }
    ]
}