{
    "ocid": "ocds-f5kvwu-2023_AGIHF_31968_1",
    "id": 1,
    "date": "2024-11-28",
    "fiscalYear": "2023-2024",
    "mainProcurementCategory": "Services",
    "bidOpeningDate": "08-Sep-2023 03:00 PM",
    "tenderValueAmount": NaN,
    "tender": [
        {
            "id": "2023_AGIHF_31968_1",
            "title": "HIRING OF COMMERCIAL VEHICLES ON RENTAL BASIS FOR ASSAM GOVERNMENT IITG HEALTHCARE FOUNDATION (AGIHF)",
            "description": "HIRING OF COMMERCIAL VEHICLES ON RENTAL BASIS FOR ASSAM GOVERNMENT IITG HEALTHCARE FOUNDATION (AGIHF)",
            "datePublished": "07-Aug-2023 05:00 PM",
            "contractType": "Item Rate",
            "procurementMethod": "Open Tender",
            "mainProcuremenCategory": "Services",
            "value": [
                {
                    "amount": NaN,
                    "currency": "INR"
                }
            ],
            "bidOpeing": [
                {
                    "date": "08-Sep-2023 03:00 PM"
                }
            ]
        }
    ]
}