{
    "ocid": "ocds-f5kvwu-2023_BoTC_31825_1",
    "id": 1,
    "date": "2024-11-28",
    "fiscalYear": "2023-2024",
    "mainProcurementCategory": "Works",
    "bidOpeningDate": "19-Aug-2023 02:30 PM",
    "tenderValueAmount": "19,82,456",
    "tender": [
        {
            "id": "2023_BoTC_31825_1",
            "title": "Imp of road with Earth filling and sand gravelling from Molamdubi Sailo Bihari land to Sumorendro Brahma Land 1 Nos RCC Box Culvert under 15th FC for the Financial year 2022-23.",
            "description": "Imp of road with Earth filling and sand gravelling from Molamdubi Sailo Bihari land to Sumorendro Brahma Land 1 Nos RCC Box Culvert under 15th FC for the Financial year 2022-23.",
            "datePublished": "28-Jul-2023 10:30 AM",
            "contractType": "Item Rate",
            "procurementMethod": "Open Tender",
            "mainProcuremenCategory": "Works",
            "value": [
                {
                    "amount": "19,82,456",
                    "currency": "INR"
                }
            ],
            "bidOpeing": [
                {
                    "date": "19-Aug-2023 02:30 PM"
                }
            ]
        }
    ]
}