{
    "ocid": "ocds-f5kvwu-2023_APGCL_31107_1",
    "id": 1,
    "date": "2024-11-28",
    "fiscalYear": "2023-2024",
    "mainProcurementCategory": "Services",
    "bidOpeningDate": "04-Jul-2023 03:00 PM",
    "tenderValueAmount": NaN,
    "tender": [
        {
            "id": "2023_APGCL_31107_1",
            "title": "SUPPLY OF OUTSOURCED SECURITY GUARDS",
            "description": "SUPPLY OF OUTSOURCED SECURITY GUARDS",
            "datePublished": "06-Jun-2023 05:00 PM",
            "contractType": "Works",
            "procurementMethod": "Open Tender",
            "mainProcuremenCategory": "Services",
            "value": [
                {
                    "amount": NaN,
                    "currency": "INR"
                }
            ],
            "bidOpeing": [
                {
                    "date": "04-Jul-2023 03:00 PM"
                }
            ]
        }
    ]
}