{
    "ocid": "ocds-f5kvwu-2023_BoTC_34956_1",
    "id": 1,
    "date": "2024-11-28",
    "fiscalYear": "2023-2024",
    "mainProcurementCategory": "Works",
    "bidOpeningDate": "11-Jan-2024 03:30 PM",
    "tenderValueAmount": "21,12,011",
    "tender": [
        {
            "id": "2023_BoTC_34956_1",
            "title": "Construction of E/F and S/G at village road Podhopur village in Kajalgaon VCDC",
            "description": "Construction of E/F and S/G at village road Podhopur village in Kajalgaon VCDC",
            "datePublished": "23-Dec-2023 01:30 PM",
            "contractType": "Works",
            "procurementMethod": "Open Tender",
            "mainProcuremenCategory": "Works",
            "value": [
                {
                    "amount": "21,12,011",
                    "currency": "INR"
                }
            ],
            "bidOpeing": [
                {
                    "date": "11-Jan-2024 03:30 PM"
                }
            ]
        }
    ]
}