{
    "ocid": "ocds-f5kvwu-2023_BoTC_34017_1",
    "id": 1,
    "date": "2024-11-28",
    "fiscalYear": "2023-2024",
    "mainProcurementCategory": "Works",
    "bidOpeningDate": "07-Dec-2023 03:30 PM",
    "tenderValueAmount": "12,00,000",
    "tender": [
        {
            "id": "2023_BoTC_34017_1",
            "title": "Construction of Non AC Luxury Bus on the New TATA LPO 8.6/44 Chaises Diesel Chaises for Bodoland Transport Services for the year 2023-24",
            "description": "Construction of Non AC Luxury Bus on the New TATA LPO 8.6/44 Chaises Diesel Chaises for Bodoland Transport Services for the year 2023-24",
            "datePublished": "17-Nov-2023 05:00 PM",
            "contractType": "Works",
            "procurementMethod": "Open Tender",
            "mainProcuremenCategory": "Works",
            "value": [
                {
                    "amount": "12,00,000",
                    "currency": "INR"
                }
            ],
            "bidOpeing": [
                {
                    "date": "07-Dec-2023 03:30 PM"
                }
            ]
        }
    ]
}