{
    "ocid": "ocds-f5kvwu-2023_AEGCL_34353_1",
    "id": 1,
    "date": "2024-11-28",
    "fiscalYear": "2023-2024",
    "mainProcurementCategory": "Works",
    "bidOpeningDate": "28-Dec-2023 05:00 PM",
    "tenderValueAmount": "2,87,85,566",
    "tender": [
        {
            "id": "2023_AEGCL_34353_1",
            "title": "Construction of 3 (three) Nos. of new tower with pile foundation in place of river eroded tower at",
            "description": "Construction of 3 (three) Nos. of new tower with pile foundation in place of river eroded tower at",
            "datePublished": "02-Dec-2023 06:00 PM",
            "contractType": "Works",
            "procurementMethod": "Open Tender",
            "mainProcuremenCategory": "Works",
            "value": [
                {
                    "amount": "2,87,85,566",
                    "currency": "INR"
                }
            ],
            "bidOpeing": [
                {
                    "date": "28-Dec-2023 05:00 PM"
                }
            ]
        }
    ]
}