{
    "ocid": "ocds-f5kvwu-2023_BoTC_34685_1",
    "id": 1,
    "date": "2024-11-28",
    "fiscalYear": "2023-2024",
    "mainProcurementCategory": "Works",
    "bidOpeningDate": "21-Dec-2023 03:30 PM",
    "tenderValueAmount": NaN,
    "tender": [
        {
            "id": "2023_BoTC_34685_1",
            "title": "Construction of Road with Earth Filling and heavy Sand Gravelling",
            "description": "Construction of Road with Earth Filling and heavy Sand Gravelling",
            "datePublished": "14-Dec-2023 03:00 PM",
            "contractType": "Works",
            "procurementMethod": "Open Tender",
            "mainProcuremenCategory": "Works",
            "value": [
                {
                    "amount": NaN,
                    "currency": "INR"
                }
            ],
            "bidOpeing": [
                {
                    "date": "21-Dec-2023 03:30 PM"
                }
            ]
        }
    ]
}