{
    "ocid": "ocds-f5kvwu-2023_BTC_33655_1",
    "id": 1,
    "date": "2024-11-28",
    "fiscalYear": "2023-2024",
    "mainProcurementCategory": "Works",
    "bidOpeningDate": "30-Nov-2023 12:00 PM",
    "tenderValueAmount": "1,66,42,596",
    "tender": [
        {
            "id": "2023_BTC_33655_1",
            "title": "Construction of road from Lakhipur to Dhanpur village by providing SDBC including 12 nos. of RCC Box Culvert from Ch. 0.00Km to Ch. 3.30Km under CMs Goodwill Project in BTC area for the year 2023-24. TN_26_28",
            "description": "Construction of road from Lakhipur to Dhanpur village by providing SDBC including 12 nos. of RCC Box Culvert from Ch. 0.00Km to Ch. 3.30Km under CMs Goodwill Project in BTC area for the year 2023-24. TN_26_28",
            "datePublished": "09-Nov-2023 10:30 AM",
            "contractType": "Item Rate",
            "procurementMethod": "Open Tender",
            "mainProcuremenCategory": "Works",
            "value": [
                {
                    "amount": "1,66,42,596",
                    "currency": "INR"
                }
            ],
            "bidOpeing": [
                {
                    "date": "30-Nov-2023 12:00 PM"
                }
            ]
        }
    ]
}