{
    "ocid": "ocds-f5kvwu-2023_BTC_33696_1",
    "id": 1,
    "date": "2024-11-28",
    "fiscalYear": "2023-2024",
    "mainProcurementCategory": "Works",
    "bidOpeningDate": "29-Nov-2023 12:00 PM",
    "tenderValueAmount": "5,14,01,952",
    "tender": [
        {
            "id": "2023_BTC_33696_1",
            "title": "Construction of ICBP road from T.K. Road near Murmela High School to Budha Mandir M.B. Road via Murmela, Belguri and Khusurabari village under CMs Goodwill Mission Project for the financial year 2023-24 of District Udalguri. (TN_26_139)",
            "description": "Construction of ICBP road from T.K. Road near Murmela High School to Budha Mandir M.B. Road via Murmela, Belguri and Khusurabari village under CMs Goodwill Mission Project for the financial year 2023-24 of District Udalguri. (TN_26_139)",
            "datePublished": "08-Nov-2023 04:00 PM",
            "contractType": "Works",
            "procurementMethod": "Open Tender",
            "mainProcuremenCategory": "Works",
            "value": [
                {
                    "amount": "5,14,01,952",
                    "currency": "INR"
                }
            ],
            "bidOpeing": [
                {
                    "date": "29-Nov-2023 12:00 PM"
                }
            ]
        }
    ]
}