{
    "ocid": "ocds-f5kvwu-2023_AEGCL_34294_1",
    "id": 1,
    "date": "2024-11-28",
    "fiscalYear": "2023-2024",
    "mainProcurementCategory": "Works",
    "bidOpeningDate": "28-Dec-2023 12:00 PM",
    "tenderValueAmount": NaN,
    "tender": [
        {
            "id": "2023_AEGCL_34294_1",
            "title": "Construction of slow sand water filter and reservoir at 132kV Dhemaji GSS",
            "description": "Construction of slow sand water filter and reservoir at 132kV Dhemaji GSS",
            "datePublished": "01-Dec-2023 11:00 AM",
            "contractType": "Works",
            "procurementMethod": "Open Tender",
            "mainProcuremenCategory": "Works",
            "value": [
                {
                    "amount": NaN,
                    "currency": "INR"
                }
            ],
            "bidOpeing": [
                {
                    "date": "28-Dec-2023 12:00 PM"
                }
            ]
        }
    ]
}