{
    "ocid": "ocds-f5kvwu-2023_BoTC_34588_1",
    "id": 1,
    "date": "2024-11-28",
    "fiscalYear": "2023-2024",
    "mainProcurementCategory": "Works",
    "bidOpeningDate": "26-Dec-2023 01:30 PM",
    "tenderValueAmount": "36,09,777",
    "tender": [
        {
            "id": "2023_BoTC_34588_1",
            "title": "Vertical Extension 1st Floor of Brahma AtithiBhawan 3rd Storied Provision of Ground Floor and Painting at Subashpally, Mahesh Mandir Lane Kokrajhar, BTC, Kokrajhar. 528_4",
            "description": "Vertical Extension 1st Floor of Brahma AtithiBhawan 3rd Storied Provision of Ground Floor and Painting at Subashpally, Mahesh Mandir Lane Kokrajhar, BTC, Kokrajhar. 528_4",
            "datePublished": "11-Dec-2023 10:00 AM",
            "contractType": "Item Rate",
            "procurementMethod": "Open Tender",
            "mainProcuremenCategory": "Works",
            "value": [
                {
                    "amount": "36,09,777",
                    "currency": "INR"
                }
            ],
            "bidOpeing": [
                {
                    "date": "26-Dec-2023 01:30 PM"
                }
            ]
        }
    ]
}