{
    "ocid": "ocds-f5kvwu-2023_BoTC_32012_1",
    "id": 1,
    "date": "2024-11-28",
    "fiscalYear": "2023-2024",
    "mainProcurementCategory": "Works",
    "bidOpeningDate": "24-Aug-2023 01:00 PM",
    "tenderValueAmount": "38,83,000",
    "tender": [
        {
            "id": "2023_BoTC_32012_1",
            "title": "Construction of Parbatjhora SDVO office at Parbatjhora under Kokrajhar. Group-C",
            "description": "Construction of Parbatjhora SDVO office at Parbatjhora under Kokrajhar. Group-C",
            "datePublished": "09-Aug-2023 03:30 PM",
            "contractType": "Item Rate",
            "procurementMethod": "Open Tender",
            "mainProcuremenCategory": "Works",
            "value": [
                {
                    "amount": "38,83,000",
                    "currency": "INR"
                }
            ],
            "bidOpeing": [
                {
                    "date": "24-Aug-2023 01:00 PM"
                }
            ]
        }
    ]
}