{
    "ocid": "ocds-f5kvwu-2023_BTC_33647_1",
    "id": 1,
    "date": "2024-11-28",
    "fiscalYear": "2023-2024",
    "mainProcurementCategory": "Works",
    "bidOpeningDate": "01-Dec-2023 02:00 PM",
    "tenderValueAmount": "2,51,89,984",
    "tender": [
        {
            "id": "2023_BTC_33647_1",
            "title": "Construction of Road from Dash Mile Highway Chowk to Kalbari Dakhin Hati Kalbagan under CMs Goodwill Mission Project for the year 2023-24. TN_26_57",
            "description": "Construction of Road from Dash Mile Highway Chowk to Kalbari Dakhin Hati Kalbagan under CMs Goodwill Mission Project for the year 2023-24. TN_26_57",
            "datePublished": "08-Nov-2023 10:00 AM",
            "contractType": "Works",
            "procurementMethod": "Open Tender",
            "mainProcuremenCategory": "Works",
            "value": [
                {
                    "amount": "2,51,89,984",
                    "currency": "INR"
                }
            ],
            "bidOpeing": [
                {
                    "date": "01-Dec-2023 02:00 PM"
                }
            ]
        }
    ]
}