{
    "ocid": "ocds-f5kvwu-2023_AEGCL_33459_1",
    "id": 1,
    "date": "2024-11-28",
    "fiscalYear": "2023-2024",
    "mainProcurementCategory": "Works",
    "bidOpeningDate": "17-Nov-2023 02:30 PM",
    "tenderValueAmount": "20,81,381",
    "tender": [
        {
            "id": "2023_AEGCL_33459_1",
            "title": "Construction, repairing, ronovation of Civil works under Mariani Division, AEGCL",
            "description": "Construction, repairing, ronovation of Civil works under Mariani Division, AEGCL",
            "datePublished": "02-Nov-2023 05:00 PM",
            "contractType": "Works",
            "procurementMethod": "Open Tender",
            "mainProcuremenCategory": "Works",
            "value": [
                {
                    "amount": "20,81,381",
                    "currency": "INR"
                }
            ],
            "bidOpeing": [
                {
                    "date": "17-Nov-2023 02:30 PM"
                }
            ]
        }
    ]
}