{
    "ocid": "ocds-f5kvwu-2023_AHVD_34770_1",
    "id": 1,
    "date": "2024-11-28",
    "fiscalYear": "2023-2024",
    "mainProcurementCategory": "Goods",
    "bidOpeningDate": "10-Jan-2024 04:00 PM",
    "tenderValueAmount": NaN,
    "tender": [
        {
            "id": "2023_AHVD_34770_1",
            "title": "SUPPLY AND INSTALLATION OF MACHINERY AND EQUIPMENT FOR MILK PROCESSING PLANT",
            "description": "SUPPLY AND INSTALLATION OF MACHINERY AND EQUIPMENT FOR MILK PROCESSING PLANT",
            "datePublished": "16-Dec-2023 05:30 PM",
            "contractType": "Item Rate",
            "procurementMethod": "Open Tender",
            "mainProcuremenCategory": "Goods",
            "value": [
                {
                    "amount": NaN,
                    "currency": "INR"
                }
            ],
            "bidOpeing": [
                {
                    "date": "10-Jan-2024 04:00 PM"
                }
            ]
        }
    ]
}