{
    "ocid": "ocds-f5kvwu-2023_APGCL_34761_1",
    "id": 1,
    "date": "2024-11-28",
    "fiscalYear": "2023-2024",
    "mainProcurementCategory": "Works",
    "bidOpeningDate": "05-Jan-2024 02:00 PM",
    "tenderValueAmount": NaN,
    "tender": [
        {
            "id": "2023_APGCL_34761_1",
            "title": "Geo Technical Investigation of 24 MW Karbi Langpi Middle II",
            "description": "Geo Technical Investigation of 24 MW Karbi Langpi Middle II",
            "datePublished": "16-Dec-2023 06:00 PM",
            "contractType": "Tender cum Auction",
            "procurementMethod": "Open Tender",
            "mainProcuremenCategory": "Works",
            "value": [
                {
                    "amount": NaN,
                    "currency": "INR"
                }
            ],
            "bidOpeing": [
                {
                    "date": "05-Jan-2024 02:00 PM"
                }
            ]
        }
    ]
}