{
    "ocid": "ocds-f5kvwu-2023_AHVD_34684_1",
    "id": 1,
    "date": "2024-11-28",
    "fiscalYear": "2023-2024",
    "mainProcurementCategory": "Works",
    "bidOpeningDate": "03-Jan-2024 04:00 PM",
    "tenderValueAmount": "22,82,700",
    "tender": [
        {
            "id": "2023_AHVD_34684_1",
            "title": "Installation of DTW with 5 HP Submersible motor pump set and Distribution of Pipe line at IFM Rani in Kamrup District under SOPD ODS Scheme",
            "description": "Installation of DTW with 5 HP Submersible motor pump set and Distribution of Pipe line at IFM Rani in Kamrup District under SOPD ODS Scheme",
            "datePublished": "13-Dec-2023 05:00 PM",
            "contractType": "Works",
            "procurementMethod": "Open Tender",
            "mainProcuremenCategory": "Works",
            "value": [
                {
                    "amount": "22,82,700",
                    "currency": "INR"
                }
            ],
            "bidOpeing": [
                {
                    "date": "03-Jan-2024 04:00 PM"
                }
            ]
        }
    ]
}