{
    "ocid": "ocds-f5kvwu-2023_BoTC_35000_1",
    "id": 1,
    "date": "2024-11-28",
    "fiscalYear": "2023-2024",
    "mainProcurementCategory": "Works",
    "bidOpeningDate": "09-Jan-2024 11:00 AM",
    "tenderValueAmount": "3,63,90,994",
    "tender": [
        {
            "id": "2023_BoTC_35000_1",
            "title": "Ramchajhar FIS at over Bornadi Tributary at Ramchajhar under PMKSY_HKKP for the year 2021-22",
            "description": "Ramchajhar FIS at over Bornadi Tributary at Ramchajhar under PMKSY_HKKP for the year 2021-22",
            "datePublished": "28-Dec-2023 11:00 AM",
            "contractType": "Works",
            "procurementMethod": "Open Tender",
            "mainProcuremenCategory": "Works",
            "value": [
                {
                    "amount": "3,63,90,994",
                    "currency": "INR"
                }
            ],
            "bidOpeing": [
                {
                    "date": "09-Jan-2024 11:00 AM"
                }
            ]
        }
    ]
}