{
    "ocid": "ocds-f5kvwu-2023_BTC_33641_1",
    "id": 1,
    "date": "2024-11-28",
    "fiscalYear": "2023-2024",
    "mainProcurementCategory": "Works",
    "bidOpeningDate": "30-Nov-2023 12:00 PM",
    "tenderValueAmount": "2,70,72,721",
    "tender": [
        {
            "id": "2023_BTC_33641_1",
            "title": "Construction of SDBC road from Jharbari PWD road to Jharbari village Genduguri road including RCC Box culvert Length 3.00 Km of District Kokrajhar, Assam under CMs Goodwill Project in BTC Area for the year 2023-24. TN_26_24",
            "description": "Construction of SDBC road from Jharbari PWD road to Jharbari village Genduguri road including RCC Box culvert Length 3.00 Km of District Kokrajhar, Assam under CMs Goodwill Project in BTC Area for the year 2023-24. TN_26_24",
            "datePublished": "09-Nov-2023 10:30 AM",
            "contractType": "Item Rate",
            "procurementMethod": "Open Tender",
            "mainProcuremenCategory": "Works",
            "value": [
                {
                    "amount": "2,70,72,721",
                    "currency": "INR"
                }
            ],
            "bidOpeing": [
                {
                    "date": "30-Nov-2023 12:00 PM"
                }
            ]
        }
    ]
}