{
    "ocid": "ocds-f5kvwu-2023_APDCL_31524_1",
    "id": 1,
    "date": "2024-11-28",
    "fiscalYear": "2023-2024",
    "mainProcurementCategory": "Services",
    "bidOpeningDate": "28-Sep-2023 03:00 PM",
    "tenderValueAmount": NaN,
    "tender": [
        {
            "id": "2023_APDCL_31524_1",
            "title": "Appointment of System Implementer (SI) for SD-WAN in APDCL.",
            "description": "Appointment of System Implementer (SI) for SD-WAN in APDCL.",
            "datePublished": "10-Jul-2023 03:00 PM",
            "contractType": "Turn-key",
            "procurementMethod": "Open Tender",
            "mainProcuremenCategory": "Services",
            "value": [
                {
                    "amount": NaN,
                    "currency": "INR"
                }
            ],
            "bidOpeing": [
                {
                    "date": "28-Sep-2023 03:00 PM"
                }
            ]
        }
    ]
}