{
    "ocid": "ocds-f5kvwu-2023_BTC_33631_1",
    "id": 1,
    "date": "2024-11-28",
    "fiscalYear": "2023-2024",
    "mainProcurementCategory": "Works",
    "bidOpeningDate": "01-Dec-2023 02:00 PM",
    "tenderValueAmount": "2,70,41,578",
    "tender": [
        {
            "id": "2023_BTC_33631_1",
            "title": "Construction of road from Amaniapara Tarunram L.P. School to Dolbari Goibari via Gobradoliyapara Suba, Bangalipara Brahma Mandir From Ch. 0.00 m to Ch. 3500 m under CMs Goodwill Mission Project for the year 2023-24. TN_26_48",
            "description": "Construction of road from Amaniapara Tarunram L.P. School to Dolbari Goibari via Gobradoliyapara Suba, Bangalipara Brahma Mandir From Ch. 0.00 m to Ch. 3500 m under CMs Goodwill Mission Project for the year 2023-24. TN_26_48",
            "datePublished": "08-Nov-2023 10:00 AM",
            "contractType": "Works",
            "procurementMethod": "Open Tender",
            "mainProcuremenCategory": "Works",
            "value": [
                {
                    "amount": "2,70,41,578",
                    "currency": "INR"
                }
            ],
            "bidOpeing": [
                {
                    "date": "01-Dec-2023 02:00 PM"
                }
            ]
        }
    ]
}