{
    "ocid": "ocds-f5kvwu-2023_BoTC_34315_1",
    "id": 1,
    "date": "2024-11-28",
    "fiscalYear": "2023-2024",
    "mainProcurementCategory": "Works",
    "bidOpeningDate": "03-Jan-2024 10:20 AM",
    "tenderValueAmount": "35,00,000",
    "tender": [
        {
            "id": "2023_BoTC_34315_1",
            "title": "Renovation of existing /Tanks under under SOPD fund",
            "description": "Renovation of existing /Tanks under under SOPD fund",
            "datePublished": "01-Dec-2023 09:00 AM",
            "contractType": "Works",
            "procurementMethod": "Open Tender",
            "mainProcuremenCategory": "Works",
            "value": [
                {
                    "amount": "35,00,000",
                    "currency": "INR"
                }
            ],
            "bidOpeing": [
                {
                    "date": "03-Jan-2024 10:20 AM"
                }
            ]
        }
    ]
}