{
    "ocid": "ocds-f5kvwu-2023_BTC_33638_1",
    "id": 1,
    "date": "2024-11-28",
    "fiscalYear": "2023-2024",
    "mainProcurementCategory": "Works",
    "bidOpeningDate": "01-Dec-2023 02:00 PM",
    "tenderValueAmount": "2,39,81,896",
    "tender": [
        {
            "id": "2023_BTC_33638_1",
            "title": "Road Construction From Baramchari to Aoniati via Ulubari village under Goldingpara VCDC under CMS Goodwill Project for the year 2023-24. L_3100.00 M TN_26_51",
            "description": "Road Construction From Baramchari to Aoniati via Ulubari village under Goldingpara VCDC under CMS Goodwill Project for the year 2023-24. L_3100.00 M TN_26_51",
            "datePublished": "08-Nov-2023 10:00 AM",
            "contractType": "Works",
            "procurementMethod": "Open Tender",
            "mainProcuremenCategory": "Works",
            "value": [
                {
                    "amount": "2,39,81,896",
                    "currency": "INR"
                }
            ],
            "bidOpeing": [
                {
                    "date": "01-Dec-2023 02:00 PM"
                }
            ]
        }
    ]
}