{
    "ocid": "ocds-f5kvwu-2023_BoTC_34003_1",
    "id": 1,
    "date": "2024-11-28",
    "fiscalYear": "2023-2024",
    "mainProcurementCategory": "Works",
    "bidOpeningDate": "11-Dec-2023 01:30 PM",
    "tenderValueAmount": "95,21,118",
    "tender": [
        {
            "id": "2023_BoTC_34003_1",
            "title": "Const. of Pedestal for the Status of Jwhwlao Swmbla Basumatary at JSB Civil Hospital at Kajalgaon, Chirang and Ranendra Narayan Basumatary at RNB Civil Hospital, Gossaigaon.Pkg No.527-4",
            "description": "Const. of Pedestal for the Status of Jwhwlao Swmbla Basumatary at JSB Civil Hospital at Kajalgaon, Chirang and Ranendra Narayan Basumatary at RNB Civil Hospital, Gossaigaon.Pkg No.527-4",
            "datePublished": "17-Nov-2023 10:00 AM",
            "contractType": "Item Rate",
            "procurementMethod": "Open Tender",
            "mainProcuremenCategory": "Works",
            "value": [
                {
                    "amount": "95,21,118",
                    "currency": "INR"
                }
            ],
            "bidOpeing": [
                {
                    "date": "11-Dec-2023 01:30 PM"
                }
            ]
        }
    ]
}