{
    "ocid": "ocds-f5kvwu-2023_BoTC_32857_1",
    "id": 1,
    "date": "2024-11-28",
    "fiscalYear": "2023-2024",
    "mainProcurementCategory": "Goods",
    "bidOpeningDate": "31-Oct-2023 04:00 PM",
    "tenderValueAmount": "4,93,14,290",
    "tender": [
        {
            "id": "2023_BoTC_32857_1",
            "title": "DHS/BTC/E-TENDER/2023-24/5",
            "description": "DHS/BTC/E-TENDER/2023-24/5",
            "datePublished": "09-Oct-2023 10:00 AM",
            "contractType": "Supply",
            "procurementMethod": "Open Tender",
            "mainProcuremenCategory": "Goods",
            "value": [
                {
                    "amount": "4,93,14,290",
                    "currency": "INR"
                }
            ],
            "bidOpeing": [
                {
                    "date": "31-Oct-2023 04:00 PM"
                }
            ]
        }
    ]
}