{
    "ocid": "ocds-f5kvwu-2023_APGCL_34915_1",
    "id": 1,
    "date": "2024-11-28",
    "fiscalYear": "2023-2024",
    "mainProcurementCategory": "Goods",
    "bidOpeningDate": "28-Dec-2023 04:00 PM",
    "tenderValueAmount": NaN,
    "tender": [
        {
            "id": "2023_APGCL_34915_1",
            "title": "Lug Cable Gland Cable Termination Kit Cable Jointing Kit Nuts Bolts Cable Tie etc.",
            "description": "Lug Cable Gland Cable Termination Kit Cable Jointing Kit Nuts Bolts Cable Tie etc.",
            "datePublished": "22-Dec-2023 12:00 PM",
            "contractType": "Tender cum Auction",
            "procurementMethod": "Open Tender",
            "mainProcuremenCategory": "Goods",
            "value": [
                {
                    "amount": NaN,
                    "currency": "INR"
                }
            ],
            "bidOpeing": [
                {
                    "date": "28-Dec-2023 04:00 PM"
                }
            ]
        }
    ]
}