{
    "ocid": "ocds-f5kvwu-2023_BTC_33656_1",
    "id": 1,
    "date": "2024-11-28",
    "fiscalYear": "2023-2024",
    "mainProcurementCategory": "Works",
    "bidOpeningDate": "30-Nov-2023 12:00 PM",
    "tenderValueAmount": "2,60,72,288",
    "tender": [
        {
            "id": "2023_BTC_33656_1",
            "title": "Construction of road from NH-31C at Lakhipur to Chandrapur village by providing SDBC including 8 nos. RCC Box culvert from Ch. 0.00 Km to 3.40 Km under CMs Goodwill Project for the year 2023-24. TN_26_29",
            "description": "Construction of road from NH-31C at Lakhipur to Chandrapur village by providing SDBC including 8 nos. RCC Box culvert from Ch. 0.00 Km to 3.40 Km under CMs Goodwill Project for the year 2023-24. TN_26_29",
            "datePublished": "09-Nov-2023 10:30 AM",
            "contractType": "Item Rate",
            "procurementMethod": "Open Tender",
            "mainProcuremenCategory": "Works",
            "value": [
                {
                    "amount": "2,60,72,288",
                    "currency": "INR"
                }
            ],
            "bidOpeing": [
                {
                    "date": "30-Nov-2023 12:00 PM"
                }
            ]
        }
    ]
}