{
    "ocid": "ocds-f5kvwu-2023_APDCL_32711_1",
    "id": 1,
    "date": "2024-11-28",
    "fiscalYear": "2023-2024",
    "mainProcurementCategory": "Works",
    "bidOpeningDate": "10-Oct-2023 02:00 PM",
    "tenderValueAmount": NaN,
    "tender": [
        {
            "id": "2023_APDCL_32711_1",
            "title": "Construction of 11 KV line on covered conductor to separate common areas from tea feeder i.e. Bifurcation of existing 11 KV line and sub-station from 11 KV Kanchanjuri feeder Newly constructed AB Cable line",
            "description": "Construction of 11 KV line on covered conductor to separate common areas from tea feeder i.e. Bifurcation of existing 11 KV line and sub-station from 11 KV Kanchanjuri feeder Newly constructed AB Cable line",
            "datePublished": "30-Sep-2023 09:00 AM",
            "contractType": "Turn-key",
            "procurementMethod": "Open Tender",
            "mainProcuremenCategory": "Works",
            "value": [
                {
                    "amount": NaN,
                    "currency": "INR"
                }
            ],
            "bidOpeing": [
                {
                    "date": "10-Oct-2023 02:00 PM"
                }
            ]
        }
    ]
}