{
    "ocid": "ocds-f5kvwu-2023_BoTC_32717_1",
    "id": 1,
    "date": "2024-11-28",
    "fiscalYear": "2023-2024",
    "mainProcurementCategory": "Works",
    "bidOpeningDate": "27-Oct-2023 11:00 AM",
    "tenderValueAmount": "3,35,66,207",
    "tender": [
        {
            "id": "2023_BoTC_32717_1",
            "title": "Rajkhungri Flow Irrigation Scheme under PMKSY (HKKP) for the year 2022-23",
            "description": "Rajkhungri Flow Irrigation Scheme under PMKSY (HKKP) for the year 2022-23",
            "datePublished": "30-Sep-2023 09:50 AM",
            "contractType": "Works",
            "procurementMethod": "Open Tender",
            "mainProcuremenCategory": "Works",
            "value": [
                {
                    "amount": "3,35,66,207",
                    "currency": "INR"
                }
            ],
            "bidOpeing": [
                {
                    "date": "27-Oct-2023 11:00 AM"
                }
            ]
        }
    ]
}