{
    "ocid": "ocds-f5kvwu-2023_BoTC_34931_1",
    "id": 1,
    "date": "2024-11-28",
    "fiscalYear": "2023-2024",
    "mainProcurementCategory": "Works",
    "bidOpeningDate": "08-Jan-2024 03:30 PM",
    "tenderValueAmount": "32,00,000",
    "tender": [
        {
            "id": "2023_BoTC_34931_1",
            "title": "Construction of RCC covered drain at Majid Road, ward No - 04 under Udalguri Municipal Board",
            "description": "Construction of RCC covered drain at Majid Road, ward No - 04 under Udalguri Municipal Board",
            "datePublished": "22-Dec-2023 03:00 PM",
            "contractType": "Works",
            "procurementMethod": "Open Tender",
            "mainProcuremenCategory": "Works",
            "value": [
                {
                    "amount": "32,00,000",
                    "currency": "INR"
                }
            ],
            "bidOpeing": [
                {
                    "date": "08-Jan-2024 03:30 PM"
                }
            ]
        }
    ]
}