{
    "ocid": "ocds-f5kvwu-2023_AHVD_34327_1",
    "id": 1,
    "date": "2024-11-28",
    "fiscalYear": "2023-2024",
    "mainProcurementCategory": "Goods",
    "bidOpeningDate": "28-Dec-2023 03:00 PM",
    "tenderValueAmount": "73,00,000",
    "tender": [
        {
            "id": "2023_AHVD_34327_1",
            "title": "Supply of Cryocans",
            "description": "Supply of Cryocans",
            "datePublished": "01-Dec-2023 04:00 PM",
            "contractType": "Supply",
            "procurementMethod": "Open Tender",
            "mainProcuremenCategory": "Goods",
            "value": [
                {
                    "amount": "73,00,000",
                    "currency": "INR"
                }
            ],
            "bidOpeing": [
                {
                    "date": "28-Dec-2023 03:00 PM"
                }
            ]
        }
    ]
}