{
    "ocid": "ocds-f5kvwu-2023_AEGCL_35078_1",
    "id": 1,
    "date": "2024-11-28",
    "fiscalYear": "2023-2024",
    "mainProcurementCategory": "Works",
    "bidOpeningDate": "22-Jan-2024 04:00 PM",
    "tenderValueAmount": "48,05,475",
    "tender": [
        {
            "id": "2023_AEGCL_35078_1",
            "title": "Construction of Peripheral Paver Block Road including remaining portion of Switchyard PCC at 132/33 KV AIIMS GSS, AEGCL",
            "description": "Construction of Peripheral Paver Block Road including remaining portion of Switchyard PCC at 132/33 KV AIIMS GSS, AEGCL",
            "datePublished": "30-Dec-2023 12:00 PM",
            "contractType": "Works",
            "procurementMethod": "Open Tender",
            "mainProcuremenCategory": "Works",
            "value": [
                {
                    "amount": "48,05,475",
                    "currency": "INR"
                }
            ],
            "bidOpeing": [
                {
                    "date": "22-Jan-2024 04:00 PM"
                }
            ]
        }
    ]
}