{
    "ocid": "ocds-f5kvwu-2023_BoTC_34151_1",
    "id": 1,
    "date": "2024-11-28",
    "fiscalYear": "2023-2024",
    "mainProcurementCategory": "Goods",
    "bidOpeningDate": "11-Dec-2023 10:00 AM",
    "tenderValueAmount": "1,50,00,000",
    "tender": [
        {
            "id": "2023_BoTC_34151_1",
            "title": "Supply of Inputs for Existing Ponds",
            "description": "Supply of Inputs for Existing Ponds",
            "datePublished": "23-Nov-2023 09:00 AM",
            "contractType": "Supply",
            "procurementMethod": "Open Tender",
            "mainProcuremenCategory": "Goods",
            "value": [
                {
                    "amount": "1,50,00,000",
                    "currency": "INR"
                }
            ],
            "bidOpeing": [
                {
                    "date": "11-Dec-2023 10:00 AM"
                }
            ]
        }
    ]
}