{
    "ocid": "ocds-f5kvwu-2023_AEGEF_30581_1",
    "id": 1,
    "date": "2024-11-28",
    "fiscalYear": "2023-2024",
    "mainProcurementCategory": "Works",
    "bidOpeningDate": "31-May-2023 03:00 PM",
    "tenderValueAmount": "15,90,82,243",
    "tender": [
        {
            "id": "2023_AEGEF_30581_1",
            "title": "Construction of Approach Road for 400/220/132Kv Substation at Sonapur including construction of CD works, RCC drain cum FP, RCC toe wall etc (Pkg-H1)",
            "description": "Construction of Approach Road for 400/220/132Kv Substation at Sonapur including construction of CD works, RCC drain cum FP, RCC toe wall etc (Pkg-H1)",
            "datePublished": "25-Apr-2023 09:00 AM",
            "contractType": "Works",
            "procurementMethod": "Open Tender",
            "mainProcuremenCategory": "Works",
            "value": [
                {
                    "amount": "15,90,82,243",
                    "currency": "INR"
                }
            ],
            "bidOpeing": [
                {
                    "date": "31-May-2023 03:00 PM"
                }
            ]
        }
    ]
}