{
    "ocid": "ocds-f5kvwu-2023_AAU_33822_1",
    "id": 1,
    "date": "2024-11-28",
    "fiscalYear": "2023-2024",
    "mainProcurementCategory": "Works",
    "bidOpeningDate": "14-Dec-2023 03:30 PM",
    "tenderValueAmount": "2,90,13,544",
    "tender": [
        {
            "id": "2023_AAU_33822_1",
            "title": "CONSTRUCTION OF CANTEEN CUM INDOOR STADIUM WITH GYMNASIUM HALL FOR COLLEGE OF HORTICULTURE AND FSR, AAU, DHARMAPUR,NALBARI.",
            "description": "CONSTRUCTION OF CANTEEN CUM INDOOR STADIUM WITH GYMNASIUM HALL FOR COLLEGE OF HORTICULTURE AND FSR, AAU, DHARMAPUR,NALBARI.",
            "datePublished": "09-Nov-2023 06:40 PM",
            "contractType": "Percentage",
            "procurementMethod": "Open Tender",
            "mainProcuremenCategory": "Works",
            "value": [
                {
                    "amount": "2,90,13,544",
                    "currency": "INR"
                }
            ],
            "bidOpeing": [
                {
                    "date": "14-Dec-2023 03:30 PM"
                }
            ]
        }
    ]
}