{
    "ocid": "ocds-f5kvwu-2023_AAU_34047_1",
    "id": 1,
    "date": "2024-11-28",
    "fiscalYear": "2023-2024",
    "mainProcurementCategory": "Works",
    "bidOpeningDate": "08-Dec-2023 04:30 PM",
    "tenderValueAmount": "2,52,23,584",
    "tender": [
        {
            "id": "2023_AAU_34047_1",
            "title": "CONSTRUCTION OF RCC GIRLS HOSTEL AT CVSc.,AAU,KHANAPARA",
            "description": "CONSTRUCTION OF RCC GIRLS HOSTEL AT CVSc.,AAU,KHANAPARA",
            "datePublished": "18-Nov-2023 04:00 PM",
            "contractType": "Percentage",
            "procurementMethod": "Open Tender",
            "mainProcuremenCategory": "Works",
            "value": [
                {
                    "amount": "2,52,23,584",
                    "currency": "INR"
                }
            ],
            "bidOpeing": [
                {
                    "date": "08-Dec-2023 04:30 PM"
                }
            ]
        }
    ]
}