{
    "ocid": "ocds-f5kvwu-2023_BoTC_34221_1",
    "id": 1,
    "date": "2024-11-28",
    "fiscalYear": "2023-2024",
    "mainProcurementCategory": "Works",
    "bidOpeningDate": "19-Dec-2023 02:30 PM",
    "tenderValueAmount": "41,92,893",
    "tender": [
        {
            "id": "2023_BoTC_34221_1",
            "title": "Const of road with EF and SG along with 2 Nos RCC Box culvert from Tikritola village to Sikaridanga Hadanguri village under SOPD for the year 2023-24",
            "description": "Const of road with EF and SG along with 2 Nos RCC Box culvert from Tikritola village to Sikaridanga Hadanguri village under SOPD for the year 2023-24",
            "datePublished": "27-Nov-2023 10:30 AM",
            "contractType": "Item Rate",
            "procurementMethod": "Open Tender",
            "mainProcuremenCategory": "Works",
            "value": [
                {
                    "amount": "41,92,893",
                    "currency": "INR"
                }
            ],
            "bidOpeing": [
                {
                    "date": "19-Dec-2023 02:30 PM"
                }
            ]
        }
    ]
}