{
    "ocid": "ocds-f5kvwu-2023_BoTC_34152_1",
    "id": 1,
    "date": "2024-11-28",
    "fiscalYear": "2023-2024",
    "mainProcurementCategory": "Works",
    "bidOpeningDate": "15-Dec-2023 02:00 PM",
    "tenderValueAmount": "32,90,000",
    "tender": [
        {
            "id": "2023_BoTC_34152_1",
            "title": "Construction of RCC slab culvert with SG at Kalakuchi near LP School",
            "description": "Construction of RCC slab culvert with SG at Kalakuchi near LP School",
            "datePublished": "23-Nov-2023 10:00 AM",
            "contractType": "Works",
            "procurementMethod": "Open Tender",
            "mainProcuremenCategory": "Works",
            "value": [
                {
                    "amount": "32,90,000",
                    "currency": "INR"
                }
            ],
            "bidOpeing": [
                {
                    "date": "15-Dec-2023 02:00 PM"
                }
            ]
        }
    ]
}