{
    "ocid": "ocds-f5kvwu-2023_BoTC_30994_8",
    "id": 1,
    "date": "2024-11-28",
    "fiscalYear": "2023-2024",
    "mainProcurementCategory": "Works",
    "bidOpeningDate": "19-Jun-2023 02:00 PM",
    "tenderValueAmount": "1,45,48,663",
    "tender": [
        {
            "id": "2023_BoTC_30994_8",
            "title": "Construction of Headworks and other apertenant structures at Pasmukhi Flow Irrigation Scheme under PMKSY-HKKP for the year 2021-22",
            "description": "Construction of Headworks and other apertenant structures at Pasmukhi Flow Irrigation Scheme under PMKSY-HKKP for the year 2021-22",
            "datePublished": "29-May-2023 03:00 PM",
            "contractType": "Works",
            "procurementMethod": "Open Tender",
            "mainProcuremenCategory": "Works",
            "value": [
                {
                    "amount": "1,45,48,663",
                    "currency": "INR"
                }
            ],
            "bidOpeing": [
                {
                    "date": "19-Jun-2023 02:00 PM"
                }
            ]
        }
    ]
}