{
    "ocid": "ocds-f5kvwu-2023_BTC_33703_1",
    "id": 1,
    "date": "2024-11-28",
    "fiscalYear": "2023-2024",
    "mainProcurementCategory": "Works",
    "bidOpeningDate": "29-Nov-2023 12:00 PM",
    "tenderValueAmount": "3,10,35,592",
    "tender": [
        {
            "id": "2023_BTC_33703_1",
            "title": "Construction of R.C.C. Bridge No. 1/1 on Duwamakha Tamulbari Road under CMs Goodwill Mission Project for the year 2023-24 of District Udalguri (38. Bhairabkunda (ST). (TN_26_141)",
            "description": "Construction of R.C.C. Bridge No. 1/1 on Duwamakha Tamulbari Road under CMs Goodwill Mission Project for the year 2023-24 of District Udalguri (38. Bhairabkunda (ST). (TN_26_141)",
            "datePublished": "08-Nov-2023 05:00 PM",
            "contractType": "Works",
            "procurementMethod": "Open Tender",
            "mainProcuremenCategory": "Works",
            "value": [
                {
                    "amount": "3,10,35,592",
                    "currency": "INR"
                }
            ],
            "bidOpeing": [
                {
                    "date": "29-Nov-2023 12:00 PM"
                }
            ]
        }
    ]
}