{
    "ocid": "ocds-f5kvwu-2023_AEGCL_35082_1",
    "id": 1,
    "date": "2024-11-28",
    "fiscalYear": "2023-2024",
    "mainProcurementCategory": "Works",
    "bidOpeningDate": "22-Jan-2024 04:00 PM",
    "tenderValueAmount": "69,77,793",
    "tender": [
        {
            "id": "2023_AEGCL_35082_1",
            "title": "Construction of Machinery cum Storage Yard at 220/132 KV EHV Sarusajai GSS, AEGCL",
            "description": "Construction of Machinery cum Storage Yard at 220/132 KV EHV Sarusajai GSS, AEGCL",
            "datePublished": "30-Dec-2023 12:00 PM",
            "contractType": "Works",
            "procurementMethod": "Open Tender",
            "mainProcuremenCategory": "Works",
            "value": [
                {
                    "amount": "69,77,793",
                    "currency": "INR"
                }
            ],
            "bidOpeing": [
                {
                    "date": "22-Jan-2024 04:00 PM"
                }
            ]
        }
    ]
}