{
    "ocid": "ocds-f5kvwu-2023_BoTC_34223_1",
    "id": 1,
    "date": "2024-11-28",
    "fiscalYear": "2023-2024",
    "mainProcurementCategory": "Works",
    "bidOpeningDate": "19-Dec-2023 02:30 PM",
    "tenderValueAmount": "79,21,568",
    "tender": [
        {
            "id": "2023_BoTC_34223_1",
            "title": "Const of CC Block road from Ranjan House to Esou house at Angrajuli village 1Km under 6th ASFC for th year 2020-21 during 2023-24.",
            "description": "Const of CC Block road from Ranjan House to Esou house at Angrajuli village 1Km under 6th ASFC for th year 2020-21 during 2023-24.",
            "datePublished": "27-Nov-2023 10:30 AM",
            "contractType": "Item Rate",
            "procurementMethod": "Open Tender",
            "mainProcuremenCategory": "Works",
            "value": [
                {
                    "amount": "79,21,568",
                    "currency": "INR"
                }
            ],
            "bidOpeing": [
                {
                    "date": "19-Dec-2023 02:30 PM"
                }
            ]
        }
    ]
}