{
    "ocid": "ocds-f5kvwu-2023_APGCL_32727_1",
    "id": 1,
    "date": "2024-11-28",
    "fiscalYear": "2023-2024",
    "mainProcurementCategory": "Works",
    "bidOpeningDate": "17-Oct-2023 03:00 PM",
    "tenderValueAmount": NaN,
    "tender": [
        {
            "id": "2023_APGCL_32727_1",
            "title": "EPC for Grouting at Dam Gallery of KLHEP",
            "description": "EPC for Grouting at Dam Gallery of KLHEP",
            "datePublished": "02-Oct-2023 09:00 AM",
            "contractType": "Tender cum Auction",
            "procurementMethod": "Open Tender",
            "mainProcuremenCategory": "Works",
            "value": [
                {
                    "amount": NaN,
                    "currency": "INR"
                }
            ],
            "bidOpeing": [
                {
                    "date": "17-Oct-2023 03:00 PM"
                }
            ]
        }
    ]
}