{
    "ocid": "ocds-f5kvwu-2023_AEGCL_35105_1",
    "id": 1,
    "date": "2024-11-28",
    "fiscalYear": "2023-2024",
    "mainProcurementCategory": "Services",
    "bidOpeningDate": "09-Jan-2024 02:00 PM",
    "tenderValueAmount": NaN,
    "tender": [
        {
            "id": "2023_AEGCL_35105_1",
            "title": "Development, Installation, Customization and Deployment of advance firewalls having next generation features in all offices and GSS with modernization of WAN interconnectivity of AEGCL",
            "description": "Development, Installation, Customization and Deployment of advance firewalls having next generation features in all offices and GSS with modernization of WAN interconnectivity of AEGCL",
            "datePublished": "30-Dec-2023 06:00 PM",
            "contractType": "Works",
            "procurementMethod": "Open Tender",
            "mainProcuremenCategory": "Services",
            "value": [
                {
                    "amount": NaN,
                    "currency": "INR"
                }
            ],
            "bidOpeing": [
                {
                    "date": "09-Jan-2024 02:00 PM"
                }
            ]
        }
    ]
}