{
    "ocid": "ocds-f5kvwu-2023_BoTC_32884_1",
    "id": 1,
    "date": "2024-11-28",
    "fiscalYear": "2023-2024",
    "mainProcurementCategory": "Goods",
    "bidOpeningDate": "01-Nov-2023 05:00 PM",
    "tenderValueAmount": NaN,
    "tender": [
        {
            "id": "2023_BoTC_32884_1",
            "title": "Supply of Exotic / Improved Cross-Bred PIGS (PIGLETS, BOARS AND READY TO BREED GILTS) in phased manner under the Bodoland Pig Mission",
            "description": "Supply of Exotic / Improved Cross-Bred PIGS (PIGLETS, BOARS AND READY TO BREED GILTS) in phased manner under the Bodoland Pig Mission",
            "datePublished": "10-Oct-2023 10:00 AM",
            "contractType": "Item Wise",
            "procurementMethod": "Open Tender",
            "mainProcuremenCategory": "Goods",
            "value": [
                {
                    "amount": NaN,
                    "currency": "INR"
                }
            ],
            "bidOpeing": [
                {
                    "date": "01-Nov-2023 05:00 PM"
                }
            ]
        }
    ]
}