{
    "ocid": "ocds-f5kvwu-2023_BoTC_30994_1",
    "id": 1,
    "date": "2024-11-28",
    "fiscalYear": "2023-2024",
    "mainProcurementCategory": "Works",
    "bidOpeningDate": "19-Jun-2023 02:00 PM",
    "tenderValueAmount": "1,28,84,716",
    "tender": [
        {
            "id": "2023_BoTC_30994_1",
            "title": "Construction of R.C.C. Canal (Ch. 0.00 m to Ch. 352.00 m) at Bhirangaon Flow Irrigation Scheme under PMKSY-HKKP for the year 2021-22",
            "description": "Construction of R.C.C. Canal (Ch. 0.00 m to Ch. 352.00 m) at Bhirangaon Flow Irrigation Scheme under PMKSY-HKKP for the year 2021-22",
            "datePublished": "27-May-2023 06:00 PM",
            "contractType": "Works",
            "procurementMethod": "Open Tender",
            "mainProcuremenCategory": "Works",
            "value": [
                {
                    "amount": "1,28,84,716",
                    "currency": "INR"
                }
            ],
            "bidOpeing": [
                {
                    "date": "19-Jun-2023 02:00 PM"
                }
            ]
        }
    ]
}