{
    "ocid": "ocds-f5kvwu-2023_ASPIR_32589_1",
    "id": 1,
    "date": "2024-11-28",
    "fiscalYear": "2023-2024",
    "mainProcurementCategory": "Services",
    "bidOpeningDate": "04-Nov-2023 02:30 PM",
    "tenderValueAmount": NaN,
    "tender": [
        {
            "id": "2023_ASPIR_32589_1",
            "title": "Provision of Primary Network",
            "description": "Provision of Primary Network",
            "datePublished": "19-Sep-2023 06:30 PM",
            "contractType": "Lump-sum",
            "procurementMethod": "Open Tender",
            "mainProcuremenCategory": "Services",
            "value": [
                {
                    "amount": NaN,
                    "currency": "INR"
                }
            ],
            "bidOpeing": [
                {
                    "date": "04-Nov-2023 02:30 PM"
                }
            ]
        }
    ]
}