{
    "ocid": "ocds-f5kvwu-2023_BoTC_34587_1",
    "id": 1,
    "date": "2024-11-28",
    "fiscalYear": "2023-2024",
    "mainProcurementCategory": "Works",
    "bidOpeningDate": "26-Dec-2023 01:30 PM",
    "tenderValueAmount": "49,99,164",
    "tender": [
        {
            "id": "2023_BoTC_34587_1",
            "title": "Construction of Gossaigaon College Auditorium under Untied Fund for the year 2022-23. 528_3",
            "description": "Construction of Gossaigaon College Auditorium under Untied Fund for the year 2022-23. 528_3",
            "datePublished": "11-Dec-2023 10:00 AM",
            "contractType": "Item Rate",
            "procurementMethod": "Open Tender",
            "mainProcuremenCategory": "Works",
            "value": [
                {
                    "amount": "49,99,164",
                    "currency": "INR"
                }
            ],
            "bidOpeing": [
                {
                    "date": "26-Dec-2023 01:30 PM"
                }
            ]
        }
    ]
}