{
    "ocid": "ocds-f5kvwu-2023_BoTC_32257_1",
    "id": 1,
    "date": "2024-11-28",
    "fiscalYear": "2023-2024",
    "mainProcurementCategory": "Goods",
    "bidOpeningDate": "12-Sep-2023 03:00 PM",
    "tenderValueAmount": "25,23,330",
    "tender": [
        {
            "id": "2023_BoTC_32257_1",
            "title": "Supply of Black Gram for Demonstration of Pulse Crop under Krishannati Yojana (TRFA)-Pulses, NFSM, BTC for the year 2023-24",
            "description": "Supply of Black Gram for Demonstration of Pulse Crop under Krishannati Yojana (TRFA)-Pulses, NFSM, BTC for the year 2023-24",
            "datePublished": "29-Aug-2023 10:00 AM",
            "contractType": "Supply",
            "procurementMethod": "Open Tender",
            "mainProcuremenCategory": "Goods",
            "value": [
                {
                    "amount": "25,23,330",
                    "currency": "INR"
                }
            ],
            "bidOpeing": [
                {
                    "date": "12-Sep-2023 03:00 PM"
                }
            ]
        }
    ]
}