{
    "ocid": "ocds-f5kvwu-2023_APGCL_31997_1",
    "id": 1,
    "date": "2024-11-28",
    "fiscalYear": "2023-2024",
    "mainProcurementCategory": "Services",
    "bidOpeningDate": "24-Aug-2023 04:00 PM",
    "tenderValueAmount": NaN,
    "tender": [
        {
            "id": "2023_APGCL_31997_1",
            "title": "Empanelment of Training Service Provider",
            "description": "Empanelment of Training Service Provider",
            "datePublished": "09-Aug-2023 10:00 AM",
            "contractType": "Lump-sum",
            "procurementMethod": "Open Tender",
            "mainProcuremenCategory": "Services",
            "value": [
                {
                    "amount": NaN,
                    "currency": "INR"
                }
            ],
            "bidOpeing": [
                {
                    "date": "24-Aug-2023 04:00 PM"
                }
            ]
        }
    ]
}