{
    "ocid": "ocds-f5kvwu-2023_BoTC_31464_1",
    "id": 1,
    "date": "2024-11-28",
    "fiscalYear": "2023-2024",
    "mainProcurementCategory": "Goods",
    "bidOpeningDate": "17-Jul-2023 03:00 PM",
    "tenderValueAmount": "39,69,000",
    "tender": [
        {
            "id": "2023_BoTC_31464_1",
            "title": "Supply of Cocoa Seedling (Planting Material) against the scheme Cultivation of Cocoa under Horticulture and Vegetable Crops, SOPD for the year 2023-24.",
            "description": "Supply of Cocoa Seedling (Planting Material) against the scheme Cultivation of Cocoa under Horticulture and Vegetable Crops, SOPD for the year 2023-24.",
            "datePublished": "03-Jul-2023 10:00 AM",
            "contractType": "Supply",
            "procurementMethod": "Open Tender",
            "mainProcuremenCategory": "Goods",
            "value": [
                {
                    "amount": "39,69,000",
                    "currency": "INR"
                }
            ],
            "bidOpeing": [
                {
                    "date": "17-Jul-2023 03:00 PM"
                }
            ]
        }
    ]
}